0,0,0,0,0,0,0,0,0,0,0,0,0,0,0,0,0,0,0,0,0,0,0,0,0,0,0,0,0,0,0,0,0,0,0,0,0,0,100,0,1,1,100,0,2,2,100,0,-100,-100,0,0,500,5,0,0,0,0,0,0,0,0,0,0,0,0,0,0,0,0,0,0,0,0,0,0,0,0,0,0,0,0,0,0,0,0,0,0,0,0,0,50,50,1,1,100,0,2,2,100,0,-100,-100,0,0,500
1,0,0,0,0,0,0,0,0,0,0,0,0,0,0,0,0,0,0,0,0,0,0,0,0,0,0,0,0,0,0,0,0,0,0,0,0,0,100,0,-1,-1,50,50,1,1,100,0,2,2,100,0,499,5,0,0,0,0,0,0,0,0,0,0,0,0,0,0,0,0,0,0,0,0,0,0,0,0,0,0,0,0,0,0,0,0,0,0,0,0,0,50,50,-1,-1,50,50,1,1,100,0,2,2,100,0,499
2,0,0,0,0,0,0,0,0,0,0,0,0,0,0,0,0,0,0,0,0,0,0,0,0,0,0,0,0,0,0,0,0,0,0,0,0,0,100,0,-2,-2,50,50,-1,-1,50,50,1,1,100,0,498,6,0,0,0,0,0,0,0,0,0,0,10,0,0,0,0,0,10,10,10,0,0,0,0,0,10,0,0,0,0,0,0,0,0,0,0,0,0,80,0,-2,-2,50,50,-1,-1,50,50,1,1,100,0,498
3,0,0,10,0,0,0,0,0,10,10,10,0,0,0,0,0,10,0,0,0,0,0,0,0,0,0,0,0,0,0,0,0,0,0,0,0,0,100,0,-100,-100,0,50,-2,-2,50,50,-1,-1,80,0,497,3,0,0,0,10,0,0,0,0,0,10,10,10,0,0,0,0,0,10,0,0,0,0,0,0,0,0,0,0,0,0,0,0,0,0,0,0,0,99,0,-100,-100,0,50,-1,-2,50,50,0,-1,80,0,497
0,0,0,0,0,0,0,0,0,0,0,0,0,0,0,0,0,0,0,0,0,0,0,0,0,0,0,10,0,0,0,0,0,10,10,10,0,0,50,50,1,1,50,50,2,2,80,0,-100,-100,0,0,496,5,0,0,0,0,0,0,0,0,0,0,0,0,0,0,0,0,0,0,0,0,0,0,0,0,0,0,10,0,0,0,0,0,10,10,10,0,0,25,75,1,1,50,50,2,2,80,0,-100,-100,0,0,496
1,0,0,0,0,0,0,0,0,0,0,0,0,0,0,0,0,0,0,10,0,0,0,0,0,10,10,10,0,0,0,0,0,10,0,0,0,0,50,50,-1,-1,25,75,1,1,80,0,1,2,99,0,495,5,0,0,0,0,0,0,0,0,0,0,0,0,0,0,0,0,0,0,10,0,0,0,0,0,10,10,10,0,0,0,0,0,10,0,0,0,0,25,75,-1,-1,25,75,1,1,80,0,1,2,99,0,495
2,0,0,0,0,0,0,0,0,0,0,10,0,0,0,0,0,10,10,10,0,0,0,0,0,10,0,0,0,0,0,0,0,0,0,0,0,0,80,0,-2,-2,25,75,-1,-1,25,75,0,1,99,0,494,3,0,0,0,0,0,0,0,0,0,0,0,10,0,0,0,0,0,10,10,10,0,0,0,0,0,10,0,0,0,0,0,0,0,0,0,0,0,79,0,-1,-2,25,75,0,-1,25,75,1,1,99,0,494
3,0,0,0,10,0,0,0,0,0,10,10,10,0,0,0,0,0,10,0,0,0,0,0,0,0,0,0,0,0,0,0,0,0,0,0,0,0,99,0,-100,-100,0,75,-1,-2,25,75,-1,-1,79,0,493,3,0,0,0,0,10,0,0,0,0,0,10,10,10,0,0,0,0,0,10,0,0,0,0,0,0,0,0,0,0,0,0,0,0,0,0,0,0,98,0,-100,-100,0,75,0,-2,25,75,0,-1,79,0,493
0,0,0,0,0,0,0,0,0,0,0,0,0,0,0,0,0,0,0,0,0,0,0,0,0,0,0,10,0,0,0,0,0,10,10,10,0,0,25,75,1,1,25,75,1,2,79,0,-100,-100,0,0,492,6,0,0,0,0,0,0,0,0,0,0,10,0,0,0,0,0,10,10,10,0,0,0,0,0,10,0,10,0,0,0,0,0,10,10,10,0,0,5,75,1,1,25,75,1,2,79,0,-100,-100,0,0,492
1,0,0,10,0,0,0,0,0,10,10,10,0,0,0,0,0,10,0,10,0,0,0,0,0,10,10,10,0,0,0,0,0,10,0,0,0,0,25,75,-1,-1,5,75,0,1,79,0,0,2,98,0,491,1,0,0,0,0,0,0,0,0,0,10,0,0,0,0,0,10,10,10,0,0,0,0,0,10,0,10,0,0,0,0,0,10,10,10,0,0,0,24,75,-1,0,5,75,0,2,79,0,-100,-100,0,0,491
2,0,10,10,10,0,0,0,0,0,10,0,10,0,0,0,0,0,10,10,10,0,0,0,0,0,10,0,0,0,0,0,0,0,0,0,0,0,79,0,-1,-2,5,75,0,-2,24,75,0,1,98,0,490,2,10,10,10,0,0,0,0,0,10,0,10,0,0,0,0,0,10,10,10,0,0,0,0,0,10,0,0,0,0,0,0,0,0,0,0,0,0,78,0,-2,-2,5,75,-1,-2,24,75,-1,1,98,0,490
3,0,0,10,0,10,0,0,0,0,0,10,10,10,0,0,0,0,0,10,0,0,0,0,0,0,0,0,0,0,0,0,0,0,0,0,0,0,98,0,-100,-100,0,75,-100,-100,0,75,1,-1,78,0,489,5,0,0,10,0,10,0,0,0,0,0,10,10,10,0,0,0,0,0,10,0,0,0,0,0,0,0,0,0,0,0,0,0,0,0,0,0,0,49,49,-100,-100,0,75,-100,-100,0,75,1,-1,78,0,489
0,0,0,0,0,0,0,0,0,0,0,10,0,0,0,0,0,10,10,10,0,0,0,0,0,10,0,10,0,0,0,0,0,10,10,10,0,0,5,75,1,0,24,75,2,2,78,0,-100,-100,0,49,488,5,0,0,0,0,0,0,0,0,0,0,10,0,0,0,0,0,10,10,10,0,0,0,0,0,10,0,10,0,0,0,0,0,10,10,10,0,0,3,77,1,0,24,75,2,2,78,0,-100,-100,0,49,488
1,0,0,0,0,0,0,0,0,0,10,0,0,0,0,0,10,10,10,0,0,0,0,0,10,0,10,0,0,0,0,0,10,10,10,0,0,0,24,75,-1,0,3,77,1,2,78,0,-100,-100,0,49,487,6,0,0,0,0,0,0,0,0,0,10,10,0,0,0,0,10,20,20,10,0,0,0,0,10,10,10,0,0,0,0,0,10,10,10,0,0,0,4,75,-1,0,3,77,1,2,78,0,-100,-100,0,49,487
2,10,20,20,10,0,0,0,0,10,10,10,0,0,0,0,0,10,10,10,0,0,0,0,0,10,0,0,0,0,0,0,0,0,0,0,0,0,78,0,-2,-2,3,77,-1,-2,4,75,-1,1,49,49,486,6,10,20,20,10,0,0,0,0,10,10,20,0,0,0,0,0,20,20,20,0,0,0,0,0,20,0,0,0,0,0,0,0,0,0,0,0,0,58,0,-2,-2,3,77,-1,-2,4,75,-1,1,49,49,486
3,0,0,10,10,20,0,0,0,0,0,20,20,20,0,0,0,0,0,20,0,0,0,0,0,0,0,0,0,0,0,0,0,0,0,0,0,0,49,49,-100,-100,0,77,-100,-100,0,75,1,-1,58,0,485,6,0,0,10,10,20,0,0,0,0,0,30,20,20,0,0,0,10,10,30,0,0,0,0,0,10,0,0,0,0,0,0,0,0,0,0,0,0,29,49,-100,-100,0,77,-100,-100,0,75,1,-1,58,0,485
0,0,0,0,0,0,0,0,0,0,0,10,10,0,0,0,0,10,20,20,10,0,0,0,0,10,10,20,0,0,0,0,0,30,20,20,0,0,3,77,1,0,4,75,2,2,58,0,-100,-100,0,49,484,4,0,0,0,0,0,0,0,0,0,0,10,10,0,0,0,0,10,0,20,10,0,0,0,0,10,10,20,0,0,0,0,0,30,20,20,0,0,23,77,1,0,4,75,2,2,58,0,-100,-100,0,49,484
1,0,0,0,0,0,0,0,0,0,10,10,0,0,0,0,10,0,20,10,0,0,0,0,10,10,20,0,0,0,0,0,30,20,20,0,0,0,4,75,-1,0,23,77,1,2,58,0,-100,-100,0,49,483,3,0,0,0,0,0,0,0,0,0,0,10,10,0,0,0,0,10,0,20,10,0,0,0,0,10,10,20,0,0,0,0,0,30,20,20,0,0,3,75,0,0,23,77,2,2,58,0,-100,-100,0,49,483
2,10,0,20,10,0,0,0,0,10,10,20,0,0,0,0,0,30,20,20,0,0,0,10,10,30,0,0,0,0,0,10,0,0,0,0,0,0,58,0,-2,-2,23,77,-2,-2,3,75,-1,1,29,49,482,6,10,0,20,10,0,0,0,0,10,10,30,0,0,0,0,0,40,30,30,0,0,0,10,10,40,0,0,0,0,0,10,0,0,0,0,0,0,38,0,-2,-2,23,77,-2,-2,3,75,-1,1,29,49,482
3,0,0,10,10,30,0,0,0,0,0,40,30,30,0,0,0,10,10,40,0,0,0,0,0,10,0,0,0,0,0,0,0,0,0,0,0,0,29,49,-100,-100,0,77,-100,-100,0,75,1,-1,38,0,481,5,0,0,10,10,30,0,0,0,0,0,40,30,30,0,0,0,10,10,40,0,0,0,0,0,10,0,0,0,0,0,0,0,0,0,0,0,0,15,63,-100,-100,0,77,-100,-100,0,75,1,-1,38,0,481
0,0,0,0,0,0,0,0,0,0,0,10,10,0,0,0,0,10,0,20,10,0,0,0,0,10,10,30,0,0,0,0,0,40,30,30,0,0,23,77,0,0,3,75,2,2,38,0,-100,-100,0,63,480,10,0,0,0,0,0,0,0,0,0,0,10,10,0,0,0,0,10,0,20,10,0,0,0,0,10,10,30,0,0,0,0,0,40,30,30,0,0,13,77,0,0,13,75,2,2,38,0,-100,-100,0,63,480
1,0,0,0,0,0,0,0,0,0,0,10,10,0,0,0,0,10,0,20,10,0,0,0,0,10,10,30,0,0,0,0,0,40,30,30,0,0,13,75,0,0,13,77,2,2,38,0,-100,-100,0,63,479,1,0,0,0,0,0,0,0,0,0,0,0,0,0,0,0,0,0,10,10,0,0,0,0,10,0,20,10,0,0,0,0,10,10,30,0,0,0,12,75,0,1,13,77,-100,-100,0,0,-100,-100,0,63,479
2,10,0,20,10,0,0,0,0,10,10,30,0,0,0,0,0,40,30,30,0,0,0,10,10,40,0,0,0,0,0,10,0,0,0,0,0,0,38,0,-2,-2,13,77,-100,-100,0,75,-1,1,15,63,478,0,0,10,10,30,0,0,0,0,0,40,30,30,0,0,0,10,10,40,0,0,0,0,0,10,0,0,0,0,0,0,0,0,0,0,0,0,0,37,0,-100,-100,0,77,-100,-100,0,75,-1,0,15,63,478
3,0,0,10,10,30,0,0,0,0,0,40,30,30,0,0,0,10,10,40,0,0,0,0,0,10,0,0,0,0,0,0,0,0,0,0,0,0,15,63,-100,-100,0,77,-100,-100,0,75,1,0,37,0,477,5,0,0,10,10,30,0,0,0,0,0,40,30,30,0,0,0,10,10,40,0,0,0,0,0,10,0,0,0,0,0,0,0,0,0,0,0,0,8,70,-100,-100,0,77,-100,-100,0,75,1,0,37,0,477
0,0,0,0,0,0,0,0,0,0,0,10,10,0,0,0,0,10,0,20,10,0,0,0,0,10,10,30,0,0,0,0,0,40,30,30,0,0,13,77,0,-1,12,75,-100,-100,0,0,-100,-100,0,70,476,5,0,0,0,0,0,0,0,0,0,0,10,10,0,0,0,0,10,0,20,10,0,0,0,0,10,10,30,0,0,0,0,0,40,30,30,0,0,7,83,0,-1,12,75,-100,-100,0,0,-100,-100,0,70,476
1,0,0,0,0,0,0,0,0,0,0,0,0,0,0,0,0,0,10,10,0,0,0,0,10,0,20,10,0,0,0,0,10,10,30,0,0,0,12,75,0,1,7,83,-100,-100,0,0,-100,-100,0,70,475,5,0,0,0,0,0,0,0,0,0,0,0,0,0,0,0,0,0,10,10,0,0,0,0,10,0,20,10,0,0,0,0,10,10,30,0,0,0,6,81,0,1,7,83,-100,-100,0,0,-100,-100,0,70,475
2,0,10,10,30,0,0,0,0,0,40,30,30,0,0,0,10,10,40,0,0,0,0,0,10,0,0,0,0,0,0,0,0,0,0,0,0,0,37,0,-100,-100,0,83,-100,-100,0,81,-1,0,8,70,474,1,10,0,20,10,0,0,0,0,10,10,30,0,0,0,0,0,40,30,30,0,0,0,10,10,40,0,0,0,0,0,10,0,0,0,0,0,0,36,0,-2,-2,7,83,-100,-100,0,81,-1,1,8,70,474
3,0,0,10,10,30,0,0,0,0,0,40,30,30,0,0,0,10,10,40,0,0,0,0,0,10,0,0,0,0,0,0,0,0,0,0,0,0,8,70,-100,-100,0,83,-100,-100,0,81,1,-1,36,0,473,5,0,0,10,10,30,0,0,0,0,0,40,30,30,0,0,0,10,10,40,0,0,0,0,0,10,0,0,0,0,0,0,0,0,0,0,0,0,4,74,-100,-100,0,83,-100,-100,0,81,1,-1,36,0,473
0,0,0,0,0,0,0,0,0,0,0,10,10,0,0,0,0,10,0,20,10,0,0,0,0,10,10,30,0,0,0,0,0,40,30,30,0,0,7,83,0,-1,6,81,2,2,36,0,-100,-100,0,74,472,1,0,0,0,0,0,0,0,0,0,0,0,0,0,0,0,0,0,10,10,0,0,0,0,10,0,20,10,0,0,0,0,10,10,30,0,0,0,6,83,0,0,6,81,-100,-100,0,0,-100,-100,0,74,472
1,0,0,0,0,0,0,0,0,0,0,0,0,0,0,0,0,0,10,10,0,0,0,0,10,0,20,10,0,0,0,0,10,10,30,0,0,0,6,81,0,0,6,83,-100,-100,0,0,-100,-100,0,74,471,8,0,0,0,0,0,0,0,0,0,0,0,0,0,0,0,0,0,10,10,0,0,0,0,10,0,20,10,0,0,0,0,10,10,30,0,0,0,0,81,0,0,6,86,-100,-100,0,0,-100,-100,0,74,471
2,10,0,20,10,0,0,0,0,10,10,30,0,0,0,0,0,40,30,30,0,0,0,10,10,40,0,0,0,0,0,10,0,0,0,0,0,0,36,0,-100,-100,0,86,-100,-100,0,81,-1,1,4,74,470,6,10,0,20,10,0,0,0,0,10,10,40,0,0,0,0,0,50,40,40,0,0,0,10,10,50,0,0,0,0,0,10,0,0,0,0,0,0,16,0,-100,-100,0,86,-100,-100,0,81,-1,1,4,74,470
3,0,0,10,10,40,0,0,0,0,0,50,40,40,0,0,0,10,10,50,0,0,0,0,0,10,0,0,0,0,0,0,0,0,0,0,0,0,4,74,-100,-100,0,86,-100,-100,0,81,1,-1,16,0,469,2,0,10,10,40,0,0,0,0,0,50,40,40,0,0,0,10,10,50,0,0,0,0,0,10,0,0,0,0,0,0,0,0,0,0,0,0,0,3,74,-100,-100,0,86,-100,-100,0,81,0,-1,16,0,469
0,0,0,0,0,0,0,0,0,0,0,0,0,0,0,0,0,0,10,10,0,0,0,0,10,0,20,10,0,0,0,0,10,10,40,0,0,0,6,86,0,0,0,81,-100,-100,0,0,-100,-100,0,74,468,1,0,0,0,0,0,0,0,0,0,0,0,0,0,0,0,0,0,0,0,0,0,0,0,0,10,10,0,0,0,0,10,0,20,10,0,0,0,5,86,0,1,0,81,-100,-100,0,0,-100,-100,0,74,468
2,10,0,20,10,0,0,0,0,10,10,40,0,0,0,0,0,50,40,40,0,0,0,10,10,50,0,0,0,0,0,10,0,0,0,0,0,0,16,0,-100,-100,0,86,-100,-100,0,81,0,1,3,74,467,1,0,10,10,0,0,0,0,10,0,20,10,0,0,0,0,10,10,40,0,0,0,0,0,50,40,40,0,0,0,10,10,50,0,0,0,0,0,15,0,-100,-100,0,86,-2,-2,0,81,0,2,3,74,467
3,0,10,10,40,0,0,0,0,0,50,40,40,0,0,0,10,10,50,0,0,0,0,0,10,0,0,0,0,0,0,0,0,0,0,0,0,0,3,74,-100,-100,0,86,-100,-100,0,81,0,-2,15,0,466,1,10,0,20,10,0,0,0,0,10,10,40,0,0,0,0,0,50,40,40,0,0,0,10,10,50,0,0,0,0,0,10,0,0,0,0,0,0,2,74,-100,-100,0,86,-100,-100,0,81,0,-1,15,0,466
0,0,0,0,0,0,0,0,0,0,0,0,0,0,0,0,0,0,0,0,0,0,0,0,0,10,10,0,0,0,0,10,0,20,10,0,0,0,5,86,0,1,0,81,-100,-100,0,0,-100,-100,0,74,465,2,0,0,0,0,0,0,0,0,0,0,0,0,0,0,0,0,0,0,0,0,0,0,0,10,10,0,0,0,0,10,0,20,10,0,0,0,0,4,86,-1,1,0,81,-100,-100,0,0,-100,-100,0,74,465
2,0,10,10,0,0,0,0,10,0,20,10,0,0,0,0,10,10,40,0,0,0,0,0,50,40,40,0,0,0,10,10,50,0,0,0,0,0,15,0,-100,-100,0,86,-2,-2,0,81,0,1,2,74,464,0,10,0,20,10,0,0,0,0,10,10,40,0,0,0,0,0,50,40,40,0,0,0,10,10,50,0,0,0,0,0,10,0,0,0,0,0,0,14,0,-100,-100,0,86,-100,-100,0,81,0,0,2,74,464
3,10,0,20,10,0,0,0,0,10,10,40,0,0,0,0,0,50,40,40,0,0,0,10,10,50,0,0,0,0,0,10,0,0,0,0,0,0,2,74,-100,-100,0,86,-100,-100,0,81,0,0,14,0,463,2,0,20,10,0,0,0,0,10,10,40,0,0,0,0,0,50,40,40,0,0,0,10,10,50,0,0,0,0,0,10,0,0,0,0,0,0,0,1,74,-100,-100,0,86,-100,-100,0,81,-1,0,14,0,463
0,0,0,0,0,0,0,0,0,0,0,0,0,0,0,0,0,0,0,0,0,0,0,0,10,10,0,0,0,0,10,0,20,10,0,0,0,0,4,86,-1,1,0,81,-100,-100,0,0,-100,-100,0,74,462,0,0,0,0,0,0,0,0,0,0,0,0,0,0,0,0,0,10,10,0,0,0,0,10,0,20,10,0,0,0,0,10,10,40,0,0,0,0,3,86,-1,0,0,81,-100,-100,0,0,-100,-100,0,74,462
2,10,0,20,10,0,0,0,0,10,10,40,0,0,0,0,0,50,40,40,0,0,0,10,10,50,0,0,0,0,0,10,0,0,0,0,0,0,14,0,-100,-100,0,86,-100,-100,0,81,1,0,1,74,461,5,10,0,20,10,0,0,0,0,10,10,40,0,0,0,0,0,50,40,40,0,0,0,10,10,50,0,0,0,0,0,10,0,0,0,0,0,0,7,7,-100,-100,0,86,-100,-100,0,81,1,0,1,74,461
3,0,20,10,0,0,0,0,10,10,40,0,0,0,0,0,50,40,40,0,0,0,10,10,50,0,0,0,0,0,10,0,0,0,0,0,0,0,1,74,-100,-100,0,86,-100,-100,0,81,-1,0,7,7,460,3,10,0,20,10,0,0,0,0,10,10,40,0,0,0,0,0,50,40,40,0,0,0,10,10,50,0,0,0,0,0,10,0,0,0,0,0,0,0,74,-100,-100,0,86,-100,-100,0,81,0,0,7,7,460
0,0,0,0,0,0,0,0,0,0,0,0,0,0,0,0,0,10,10,0,0,0,0,10,0,20,10,0,0,0,0,10,10,40,0,0,0,0,3,86,-1,0,0,81,-100,-100,0,7,-100,-100,0,74,459,4,0,0,0,0,0,0,0,0,0,0,0,0,0,0,0,0,10,0,0,0,0,0,10,0,20,10,0,0,0,0,10,10,40,0,0,0,0,13,86,-1,0,0,81,-100,-100,0,7,-100,-100,0,74,459
2,10,0,20,10,0,0,0,0,10,10,40,0,0,0,0,0,50,40,40,0,0,0,10,10,50,0,0,0,0,0,10,0,0,0,0,0,0,7,7,-100,-100,0,86,-100,-100,0,81,0,0,0,74,458,0,0,10,10,40,0,0,0,0,0,50,40,40,0,0,0,10,10,50,0,0,0,0,0,10,0,0,0,0,0,0,0,0,0,0,0,0,0,6,7,-100,-100,0,86,-100,-100,0,81,0,-1,0,74,458
0,0,0,0,0,0,0,0,0,0,0,0,0,0,0,0,0,10,0,0,0,0,0,10,0,20,10,0,0,0,0,10,10,40,0,0,0,0,13,86,-1,0,0,81,-100,-100,0,7,-100,-100,0,74,457,0,0,0,0,0,0,0,0,0,0,10,0,0,0,0,0,10,0,20,10,0,0,0,0,10,10,40,0,0,0,0,0,50,40,40,0,0,0,12,86,-1,-1,0,81,-100,-100,0,7,1,2,0,74,457
2,0,10,10,40,0,0,0,0,0,50,40,40,0,0,0,10,10,50,0,0,0,0,0,10,0,0,0,0,0,0,0,0,0,0,0,0,0,6,7,-100,-100,0,86,-100,-100,0,81,0,-1,0,74,456,0,0,0,50,40,40,0,0,0,10,10,50,0,0,0,0,0,10,0,0,0,0,0,0,0,0,0,0,0,0,0,0,0,0,0,0,0,0,5,7,-100,-100,0,86,-100,-100,0,81,0,-2,0,74,456
0,0,0,0,0,0,0,0,0,0,10,0,0,0,0,0,10,0,20,10,0,0,0,0,10,10,40,0,0,0,0,0,50,40,40,0,0,0,12,86,-1,-1,0,81,-100,-100,0,7,1,2,0,74,455,5,0,0,0,0,0,0,0,0,0,10,0,0,0,0,0,10,0,20,10,0,0,0,0,10,10,40,0,0,0,0,0,50,40,40,0,0,0,6,92,-1,-1,0,81,-100,-100,0,7,1,2,0,74,455
2,0,0,50,40,40,0,0,0,10,10,50,0,0,0,0,0,10,0,0,0,0,0,0,0,0,0,0,0,0,0,0,0,0,0,0,0,0,5,7,-100,-100,0,92,-100,-100,0,81,0,-2,0,74,454,3,0,0,0,50,40,40,0,0,0,10,10,50,0,0,0,0,0,10,0,0,0,0,0,0,0,0,0,0,0,0,0,0,0,0,0,0,0,4,7,-100,-100,0,92,-100,-100,0,81,1,-2,0,74,454
0,0,0,0,0,0,0,0,0,0,10,0,0,0,0,0,10,0,20,10,0,0,0,0,10,10,40,0,0,0,0,0,50,40,40,0,0,0,6,92,-1,-1,0,81,-100,-100,0,7,1,2,0,74,453,2,0,0,0,0,0,0,0,0,10,0,0,0,0,0,10,0,20,10,0,0,0,0,10,10,40,0,0,0,0,0,50,40,40,0,0,0,0,5,92,-2,-1,0,81,-100,-100,0,7,0,2,0,74,453
2,0,0,0,50,40,40,0,0,0,10,10,50,0,0,0,0,0,10,0,0,0,0,0,0,0,0,0,0,0,0,0,0,0,0,0,0,0,4,7,-100,-100,0,92,-100,-100,0,81,1,-2,0,74,452,1,0,0,10,10,40,0,0,0,0,0,50,40,40,0,0,0,10,10,50,0,0,0,0,0,10,0,0,0,0,0,0,0,0,0,0,0,0,3,7,-100,-100,0,92,-100,-100,0,81,1,-1,0,74,452
0,0,0,0,0,0,0,0,0,10,0,0,0,0,0,10,0,20,10,0,0,0,0,10,10,40,0,0,0,0,0,50,40,40,0,0,0,0,5,92,-2,-1,0,81,-100,-100,0,7,0,2,0,74,451,3,0,0,0,0,0,0,0,0,0,10,0,0,0,0,0,10,0,20,10,0,0,0,0,10,10,40,0,0,0,0,0,50,40,40,0,0,0,4,92,-1,-1,0,81,-100,-100,0,7,1,2,0,74,451
2,0,0,10,10,40,0,0,0,0,0,50,40,40,0,0,0,10,10,50,0,0,0,0,0,10,0,0,0,0,0,0,0,0,0,0,0,0,3,7,-100,-100,0,92,-100,-100,0,81,1,-1,0,74,450,1,0,10,0,20,10,0,0,0,0,10,10,40,0,0,0,0,0,50,40,40,0,0,0,10,10,50,0,0,0,0,0,10,0,0,0,0,0,2,7,0,-2,4,92,-100,-100,0,81,1,0,0,74,450
0,0,0,0,0,0,0,0,0,0,10,0,0,0,0,0,10,0,20,10,0,0,0,0,10,10,40,0,0,0,0,0,50,40,40,0,0,0,4,92,-1,-1,0,81,0,2,2,7,1,2,0,74,449,0,0,0,10,0,0,0,0,0,10,0,20,10,0,0,0,0,10,10,40,0,0,0,0,0,50,40,40,0,0,0,10,10,50,0,0,0,0,3,92,-1,-2,0,81,0,1,2,7,1,1,0,74,449
2,0,10,0,20,10,0,0,0,0,10,10,40,0,0,0,0,0,50,40,40,0,0,0,10,10,50,0,0,0,0,0,10,0,0,0,0,0,2,7,0,-1,3,92,-100,-100,0,81,1,0,0,74,448,3,0,0,10,0,20,10,0,0,0,0,10,10,40,0,0,0,0,0,50,40,40,0,0,0,10,10,50,0,0,0,0,0,10,0,0,0,0,1,7,1,-1,3,92,-100,-100,0,81,2,0,0,74,448
0,0,0,10,0,0,0,0,0,10,0,20,10,0,0,0,0,10,10,40,0,0,0,0,0,50,40,40,0,0,0,10,10,50,0,0,0,0,3,92,-1,-2,0,81,-1,1,1,7,1,1,0,74,447,1,0,0,0,0,0,0,0,0,0,10,0,0,0,0,0,10,0,20,10,0,0,0,0,10,10,40,0,0,0,0,0,50,40,40,0,0,0,2,92,-1,-1,0,81,-1,2,1,7,1,2,0,74,447
2,0,0,10,0,20,10,0,0,0,0,10,10,40,0,0,0,0,0,50,40,40,0,0,0,10,10,50,0,0,0,0,0,10,0,0,0,0,1,7,1,-2,2,92,-100,-100,0,81,2,0,0,74,446,2,0,10,0,20,10,0,0,0,0,10,10,40,0,0,0,0,0,50,40,40,0,0,0,10,10,50,0,0,0,0,0,10,0,0,0,0,0,0,7,0,-2,2,92,-100,-100,0,81,1,0,0,74,446
0,0,0,0,0,0,0,0,0,0,10,0,0,0,0,0,10,0,20,10,0,0,0,0,10,10,40,0,0,0,0,0,50,40,40,0,0,0,2,92,-1,-1,0,81,0,2,0,7,1,2,0,74,445,0,0,0,10,0,0,0,0,0,10,0,20,10,0,0,0,0,10,10,40,0,0,0,0,0,50,40,40,0,0,0,10,10,50,0,0,0,0,1,92,-1,-2,0,81,0,1,0,7,1,1,0,74,445
0,0,0,10,0,0,0,0,0,10,0,20,10,0,0,0,0,10,10,40,0,0,0,0,0,50,40,40,0,0,0,10,10,50,0,0,0,0,1,92,-1,-2,0,81,0,1,0,7,1,1,0,74,444,4,0,0,10,0,0,0,0,0,10,0,20,10,0,0,0,0,10,0,40,0,0,0,0,0,50,40,40,0,0,0,10,10,50,0,0,0,0,11,92,-1,-2,0,81,0,1,0,7,1,1,0,74,444
0,0,0,10,0,0,0,0,0,10,0,20,10,0,0,0,0,10,0,40,0,0,0,0,0,50,40,40,0,0,0,10,10,50,0,0,0,0,11,92,-1,-2,0,81,0,1,0,7,1,1,0,74,443,1,0,0,0,0,0,0,0,0,0,10,0,0,0,0,0,10,0,20,10,0,0,0,0,10,0,40,0,0,0,0,0,50,40,40,0,0,0,10,92,-1,-1,0,81,0,2,0,7,1,2,0,74,443
0,0,0,0,0,0,0,0,0,0,10,0,0,0,0,0,10,0,20,10,0,0,0,0,10,0,40,0,0,0,0,0,50,40,40,0,0,0,10,92,-1,-1,0,81,0,2,0,7,1,2,0,74,442,5,0,0,0,0,0,0,0,0,0,10,0,0,0,0,0,10,0,20,10,0,0,0,0,10,0,40,0,0,0,0,0,50,40,40,0,0,0,5,97,-1,-1,0,81,0,2,0,7,1,2,0,74,442
0,0,0,0,0,0,0,0,0,0,10,0,0,0,0,0,10,0,20,10,0,0,0,0,10,0,40,0,0,0,0,0,50,40,40,0,0,0,5,97,-1,-1,0,81,0,2,0,7,1,2,0,74,441,1,0,0,0,0,0,0,0,0,0,0,0,0,0,0,0,0,10,0,0,0,0,0,10,0,20,10,0,0,0,0,10,0,40,0,0,0,0,4,97,-1,0,0,81,-100,-100,0,7,-100,-100,0,74,441
0,0,0,0,0,0,0,0,0,0,0,0,0,0,0,0,0,10,0,0,0,0,0,10,0,20,10,0,0,0,0,10,0,40,0,0,0,0,4,97,-1,0,0,81,-100,-100,0,7,-100,-100,0,74,440,0,0,0,0,0,0,0,0,0,0,10,0,0,0,0,0,10,0,20,10,0,0,0,0,10,0,40,0,0,0,0,0,50,40,40,0,0,0,3,97,-1,-1,0,81,0,2,0,7,1,2,0,74,440
0,0,0,0,0,0,0,0,0,0,10,0,0,0,0,0,10,0,20,10,0,0,0,0,10,0,40,0,0,0,0,0,50,40,40,0,0,0,3,97,-1,-1,0,81,0,2,0,7,1,2,0,74,439,0,0,0,10,0,0,0,0,0,10,0,20,10,0,0,0,0,10,0,40,0,0,0,0,0,50,40,40,0,0,0,10,10,50,0,0,0,0,2,97,-1,-2,0,81,0,1,0,7,1,1,0,74,439
0,0,0,10,0,0,0,0,0,10,0,20,10,0,0,0,0,10,0,40,0,0,0,0,0,50,40,40,0,0,0,10,10,50,0,0,0,0,2,97,-1,-2,0,81,0,1,0,7,1,1,0,74,438,5,0,0,10,0,0,0,0,0,10,0,20,10,0,0,0,0,10,0,40,0,0,0,0,0,50,40,40,0,0,0,10,10,50,0,0,0,0,1,98,-1,-2,0,81,0,1,0,7,1,1,0,74,438
0,0,0,10,0,0,0,0,0,10,0,20,10,0,0,0,0,10,0,40,0,0,0,0,0,50,40,40,0,0,0,10,10,50,0,0,0,0,1,98,-1,-2,0,81,0,1,0,7,1,1,0,74,437,0,0,10,0,20,10,0,0,0,0,10,0,40,0,0,0,0,0,50,40,40,0,0,0,10,10,50,0,0,0,0,0,10,0,0,0,0,0,0,98,-100,-100,0,81,0,0,0,7,1,0,0,74,437
