0,0,0,0,0,0,0,0,0,0,0,0,0,0,0,0,0,0,0,0,0,0,0,0,0,0,0,0,0,0,0,0,0,0,0,0,0,0,100,0,1,1,100,0,2,2,100,0,-100,-100,0,0,500,0,0,0,0,0,0,0,0,0,0,0,0,0,0,0,0,0,0,0,0,0,0,0,0,0,0,0,0,0,0,0,0,0,0,0,0,0,0,99,0,1,0,100,0,2,1,100,0,3,2,100,0,500
1,0,0,0,0,0,0,0,0,0,0,0,0,0,0,0,0,0,0,0,0,0,0,0,0,0,0,0,0,0,0,0,0,0,0,0,0,0,100,0,-1,0,99,0,1,1,100,0,2,2,100,0,499,6,0,0,0,0,0,0,0,0,0,0,10,0,0,0,0,0,10,10,10,0,0,0,0,0,10,0,0,0,0,0,0,0,0,0,0,0,0,80,0,-1,0,99,0,1,1,100,0,2,2,100,0,499
2,0,0,10,0,0,0,0,0,10,10,10,0,0,0,0,0,10,0,0,0,0,0,0,0,0,0,0,0,0,0,0,0,0,0,0,0,0,100,0,-2,-1,99,0,-1,-1,80,0,1,1,100,0,498,5,0,0,10,0,0,0,0,0,10,10,10,0,0,0,0,0,10,0,0,0,0,0,0,0,0,0,0,0,0,0,0,0,0,0,0,0,0,50,50,-2,-1,99,0,-1,-1,80,0,1,1,100,0,498
3,10,10,10,0,0,0,0,0,10,0,0,0,0,0,0,0,0,0,0,0,0,0,0,0,0,0,0,0,0,0,0,0,0,0,0,0,0,100,0,-3,-2,99,0,-2,-2,80,0,-1,-1,50,50,497,6,10,10,10,0,0,0,0,0,10,0,10,0,0,0,0,0,10,10,10,0,0,0,0,0,10,0,0,0,0,0,0,0,0,0,0,0,0,80,0,-3,-2,99,0,-2,-2,80,0,-1,-1,50,50,497
0,0,0,0,0,0,0,0,0,0,0,0,10,0,0,0,0,0,10,10,10,0,0,0,0,0,10,0,10,0,0,0,0,0,10,10,0,0,99,0,1,0,80,0,2,1,50,50,3,2,80,0,496,0,0,0,0,0,10,0,0,0,0,0,10,10,10,0,0,0,0,0,10,0,10,0,0,0,0,0,10,10,0,0,0,0,0,0,10,0,0,98,0,1,-1,80,0,2,0,50,50,3,1,80,0,496
1,0,0,0,0,0,0,0,0,0,0,10,0,0,0,0,0,10,10,10,0,0,0,0,0,10,0,10,0,0,0,0,0,10,10,10,0,0,80,0,-1,1,98,0,1,1,50,50,2,2,80,0,495,6,0,0,0,0,0,0,0,0,0,0,20,0,0,0,0,0,20,20,20,0,0,0,0,0,20,0,10,0,0,0,0,0,10,10,10,0,0,60,0,-1,1,98,0,1,1,50,50,2,2,80,0,495
2,0,0,20,0,0,0,0,0,20,20,20,0,0,0,0,0,20,0,10,0,0,0,0,0,10,10,10,0,0,0,0,0,10,0,0,0,0,50,50,-2,0,98,0,-1,-1,60,0,1,1,80,0,494,2,0,20,0,0,0,0,0,20,20,20,0,0,0,0,0,20,0,10,0,0,0,0,0,10,10,10,0,0,0,0,0,10,0,0,0,0,0,49,50,-3,0,98,0,-2,-1,60,0,0,1,80,0,494
3,20,20,20,0,0,0,0,0,20,0,10,0,0,0,0,0,10,10,10,0,0,0,0,0,10,0,0,0,0,0,0,0,0,0,0,0,0,80,0,-3,-1,98,0,-2,-2,60,0,0,-1,49,50,493,6,20,20,20,0,0,0,0,0,20,0,20,0,0,0,0,0,20,20,20,0,0,0,0,0,20,0,0,0,0,0,0,0,0,0,0,0,0,60,0,-3,-1,98,0,-2,-2,60,0,0,-1,49,50,493
0,0,0,0,0,20,0,0,0,0,0,20,20,20,0,0,0,0,0,20,0,20,0,0,0,0,0,20,20,0,0,0,0,0,0,20,0,0,98,0,1,-1,60,0,3,0,49,50,3,1,60,0,492,6,0,0,0,0,20,0,0,0,0,0,30,20,20,0,0,0,10,10,30,0,20,0,0,0,10,0,20,20,0,0,0,0,0,0,20,0,0,78,0,1,-1,60,0,3,0,49,50,3,1,60,0,492
1,0,0,0,0,0,0,0,0,0,0,20,0,0,0,0,0,30,20,20,0,0,0,10,10,30,0,20,0,0,0,10,0,20,20,20,0,0,60,0,-1,1,78,0,2,1,49,50,2,2,60,0,491,0,0,0,0,20,0,0,0,0,0,30,20,20,0,0,0,10,10,30,0,20,0,0,0,10,0,20,20,20,0,0,0,0,0,20,0,0,0,59,0,-1,0,78,0,2,0,49,50,2,1,60,0,491
2,0,20,0,0,0,0,0,30,20,20,0,0,0,0,10,30,0,20,0,0,0,10,0,20,20,20,0,0,0,0,0,20,0,0,0,0,0,49,50,-3,0,78,0,-2,0,59,0,0,1,60,0,490,3,0,0,20,0,0,0,0,0,30,20,20,0,0,0,10,10,30,0,20,0,0,0,10,0,20,20,20,0,0,0,0,0,20,0,0,0,0,48,50,-2,0,78,0,-1,0,59,0,1,1,60,0,490
3,30,20,20,0,0,0,0,10,30,0,20,0,0,0,10,0,20,20,20,0,0,0,0,0,20,0,0,0,0,0,0,0,0,0,0,0,0,60,0,-3,-1,78,0,-2,-1,59,0,-1,-1,48,50,489,6,30,20,20,0,0,0,0,10,30,0,30,0,0,0,10,0,30,30,30,0,0,0,0,0,30,0,0,0,0,0,0,0,0,0,0,0,0,40,0,-3,-1,78,0,-2,-1,59,0,-1,-1,48,50,489
0,0,0,0,0,20,0,0,0,0,0,30,20,20,0,0,0,10,10,30,0,30,0,0,0,10,0,30,30,0,0,0,0,0,0,30,0,0,78,0,1,0,59,0,2,0,48,50,3,1,40,0,488,6,0,0,0,0,20,0,0,0,0,0,40,20,20,0,0,0,20,20,40,0,30,0,0,0,20,0,30,30,0,0,0,0,0,0,30,0,0,58,0,1,0,59,0,2,0,48,50,3,1,40,0,488
1,0,0,0,20,0,0,0,0,0,40,20,20,0,0,0,20,20,40,0,30,0,0,0,20,0,30,30,30,0,0,0,0,0,30,0,0,0,59,0,-1,0,58,0,1,0,48,50,2,1,40,0,487,3,0,0,0,0,20,0,0,0,0,0,40,20,20,0,0,0,20,20,40,0,30,0,0,0,20,0,30,30,0,0,0,0,0,0,30,0,0,58,0,0,0,58,0,2,0,48,50,3,1,40,0,487
2,0,0,20,0,0,0,0,0,40,20,20,0,0,0,20,20,40,0,30,0,0,0,20,0,30,30,30,0,0,0,0,0,30,0,0,0,0,48,50,-2,0,58,0,-2,0,58,0,1,1,40,0,486,6,0,0,20,0,0,0,0,0,40,20,30,0,0,0,20,20,50,10,40,0,0,0,20,0,40,30,30,0,0,0,0,0,30,0,0,0,0,28,50,-2,0,58,0,-2,0,58,0,1,1,40,0,486
3,40,20,30,0,0,0,0,20,50,10,40,0,0,0,20,0,40,30,30,0,0,0,0,0,30,0,0,0,0,0,0,0,0,0,0,0,0,40,0,-3,-1,58,0,-3,-1,58,0,-1,-1,28,50,485,6,40,20,30,0,0,0,0,20,50,10,50,0,0,0,20,0,50,40,40,0,0,0,0,0,40,0,0,0,0,0,0,0,0,0,0,0,0,20,0,-3,-1,58,0,-3,-1,58,0,-1,-1,28,50,485
0,0,0,0,0,20,0,0,0,0,0,40,20,30,0,0,0,20,20,50,10,50,0,0,0,20,0,50,40,0,0,0,0,0,0,40,0,0,58,0,0,0,58,0,2,0,28,50,3,1,20,0,484,1,0,0,0,0,0,0,0,0,0,0,0,20,0,0,0,0,0,40,20,30,0,0,0,20,20,50,10,50,0,0,0,20,0,50,40,0,0,57,0,0,1,58,0,2,1,28,50,3,2,20,0,484
1,0,0,0,0,20,0,0,0,0,0,40,20,30,0,0,0,20,20,50,10,50,0,0,0,20,0,50,40,0,0,0,0,0,0,40,0,0,58,0,0,-1,57,0,2,0,28,50,3,1,20,0,483,6,0,0,0,0,20,0,0,0,0,0,50,20,30,0,0,0,30,30,60,10,50,0,0,0,30,0,50,40,0,0,0,0,0,0,40,0,0,38,0,0,-1,57,0,2,0,28,50,3,1,20,0,483
2,0,0,20,0,0,0,0,0,50,20,30,0,0,0,30,30,60,10,50,0,0,0,30,0,50,40,40,0,0,0,0,0,40,0,0,0,0,28,50,-2,-1,57,0,-2,0,38,0,1,1,20,0,482,3,0,0,0,20,0,0,0,0,0,50,20,30,0,0,0,30,30,60,10,50,0,0,0,30,0,50,40,40,0,0,0,0,0,40,0,0,0,27,50,-1,-1,57,0,-1,0,38,0,2,1,20,0,482
3,50,20,30,0,0,0,0,30,60,10,50,0,0,0,30,0,50,40,40,0,0,0,0,0,40,0,0,0,0,0,0,0,0,0,0,0,0,20,0,-3,-2,57,0,-3,-1,38,0,-2,-1,27,50,481,3,0,50,20,30,0,0,0,30,30,60,10,50,0,0,0,30,0,50,40,40,0,0,0,0,0,40,0,0,0,0,0,0,0,0,0,0,0,19,0,-2,-2,57,0,-2,-1,38,0,-1,-1,27,50,481
0,0,0,0,0,0,0,0,0,0,0,0,20,0,0,0,0,0,50,20,30,0,0,0,30,30,60,10,50,0,0,0,30,0,50,40,0,0,57,0,0,1,38,0,1,1,27,50,2,2,19,0,480,0,0,0,0,0,20,0,0,0,0,0,50,20,30,0,0,0,30,30,60,10,50,0,0,0,30,0,50,40,0,0,0,0,0,0,40,0,0,56,0,0,0,38,0,1,0,27,50,2,1,19,0,480
1,0,0,0,0,20,0,0,0,0,0,50,20,30,0,0,0,30,30,60,10,50,0,0,0,30,0,50,40,0,0,0,0,0,0,40,0,0,38,0,0,0,56,0,1,0,27,50,2,1,19,0,479,1,0,0,0,0,0,0,0,0,0,0,0,20,0,0,0,0,0,50,20,30,0,0,0,30,30,60,10,50,0,0,0,30,0,50,40,0,0,37,0,0,1,56,0,1,1,27,50,2,2,19,0,479
2,0,0,0,20,0,0,0,0,0,50,20,30,0,0,0,30,30,60,10,50,0,0,0,30,0,50,40,40,0,0,0,0,0,40,0,0,0,27,50,-1,0,56,0,-1,-1,37,0,1,1,19,0,478,6,0,0,0,20,0,0,0,0,0,50,30,30,0,0,0,30,40,70,20,50,0,0,0,30,10,50,40,40,0,0,0,0,0,40,0,0,0,7,50,-1,0,56,0,-1,-1,37,0,1,1,19,0,478
3,0,50,30,30,0,0,0,30,40,70,20,50,0,0,0,30,10,50,40,40,0,0,0,0,0,40,0,0,0,0,0,0,0,0,0,0,0,19,0,-2,-1,56,0,-2,-2,37,0,-1,-1,7,50,477,2,50,30,30,0,0,0,0,40,70,20,50,0,0,0,30,10,50,40,40,0,0,0,0,0,40,0,0,0,0,0,0,0,0,0,0,0,0,18,0,-3,-1,56,0,-3,-2,37,0,-2,-1,7,50,477
0,0,0,0,0,20,0,0,0,0,0,50,30,30,0,0,0,30,40,70,20,50,0,0,0,30,10,50,40,0,0,0,0,0,0,40,0,0,56,0,0,-1,37,0,1,0,7,50,3,1,18,0,476,1,0,0,0,0,0,0,0,0,0,0,0,20,0,0,0,0,0,50,30,30,0,0,0,30,40,70,20,50,0,0,0,30,10,50,40,0,0,55,0,0,0,37,0,1,1,7,50,3,2,18,0,476
1,0,0,0,0,0,0,0,0,0,0,0,20,0,0,0,0,0,50,30,30,0,0,0,30,40,70,20,50,0,0,0,30,10,50,40,0,0,37,0,0,0,55,0,1,1,7,50,3,2,18,0,475,0,0,0,0,0,20,0,0,0,0,0,50,30,30,0,0,0,30,40,70,20,50,0,0,0,30,10,50,40,0,0,0,0,0,0,40,0,0,36,0,0,-1,55,0,1,0,7,50,3,1,18,0,475
2,0,0,0,20,0,0,0,0,0,50,30,30,0,0,0,30,40,70,20,50,0,0,0,30,10,50,40,40,0,0,0,0,0,40,0,0,0,7,50,-1,-1,55,0,-1,0,36,0,2,1,18,0,474,5,0,0,0,20,0,0,0,0,0,50,30,30,0,0,0,30,40,70,20,50,0,0,0,30,10,50,40,40,0,0,0,0,0,40,0,0,0,4,53,-1,-1,55,0,-1,0,36,0,2,1,18,0,474
3,50,30,30,0,0,0,0,40,70,20,50,0,0,0,30,10,50,40,40,0,0,0,0,0,40,0,0,0,0,0,0,0,0,0,0,0,0,18,0,-3,-2,55,0,-3,-1,36,0,-2,-1,4,53,473,0,40,70,20,50,0,0,0,30,10,50,40,40,0,0,0,0,0,40,0,0,0,0,0,0,0,0,0,0,0,0,0,0,0,0,0,0,0,17,0,-100,-100,0,0,-3,-2,36,0,-2,-2,4,53,473
0,0,0,0,0,0,0,0,0,0,0,0,20,0,0,0,0,0,50,30,30,0,0,0,30,40,70,20,50,0,0,0,30,10,50,40,0,0,55,0,0,1,36,0,1,1,4,53,-100,-100,0,0,472,0,0,0,0,0,20,0,0,0,0,0,50,30,30,0,0,0,30,40,70,20,50,0,0,0,30,10,50,40,0,0,0,0,0,0,40,0,0,54,0,0,0,36,0,1,0,4,53,3,2,17,0,472
1,0,0,0,0,20,0,0,0,0,0,50,30,30,0,0,0,30,40,70,20,50,0,0,0,30,10,50,40,0,0,0,0,0,0,40,0,0,36,0,0,0,54,0,1,0,4,53,3,2,17,0,471,6,0,0,0,0,20,0,0,0,0,0,60,30,30,0,0,0,40,50,80,20,50,0,0,0,40,10,50,40,0,0,0,0,0,0,40,0,0,16,0,0,0,54,0,1,0,4,53,3,2,17,0,471
2,0,0,0,20,0,0,0,0,0,60,30,30,0,0,0,40,50,80,20,50,0,0,0,40,10,50,40,40,0,0,0,0,0,40,0,0,0,4,53,-1,0,54,0,-1,0,16,0,2,2,17,0,470,5,0,0,0,20,0,0,0,0,0,60,30,30,0,0,0,40,50,80,20,50,0,0,0,40,10,50,40,40,0,0,0,0,0,40,0,0,0,2,55,-1,0,54,0,-1,0,16,0,2,2,17,0,470
3,50,80,20,50,0,0,0,40,10,50,40,40,0,0,0,0,0,40,0,0,0,0,0,0,0,0,0,0,0,0,0,0,0,0,0,0,0,17,0,-3,-2,54,0,-3,-2,16,0,-2,-2,2,55,469,2,80,20,50,0,0,0,0,10,50,40,40,0,0,0,0,0,40,0,0,0,0,0,0,0,0,0,0,0,0,0,0,0,0,0,0,0,0,16,0,-100,-100,0,0,-100,-100,0,0,-3,-2,2,55,469
0,0,0,0,0,20,0,0,0,0,0,60,30,30,0,0,0,40,50,80,20,50,0,0,0,40,10,50,40,0,0,0,0,0,0,40,0,0,54,0,0,0,16,0,1,0,2,55,-100,-100,0,0,468,0,0,0,0,60,30,30,0,0,0,40,50,80,20,50,0,0,0,40,10,50,40,0,0,0,0,0,0,40,0,0,0,0,0,0,0,0,0,53,0,0,-1,16,0,1,-1,2,55,-100,-100,0,0,468
1,0,0,0,0,20,0,0,0,0,0,60,30,30,0,0,0,40,50,80,20,50,0,0,0,40,10,50,40,0,0,0,0,0,0,40,0,0,16,0,0,1,53,0,1,0,2,55,-100,-100,0,0,467,4,0,0,0,0,20,0,0,0,0,0,60,30,30,0,0,0,40,0,80,20,50,0,0,0,40,10,50,40,0,0,0,0,0,0,40,0,0,66,0,0,1,53,0,1,0,2,55,-100,-100,0,0,467
2,0,0,0,20,0,0,0,0,0,60,30,30,0,0,0,40,0,80,20,50,0,0,0,40,10,50,40,40,0,0,0,0,0,40,0,0,0,2,55,-1,1,53,0,-1,0,66,0,3,2,16,0,466,5,0,0,0,20,0,0,0,0,0,60,30,30,0,0,0,40,0,80,20,50,0,0,0,40,10,50,40,40,0,0,0,0,0,40,0,0,0,1,56,-1,1,53,0,-1,0,66,0,3,2,16,0,466
3,80,20,50,0,0,0,0,10,50,40,40,0,0,0,0,0,40,0,0,0,0,0,0,0,0,0,0,0,0,0,0,0,0,0,0,0,0,16,0,-100,-100,0,0,-100,-100,0,0,-3,-2,1,56,465,3,0,80,20,50,0,0,0,40,10,50,40,40,0,0,0,0,0,40,0,0,0,0,0,0,0,0,0,0,0,0,0,0,0,0,0,0,0,15,0,-3,-1,53,0,-3,-2,66,0,-2,-2,1,56,465
0,0,0,0,60,30,30,0,0,0,40,0,80,20,50,0,0,0,40,10,50,40,0,0,0,0,0,0,40,0,0,0,0,0,0,0,0,0,53,0,0,-1,66,0,1,-1,1,56,3,1,15,0,464,1,0,0,0,0,20,0,0,0,0,0,60,30,30,0,0,0,40,0,80,20,50,0,0,0,40,10,50,40,0,0,0,0,0,0,40,0,0,52,0,0,0,66,0,1,0,1,56,3,2,15,0,464
1,0,0,0,0,20,0,0,0,0,0,60,30,30,0,0,0,40,0,80,20,50,0,0,0,40,10,50,40,0,0,0,0,0,0,40,0,0,66,0,0,0,52,0,1,0,1,56,3,2,15,0,463,6,0,0,0,0,20,0,0,0,0,0,70,30,30,0,0,0,50,10,90,20,50,0,0,0,50,10,50,40,0,0,0,0,0,0,40,0,0,46,0,0,0,52,0,1,0,1,56,3,2,15,0,463
2,0,0,0,20,0,0,0,0,0,70,30,30,0,0,0,50,10,90,20,50,0,0,0,50,10,50,40,40,0,0,0,0,0,40,0,0,0,1,56,-1,0,52,0,-1,0,46,0,2,2,15,0,462,2,0,0,20,0,0,0,0,0,70,30,30,0,0,0,50,10,90,20,50,0,0,0,50,10,50,40,40,0,0,0,0,0,40,0,0,0,0,0,56,-2,0,52,0,-2,0,46,0,1,2,15,0,462
3,10,90,20,50,0,0,0,50,10,50,40,40,0,0,0,0,0,40,0,0,0,0,0,0,0,0,0,0,0,0,0,0,0,0,0,0,0,15,0,-3,-2,52,0,-3,-2,46,0,-1,-2,0,56,461,2,90,20,50,0,0,0,0,10,50,40,40,0,0,0,0,0,40,0,0,0,0,0,0,0,0,0,0,0,0,0,0,0,0,0,0,0,0,14,0,-100,-100,0,0,-100,-100,0,0,-2,-2,0,56,461
0,0,0,0,0,20,0,0,0,0,0,70,30,30,0,0,0,50,10,90,20,50,0,0,0,50,10,50,40,0,0,0,0,0,0,40,0,0,52,0,0,0,46,0,2,0,0,56,-100,-100,0,0,460,0,0,0,0,70,30,30,0,0,0,50,10,90,20,50,0,0,0,50,10,50,40,0,0,0,0,0,0,40,0,0,0,0,0,0,0,0,0,51,0,0,-1,46,0,2,-1,0,56,-100,-100,0,0,460
1,0,0,0,0,20,0,0,0,0,0,70,30,30,0,0,0,50,10,90,20,50,0,0,0,50,10,50,40,0,0,0,0,0,0,40,0,0,46,0,0,1,51,0,2,0,0,56,-100,-100,0,0,459,6,0,0,0,0,20,0,0,0,0,0,80,30,30,0,0,0,60,20,100,20,50,0,0,0,60,10,50,40,0,0,0,0,0,0,40,0,0,26,0,0,1,51,0,2,0,0,56,-100,-100,0,0,459
3,100,20,50,0,0,0,0,10,50,40,40,0,0,0,0,0,40,0,0,0,0,0,0,0,0,0,0,0,0,0,0,0,0,0,0,0,0,14,0,-100,-100,0,0,-100,-100,0,0,-2,-2,0,56,458,1,30,30,0,0,0,0,0,100,20,50,0,0,0,0,10,50,40,40,0,0,0,0,0,40,0,0,0,0,0,0,0,0,0,0,0,0,0,13,0,-100,-100,0,0,-100,-100,0,0,-2,-1,0,56,458
0,0,0,0,80,30,30,0,0,0,60,20,100,20,50,0,0,0,60,10,50,40,0,0,0,0,0,0,40,0,0,0,0,0,0,0,0,0,51,0,0,-1,26,0,2,-1,0,56,-100,-100,0,0,457,1,0,0,0,0,20,0,0,0,0,0,80,30,30,0,0,0,60,20,100,20,50,0,0,0,60,10,50,40,0,0,0,0,0,0,40,0,0,50,0,0,0,26,0,2,0,0,56,-100,-100,0,0,457
1,0,0,0,0,20,0,0,0,0,0,80,30,30,0,0,0,60,20,100,20,50,0,0,0,60,10,50,40,0,0,0,0,0,0,40,0,0,26,0,0,0,50,0,2,0,0,56,-100,-100,0,0,456,6,0,0,0,0,20,0,0,0,0,0,90,30,30,0,0,0,70,30,100,20,50,0,0,0,70,10,50,40,0,0,0,0,0,0,40,0,0,6,0,0,0,50,0,2,0,0,56,-100,-100,0,0,456
3,30,30,0,0,0,0,0,100,20,50,0,0,0,0,10,50,40,40,0,0,0,0,0,40,0,0,0,0,0,0,0,0,0,0,0,0,0,13,0,-100,-100,0,0,-100,-100,0,0,-2,-1,0,56,455,3,90,30,30,0,0,0,0,30,100,20,50,0,0,0,70,10,50,40,40,0,0,0,0,0,40,0,0,0,0,0,0,0,0,0,0,0,0,12,0,-3,-1,50,0,-3,-1,6,0,-1,-1,0,56,455
0,0,0,0,0,20,0,0,0,0,0,90,30,30,0,0,0,70,30,100,20,50,0,0,0,70,10,50,40,0,0,0,0,0,0,40,0,0,50,0,0,0,6,0,2,0,0,56,3,1,12,0,454,1,0,0,0,0,0,0,0,0,0,0,0,20,0,0,0,0,0,90,30,30,0,0,0,70,30,100,20,50,0,0,0,70,10,50,40,0,0,49,0,0,1,6,0,2,1,0,56,3,2,12,0,454
1,0,0,0,0,20,0,0,0,0,0,90,30,30,0,0,0,70,30,100,20,50,0,0,0,70,10,50,40,0,0,0,0,0,0,40,0,0,6,0,0,-1,49,0,2,0,0,56,3,1,12,0,453,0,0,0,0,90,30,30,0,0,0,70,30,100,20,50,0,0,0,70,10,50,40,0,0,0,0,0,0,40,0,0,0,0,0,0,0,0,0,5,0,0,-2,49,0,2,-1,0,56,3,0,12,0,453
3,90,30,30,0,0,0,0,30,100,20,50,0,0,0,70,10,50,40,40,0,0,0,0,0,40,0,0,0,0,0,0,0,0,0,0,0,0,12,0,-3,-2,49,0,-3,0,5,0,-1,-1,0,56,452,3,0,90,30,30,0,0,0,70,30,100,20,50,0,0,0,70,10,50,40,40,0,0,0,0,0,40,0,0,0,0,0,0,0,0,0,0,0,11,0,-2,-2,49,0,-2,0,5,0,0,-1,0,56,452
0,0,0,0,0,0,0,0,0,0,0,0,20,0,0,0,0,0,90,30,30,0,0,0,70,30,100,20,50,0,0,0,70,10,50,40,0,0,49,0,0,2,5,0,2,1,0,56,2,2,11,0,451,0,0,0,0,0,20,0,0,0,0,0,90,30,30,0,0,0,70,30,100,20,50,0,0,0,70,10,50,40,0,0,0,0,0,0,40,0,0,48,0,0,1,5,0,2,0,0,56,2,1,11,0,451
1,0,0,0,90,30,30,0,0,0,70,30,100,20,50,0,0,0,70,10,50,40,0,0,0,0,0,0,40,0,0,0,0,0,0,0,0,0,5,0,0,-1,48,0,2,-1,0,56,2,0,11,0,450,4,0,0,0,90,30,30,0,0,0,70,30,100,20,50,0,0,0,0,10,50,40,0,0,0,0,0,0,40,0,0,0,0,0,0,0,0,0,75,0,0,-1,48,0,2,-1,0,56,2,0,11,0,450
3,0,90,30,30,0,0,0,70,30,100,20,50,0,0,0,0,10,50,40,40,0,0,0,0,0,40,0,0,0,0,0,0,0,0,0,0,0,11,0,-2,-1,48,0,-2,0,75,0,0,-1,0,56,449,2,90,30,30,0,0,0,0,30,100,20,50,0,0,0,0,10,50,40,40,0,0,0,0,0,40,0,0,0,0,0,0,0,0,0,0,0,0,10,0,-3,-1,48,0,-3,0,75,0,-1,-1,0,56,449
0,0,0,0,0,20,0,0,0,0,0,90,30,30,0,0,0,70,30,100,20,50,0,0,0,0,10,50,40,0,0,0,0,0,0,40,0,0,48,0,0,1,75,0,2,0,0,56,3,1,10,0,448,6,0,0,0,0,20,0,0,0,0,0,100,30,30,0,0,0,80,40,100,20,50,0,0,0,10,10,50,40,0,0,0,0,0,0,40,0,0,28,0,0,1,75,0,2,0,0,56,3,1,10,0,448
1,0,0,0,100,30,30,0,0,0,80,40,100,20,50,0,0,0,10,10,50,40,0,0,0,0,0,0,40,0,0,0,0,0,0,0,0,0,75,0,0,-1,28,0,2,-1,0,56,3,0,10,0,447,6,0,0,0,100,30,30,0,0,0,80,50,100,20,50,0,0,10,20,20,50,40,0,0,0,10,0,0,40,0,0,0,0,0,0,0,0,0,55,0,0,-1,28,0,2,-1,0,56,3,0,10,0,447
3,100,30,30,0,0,0,0,50,100,20,50,0,0,0,20,20,50,40,40,0,0,10,0,0,40,0,0,0,0,0,0,0,0,0,0,0,0,10,0,-3,-1,28,0,-3,0,55,0,-1,-1,0,56,446,3,0,100,30,30,0,0,0,80,50,100,20,50,0,0,10,20,20,50,40,40,0,0,10,0,0,40,0,0,0,0,0,0,0,0,0,0,0,9,0,-2,-1,28,0,-2,0,55,0,0,-1,0,56,446
0,0,0,0,0,20,0,0,0,0,0,100,30,30,0,0,0,80,50,100,20,50,0,0,10,20,20,50,40,0,0,0,10,0,0,40,0,0,28,0,0,1,55,0,2,0,0,56,2,1,9,0,445,6,0,0,0,0,20,0,0,0,0,0,100,30,30,0,0,0,90,60,100,20,50,0,0,10,30,20,50,40,0,0,0,10,0,0,40,0,0,8,0,0,1,55,0,2,0,0,56,2,1,9,0,445
1,0,0,0,100,30,30,0,0,0,90,60,100,20,50,0,0,10,30,20,50,40,0,0,0,10,0,0,40,0,0,0,0,0,0,0,0,0,55,0,0,-1,8,0,2,-1,0,56,2,0,9,0,444,6,0,0,0,100,30,30,0,0,0,90,70,100,20,50,0,0,20,40,30,50,40,0,0,0,20,0,0,40,0,0,0,0,0,0,0,0,0,35,0,0,-1,8,0,2,-1,0,56,2,0,9,0,444
3,0,100,30,30,0,0,0,90,70,100,20,50,0,0,20,40,30,50,40,40,0,0,20,0,0,40,0,0,0,0,0,0,0,0,0,0,0,9,0,-2,-1,8,0,-2,0,35,0,0,-1,0,56,443,3,0,0,100,30,30,0,0,0,90,70,100,20,50,0,0,20,40,30,50,40,40,0,0,20,0,0,40,0,0,0,0,0,0,0,0,0,0,8,0,-1,-1,8,0,-1,0,35,0,1,-1,0,56,443
0,0,0,0,0,20,0,0,0,0,0,100,30,30,0,0,0,90,70,100,20,50,0,0,20,40,30,50,40,0,0,0,20,0,0,40,0,0,8,0,0,1,35,0,2,0,0,56,1,1,8,0,442,4,0,0,0,0,20,0,0,0,0,0,100,30,30,0,0,0,90,0,100,20,50,0,0,20,40,30,50,40,0,0,0,20,0,0,40,0,0,78,0,0,1,35,0,2,0,0,56,1,1,8,0,442
1,0,0,0,100,30,30,0,0,0,90,0,100,20,50,0,0,20,40,30,50,40,0,0,0,20,0,0,40,0,0,0,0,0,0,0,0,0,35,0,0,-1,78,0,2,-1,0,56,1,0,8,0,441,2,0,0,100,30,30,0,0,0,90,0,100,20,50,0,0,20,40,30,50,40,40,0,0,20,0,0,40,0,0,0,0,0,0,0,0,0,0,34,0,-1,-1,78,0,1,-1,0,56,0,0,8,0,441
3,0,0,100,30,30,0,0,0,90,0,100,20,50,0,0,20,40,30,50,40,40,0,0,20,0,0,40,0,0,0,0,0,0,0,0,0,0,8,0,-1,-1,78,0,0,0,34,0,1,-1,0,56,440,2,0,100,30,30,0,0,0,90,0,100,20,50,0,0,20,40,30,50,40,40,0,0,20,0,0,40,0,0,0,0,0,0,0,0,0,0,0,7,0,-2,-1,78,0,-1,0,34,0,0,-1,0,56,440
0,0,0,0,0,20,0,0,0,0,0,100,30,30,0,0,0,90,0,100,20,50,0,0,20,40,30,50,40,0,0,0,20,0,0,40,0,0,78,0,1,1,34,0,2,0,0,56,2,1,7,0,439,6,0,0,0,0,20,0,0,0,0,0,100,30,30,0,0,0,100,10,100,20,50,0,0,20,50,30,50,40,0,0,0,20,0,0,40,0,0,58,0,1,1,34,0,2,0,0,56,2,1,7,0,439
1,0,0,100,30,30,0,0,0,100,10,100,20,50,0,0,20,50,30,50,40,40,0,0,20,0,0,40,0,0,0,0,0,0,0,0,0,0,34,0,-1,-1,58,0,1,-1,0,56,1,0,7,0,438,4,0,0,100,30,30,0,0,0,100,10,100,20,50,0,0,20,50,0,50,40,40,0,0,20,0,0,40,0,0,0,0,0,0,0,0,0,0,64,0,-1,-1,58,0,1,-1,0,56,1,0,7,0,438
3,0,100,30,30,0,0,0,100,10,100,20,50,0,0,20,50,0,50,40,40,0,0,20,0,0,40,0,0,0,0,0,0,0,0,0,0,0,7,0,-2,-1,58,0,-1,0,64,0,0,-1,0,56,437,2,100,30,30,0,0,0,0,10,100,20,50,0,0,0,50,0,50,40,40,0,0,20,0,0,40,0,0,0,0,0,0,0,0,0,0,0,0,6,0,-3,-1,58,0,-2,0,64,0,-1,-1,0,56,437
0,0,0,0,0,20,0,0,0,0,0,100,30,30,0,0,0,100,10,100,20,50,0,0,20,50,0,50,40,0,0,0,20,0,0,40,0,0,58,0,1,1,64,0,2,0,0,56,3,1,6,0,436,6,0,0,0,0,20,0,0,0,0,0,100,30,30,0,0,0,100,20,100,20,50,0,0,20,60,0,50,40,0,0,0,20,0,0,40,0,0,38,0,1,1,64,0,2,0,0,56,3,1,6,0,436
1,0,0,100,30,30,0,0,0,100,20,100,20,50,0,0,20,60,0,50,40,40,0,0,20,0,0,40,0,0,0,0,0,0,0,0,0,0,64,0,-1,-1,38,0,1,-1,0,56,2,0,6,0,435,1,0,0,0,20,0,0,0,0,0,100,30,30,0,0,0,100,20,100,20,50,0,0,20,60,0,50,40,40,0,0,20,0,0,40,0,0,0,63,0,-1,0,38,0,1,0,0,56,2,1,6,0,435
3,100,30,30,0,0,0,0,20,100,20,50,0,0,0,60,0,50,40,40,0,0,20,0,0,40,0,0,0,0,0,0,0,0,0,0,0,0,6,0,-3,-1,38,0,-2,-1,63,0,-1,-1,0,56,434,3,0,100,30,30,0,0,0,100,20,100,20,50,0,0,20,60,0,50,40,40,0,0,20,0,0,40,0,0,0,0,0,0,0,0,0,0,0,5,0,-2,-1,38,0,-1,-1,63,0,0,-1,0,56,434
0,0,0,0,0,20,0,0,0,0,0,100,30,30,0,0,0,100,20,100,20,50,0,0,20,60,0,50,40,0,0,0,20,0,0,40,0,0,38,0,1,0,63,0,2,0,0,56,2,1,5,0,433,6,0,0,0,0,20,0,0,0,0,0,100,30,30,0,0,0,100,30,100,20,50,0,0,20,70,0,50,40,0,0,0,20,0,0,40,0,0,18,0,1,0,63,0,2,0,0,56,2,1,5,0,433
1,0,0,0,20,0,0,0,0,0,100,30,30,0,0,0,100,30,100,20,50,0,0,20,70,0,50,40,40,0,0,20,0,0,40,0,0,0,63,0,-1,0,18,0,1,0,0,56,1,1,5,0,432,3,0,0,0,0,20,0,0,0,0,0,100,30,30,0,0,0,100,30,100,20,50,0,0,20,70,0,50,40,0,0,0,20,0,0,40,0,0,62,0,0,0,18,0,2,0,0,56,2,1,5,0,432
3,0,100,30,30,0,0,0,100,30,100,20,50,0,0,20,70,0,50,40,40,0,0,20,0,0,40,0,0,0,0,0,0,0,0,0,0,0,5,0,-2,-1,18,0,-2,-1,62,0,0,-1,0,56,431,3,0,0,100,30,30,0,0,0,100,30,100,20,50,0,0,20,70,0,50,40,40,0,0,20,0,0,40,0,0,0,0,0,0,0,0,0,0,4,0,-1,-1,18,0,-1,-1,62,0,1,-1,0,56,431
0,0,0,0,0,20,0,0,0,0,0,100,30,30,0,0,0,100,30,100,20,50,0,0,20,70,0,50,40,0,0,0,20,0,0,40,0,0,18,0,0,0,62,0,2,0,0,56,1,1,4,0,430,4,0,0,0,0,20,0,0,0,0,0,100,30,30,0,0,0,100,0,100,20,50,0,0,20,70,0,50,40,0,0,0,20,0,0,40,0,0,48,0,0,0,62,0,2,0,0,56,1,1,4,0,430
1,0,0,0,0,20,0,0,0,0,0,100,30,30,0,0,0,100,0,100,20,50,0,0,20,70,0,50,40,0,0,0,20,0,0,40,0,0,62,0,0,0,48,0,2,0,0,56,1,1,4,0,429,6,0,0,0,0,20,0,0,0,0,0,100,30,30,0,0,0,100,10,100,20,50,0,0,20,80,0,50,40,0,0,0,20,0,0,40,0,0,42,0,0,0,48,0,2,0,0,56,1,1,4,0,429
3,0,0,100,30,30,0,0,0,100,10,100,20,50,0,0,20,80,0,50,40,40,0,0,20,0,0,40,0,0,0,0,0,0,0,0,0,0,4,0,-1,-1,48,0,-1,-1,42,0,1,-1,0,56,428,2,0,100,30,30,0,0,0,100,10,100,20,50,0,0,20,80,0,50,40,40,0,0,20,0,0,40,0,0,0,0,0,0,0,0,0,0,0,3,0,-2,-1,48,0,-2,-1,42,0,0,-1,0,56,428
0,0,0,0,0,20,0,0,0,0,0,100,30,30,0,0,0,100,10,100,20,50,0,0,20,80,0,50,40,0,0,0,20,0,0,40,0,0,48,0,0,0,42,0,2,0,0,56,2,1,3,0,427,4,0,0,0,0,20,0,0,0,0,0,100,30,30,0,0,0,100,0,100,20,50,0,0,20,80,0,50,40,0,0,0,20,0,0,40,0,0,58,0,0,0,42,0,2,0,0,56,2,1,3,0,427
1,0,0,0,0,20,0,0,0,0,0,100,30,30,0,0,0,100,0,100,20,50,0,0,20,80,0,50,40,0,0,0,20,0,0,40,0,0,42,0,0,0,58,0,2,0,0,56,2,1,3,0,426,2,0,0,0,20,0,0,0,0,0,100,30,30,0,0,0,100,0,100,20,50,0,0,20,80,0,50,40,40,0,0,20,0,0,40,0,0,0,41,0,-1,0,58,0,1,0,0,56,1,1,3,0,426
3,0,100,30,30,0,0,0,100,0,100,20,50,0,0,20,80,0,50,40,40,0,0,20,0,0,40,0,0,0,0,0,0,0,0,0,0,0,3,0,-2,-1,58,0,-1,-1,41,0,0,-1,0,56,425,2,100,30,30,0,0,0,0,0,100,20,50,0,0,0,80,0,50,40,40,0,0,20,0,0,40,0,0,0,0,0,0,0,0,0,0,0,0,2,0,-3,-1,58,0,-2,-1,41,0,-1,-1,0,56,425
0,0,0,0,0,20,0,0,0,0,0,100,30,30,0,0,0,100,0,100,20,50,0,0,20,80,0,50,40,0,0,0,20,0,0,40,0,0,58,0,1,0,41,0,2,0,0,56,3,1,2,0,424,6,0,0,0,0,20,0,0,0,0,0,100,30,30,0,0,0,100,10,100,20,50,0,0,20,90,0,50,40,0,0,0,20,0,0,40,0,0,38,0,1,0,41,0,2,0,0,56,3,1,2,0,424
1,0,0,0,20,0,0,0,0,0,100,30,30,0,0,0,100,10,100,20,50,0,0,20,90,0,50,40,40,0,0,20,0,0,40,0,0,0,41,0,-1,0,38,0,1,0,0,56,2,1,2,0,423,1,0,0,0,0,0,0,0,0,0,0,20,0,0,0,0,0,100,30,30,0,0,0,100,10,100,20,50,0,0,20,90,0,50,40,40,0,0,40,0,-1,1,38,0,1,1,0,56,2,2,2,0,423
3,100,30,30,0,0,0,0,10,100,20,50,0,0,0,90,0,50,40,40,0,0,20,0,0,40,0,0,0,0,0,0,0,0,0,0,0,0,2,0,-3,-1,38,0,-2,-2,40,0,-1,-1,0,56,422,3,0,100,30,30,0,0,0,100,10,100,20,50,0,0,20,90,0,50,40,40,0,0,20,0,0,40,0,0,0,0,0,0,0,0,0,0,0,1,0,-2,-1,38,0,-1,-2,40,0,0,-1,0,56,422
0,0,0,0,0,20,0,0,0,0,0,100,30,30,0,0,0,100,10,100,20,50,0,0,20,90,0,50,40,0,0,0,20,0,0,40,0,0,38,0,1,-1,40,0,2,0,0,56,2,1,1,0,421,4,0,0,0,0,20,0,0,0,0,0,100,30,30,0,0,0,100,0,100,20,50,0,0,20,90,0,50,40,0,0,0,20,0,0,40,0,0,48,0,1,-1,40,0,2,0,0,56,2,1,1,0,421
1,0,0,0,0,0,0,0,0,0,0,20,0,0,0,0,0,100,30,30,0,0,0,100,0,100,20,50,0,0,20,90,0,50,40,40,0,0,40,0,-1,1,48,0,1,1,0,56,1,2,1,0,420,5,0,0,0,0,0,0,0,0,0,0,20,0,0,0,0,0,100,30,30,0,0,0,100,0,100,20,50,0,0,20,90,0,50,40,40,0,0,20,20,-1,1,48,0,1,1,0,56,1,2,1,0,420
3,0,100,30,30,0,0,0,100,0,100,20,50,0,0,20,90,0,50,40,40,0,0,20,0,0,40,0,0,0,0,0,0,0,0,0,0,0,1,0,-2,-1,48,0,-1,-2,20,20,0,-1,0,56,419,3,0,0,100,30,30,0,0,0,100,0,100,20,50,0,0,20,90,0,50,40,40,0,0,20,0,0,40,0,0,0,0,0,0,0,0,0,0,0,0,-1,-1,48,0,0,-2,20,20,1,-1,0,56,419
0,0,0,0,0,20,0,0,0,0,0,100,30,30,0,0,0,100,0,100,20,50,0,0,20,90,0,50,40,0,0,0,20,0,0,40,0,0,48,0,1,-1,20,20,2,0,0,56,1,1,0,0,418,6,0,0,0,0,20,0,0,0,0,0,100,30,30,0,0,0,100,10,100,20,50,0,0,20,100,0,50,40,0,0,0,20,0,0,40,0,0,28,0,1,-1,20,20,2,0,0,56,1,1,0,0,418
1,0,0,0,0,0,0,0,0,0,0,20,0,0,0,0,0,100,30,30,0,0,0,100,10,100,20,50,0,0,20,100,0,50,40,40,0,0,20,20,-1,1,28,0,1,1,0,56,0,2,0,0,417,0,0,0,0,20,0,0,0,0,0,100,30,30,0,0,0,100,10,100,20,50,0,0,20,100,0,50,40,40,0,0,20,0,0,40,0,0,0,19,20,-1,0,28,0,1,0,0,56,0,1,0,0,417
0,0,0,0,0,20,0,0,0,0,0,100,30,30,0,0,0,100,10,100,20,50,0,0,20,100,0,50,40,0,0,0,20,0,0,40,0,0,28,0,1,0,19,20,2,0,0,56,1,1,0,0,416,4,0,0,0,0,20,0,0,0,0,0,100,30,30,0,0,0,100,0,100,20,50,0,0,20,100,0,50,40,0,0,0,20,0,0,40,0,0,38,0,1,0,19,20,2,0,0,56,1,1,0,0,416
1,0,0,0,20,0,0,0,0,0,100,30,30,0,0,0,100,0,100,20,50,0,0,20,100,0,50,40,40,0,0,20,0,0,40,0,0,0,19,20,-1,0,38,0,1,0,0,56,0,1,0,0,415,3,0,0,0,0,20,0,0,0,0,0,100,30,30,0,0,0,100,0,100,20,50,0,0,20,100,0,50,40,0,0,0,20,0,0,40,0,0,18,20,0,0,38,0,2,0,0,56,1,1,0,0,415
0,0,0,0,0,20,0,0,0,0,0,100,30,30,0,0,0,100,0,100,20,50,0,0,20,100,0,50,40,0,0,0,20,0,0,40,0,0,38,0,0,0,18,20,2,0,0,56,1,1,0,0,414,5,0,0,0,0,20,0,0,0,0,0,100,30,30,0,0,0,100,0,100,20,50,0,0,20,100,0,50,40,0,0,0,20,0,0,40,0,0,19,19,0,0,18,20,2,0,0,56,1,1,0,0,414
1,0,0,0,0,20,0,0,0,0,0,100,30,30,0,0,0,100,0,100,20,50,0,0,20,100,0,50,40,0,0,0,20,0,0,40,0,0,18,20,0,0,19,19,2,0,0,56,1,1,0,0,413,5,0,0,0,0,20,0,0,0,0,0,100,30,30,0,0,0,100,0,100,20,50,0,0,20,100,0,50,40,0,0,0,20,0,0,40,0,0,9,29,0,0,19,19,2,0,0,56,1,1,0,0,413
0,0,0,0,0,20,0,0,0,0,0,100,30,30,0,0,0,100,0,100,20,50,0,0,20,100,0,50,40,0,0,0,20,0,0,40,0,0,19,19,0,0,9,29,2,0,0,56,1,1,0,0,412,3,0,0,0,0,0,20,0,0,0,0,0,100,30,30,0,0,0,100,0,100,20,0,0,0,20,100,0,50,0,0,0,0,20,0,0,0,0,18,19,1,0,9,29,3,0,0,56,2,1,0,0,412
1,0,0,0,0,20,0,0,0,0,0,100,30,30,0,0,0,100,0,100,20,50,0,0,20,100,0,50,40,0,0,0,20,0,0,40,0,0,9,29,-1,0,18,19,2,0,0,56,1,1,0,0,411,5,0,0,0,0,20,0,0,0,0,0,100,30,30,0,0,0,100,0,100,20,50,0,0,20,100,0,50,40,0,0,0,20,0,0,40,0,0,5,33,-1,0,18,19,2,0,0,56,1,1,0,0,411
0,0,0,0,0,0,20,0,0,0,0,0,100,30,30,0,0,0,100,0,100,20,0,0,0,20,100,0,50,0,0,0,0,20,0,0,0,0,18,19,1,0,5,33,3,0,0,56,2,1,0,0,410,4,0,0,0,0,0,20,0,0,0,0,0,100,30,30,0,0,0,18,0,100,20,0,0,0,20,100,0,50,0,0,0,0,20,0,0,0,0,100,19,1,0,5,33,3,0,0,56,2,1,0,0,410
1,0,0,0,0,20,0,0,0,0,0,100,30,30,0,0,0,18,0,100,20,50,0,0,20,100,0,50,40,0,0,0,20,0,0,40,0,0,5,33,-1,0,100,19,2,0,0,56,1,1,0,0,409,1,0,0,0,0,0,0,0,0,0,0,0,20,0,0,0,0,0,100,30,30,0,0,0,18,0,100,20,50,0,0,20,100,0,50,40,0,0,4,33,-1,1,100,19,2,1,0,56,1,2,0,0,409
0,0,0,0,0,0,20,0,0,0,0,0,100,30,30,0,0,0,18,0,100,20,0,0,0,20,100,0,50,0,0,0,0,20,0,0,0,0,100,19,1,-1,4,33,3,0,0,56,2,1,0,0,408,6,0,0,0,0,0,20,0,0,0,0,10,100,30,30,0,0,10,28,10,100,20,0,0,0,30,100,0,50,0,0,0,0,20,0,0,0,0,80,19,1,-1,4,33,3,0,0,56,2,1,0,0,408
1,0,0,0,0,0,0,0,0,0,0,0,20,0,0,0,0,10,100,30,30,0,0,10,28,10,100,20,50,0,0,30,100,0,50,40,0,0,4,33,-1,1,80,19,2,1,0,56,1,2,0,0,407,4,0,0,0,0,0,0,0,0,0,0,0,20,0,0,0,0,10,4,30,30,0,0,10,28,10,100,20,50,0,0,30,100,0,50,40,0,0,100,33,-1,1,80,19,2,1,0,56,1,2,0,0,407
0,0,0,0,0,0,20,0,0,0,0,10,4,30,30,0,0,10,28,10,100,20,0,0,0,30,100,0,50,0,0,0,0,20,0,0,0,0,80,19,1,-1,100,33,3,0,0,56,2,1,0,0,406,6,0,0,0,0,0,20,0,0,0,0,20,4,30,30,0,0,20,38,20,100,20,0,0,0,40,100,0,50,0,0,0,0,20,0,0,0,0,60,19,1,-1,100,33,3,0,0,56,2,1,0,0,406
1,0,0,0,0,0,0,0,0,0,0,0,20,0,0,0,0,20,4,30,30,0,0,20,38,20,100,20,50,0,0,40,100,0,50,40,0,0,100,33,-1,1,60,19,2,1,0,56,1,2,0,0,405,2,0,0,0,0,0,0,0,0,0,0,20,0,0,0,0,20,4,30,30,0,0,20,38,20,100,20,50,0,0,40,100,0,50,40,40,0,0,99,33,-2,1,60,19,1,1,0,56,0,2,0,0,405
0,0,0,0,0,0,20,0,0,0,0,20,4,30,30,0,0,20,38,20,100,20,0,0,0,40,100,0,50,0,0,0,0,20,0,0,0,0,60,19,2,-1,99,33,3,0,0,56,2,1,0,0,404,1,0,0,0,0,0,0,0,0,0,0,0,0,20,0,0,0,0,20,4,30,30,0,0,20,38,20,100,20,0,0,0,40,100,0,50,0,0,59,19,2,0,99,33,3,1,0,56,2,2,0,0,404
1,0,0,0,0,0,0,0,0,0,0,20,0,0,0,0,20,4,30,30,0,0,20,38,20,100,20,50,0,0,40,100,0,50,40,40,0,0,99,33,-2,0,59,19,1,1,0,56,0,2,0,0,403,6,0,0,0,0,0,0,0,0,0,0,30,0,0,0,0,20,14,40,40,0,0,20,38,20,100,20,50,0,0,40,100,0,50,40,40,0,0,79,33,-2,0,59,19,1,1,0,56,0,2,0,0,403
0,0,0,0,0,0,0,0,0,0,0,0,0,30,0,0,0,0,20,14,40,40,0,0,20,38,20,100,20,0,0,0,40,100,0,50,0,0,59,19,2,0,79,33,3,1,0,56,2,2,0,0,402,2,0,0,0,0,0,0,0,0,0,0,0,30,0,0,0,0,20,14,40,40,0,0,20,38,20,100,20,50,0,0,40,100,0,50,40,0,0,58,19,1,0,79,33,2,1,0,56,1,2,0,0,402
1,0,0,0,0,0,0,0,0,0,0,30,0,0,0,0,20,14,40,40,0,0,20,38,20,100,20,50,0,0,40,100,0,50,40,40,0,0,79,33,-1,0,58,19,1,1,0,56,0,2,0,0,401,4,0,0,0,0,0,0,0,0,0,0,30,0,0,0,0,20,14,19,40,0,0,20,38,20,100,20,50,0,0,40,100,0,50,40,40,0,0,100,33,-1,0,58,19,1,1,0,56,0,2,0,0,401
0,0,0,0,0,0,0,0,0,0,0,0,30,0,0,0,0,20,14,19,40,0,0,20,38,20,100,20,50,0,0,40,100,0,50,40,0,0,58,19,1,0,100,33,2,1,0,56,1,2,0,0,400,0,0,0,0,0,30,0,0,0,0,20,14,19,40,0,0,20,38,20,100,20,50,0,0,40,100,0,50,40,0,0,0,20,0,0,40,0,0,57,19,1,-1,100,33,2,0,0,56,1,1,0,0,400
1,0,0,0,0,0,0,0,0,0,0,30,0,0,0,0,20,14,19,40,0,0,20,38,20,100,20,50,0,0,40,100,0,50,40,40,0,0,100,33,-1,1,57,19,1,1,0,56,0,2,0,0,399,6,0,0,0,0,0,0,0,0,0,0,40,0,0,0,0,20,24,29,50,0,0,20,38,20,100,20,50,0,0,40,100,0,50,40,40,0,0,80,33,-1,1,57,19,1,1,0,56,0,2,0,0,399
0,0,0,0,0,40,0,0,0,0,20,24,29,50,0,0,20,38,20,100,20,50,0,0,40,100,0,50,40,0,0,0,20,0,0,40,0,0,57,19,1,-1,80,33,2,0,0,56,1,1,0,0,398,4,0,0,0,0,40,0,0,0,0,20,24,29,50,0,0,20,38,0,100,20,50,0,0,40,100,0,50,40,0,0,0,20,0,0,40,0,0,77,19,1,-1,80,33,2,0,0,56,1,1,0,0,398
1,0,0,0,0,0,0,0,0,0,0,40,0,0,0,0,20,24,29,50,0,0,20,38,0,100,20,50,0,0,40,100,0,50,40,40,0,0,80,33,-1,1,77,19,1,1,0,56,0,2,0,0,397,4,0,0,0,0,0,0,0,0,0,0,40,0,0,0,0,20,24,9,50,0,0,20,38,0,100,20,50,0,0,40,100,0,50,40,40,0,0,100,33,-1,1,77,19,1,1,0,56,0,2,0,0,397
0,0,0,0,0,40,0,0,0,0,20,24,9,50,0,0,20,38,0,100,20,50,0,0,40,100,0,50,40,0,0,0,20,0,0,40,0,0,77,19,1,-1,100,33,2,0,0,56,1,1,0,0,396,1,0,0,0,0,0,0,0,0,0,0,0,40,0,0,0,0,20,24,9,50,0,0,20,38,0,100,20,50,0,0,40,100,0,50,40,0,0,76,19,1,0,100,33,2,1,0,56,1,2,0,0,396
1,0,0,0,0,0,0,0,0,0,0,40,0,0,0,0,20,24,9,50,0,0,20,38,0,100,20,50,0,0,40,100,0,50,40,40,0,0,100,33,-1,0,76,19,1,1,0,56,0,2,0,0,395,0,0,0,0,40,0,0,0,0,20,24,9,50,0,0,20,38,0,100,20,50,0,0,40,100,0,50,40,40,0,0,20,0,0,40,0,0,0,99,33,-1,-1,76,19,1,0,0,56,0,1,0,0,395
0,0,0,0,0,0,0,0,0,0,0,0,40,0,0,0,0,20,24,9,50,0,0,20,38,0,100,20,50,0,0,40,100,0,50,40,0,0,76,19,1,1,99,33,2,1,0,56,1,2,0,0,394,3,0,0,0,0,0,0,0,0,0,0,0,0,40,0,0,0,0,20,24,9,50,0,0,20,38,0,100,20,0,0,0,40,100,0,50,0,0,75,19,2,1,99,33,3,1,0,56,2,2,0,0,394
1,0,0,0,40,0,0,0,0,20,24,9,50,0,0,20,38,0,100,20,50,0,0,40,100,0,50,40,40,0,0,20,0,0,40,0,0,0,99,33,-2,-1,75,19,1,0,0,56,0,1,0,0,393,4,0,0,0,40,0,0,0,0,20,24,9,50,0,0,20,38,0,99,20,50,0,0,40,100,0,50,40,40,0,0,20,0,0,40,0,0,0,100,33,-2,-1,75,19,1,0,0,56,0,1,0,0,393
0,0,0,0,0,0,0,0,0,0,0,0,0,40,0,0,0,0,20,24,9,50,0,0,20,38,0,99,20,0,0,0,40,100,0,50,0,0,75,19,2,1,100,33,3,1,0,56,2,2,0,0,392,6,0,0,0,0,0,0,0,0,0,0,10,0,40,0,0,0,10,30,34,9,50,0,0,20,48,0,99,20,0,0,0,40,100,0,50,0,0,55,19,2,1,100,33,3,1,0,56,2,2,0,0,392
1,0,10,0,40,0,0,0,10,30,34,9,50,0,0,20,48,0,99,20,50,0,0,40,100,0,50,40,40,0,0,20,0,0,40,0,0,0,100,33,-2,-1,55,19,1,0,0,56,0,1,0,0,391,3,0,0,10,0,40,0,0,0,10,30,34,9,50,0,0,20,48,0,99,20,50,0,0,40,100,0,50,40,0,0,0,20,0,0,40,0,0,99,33,-1,-1,55,19,2,0,0,56,1,1,0,0,391
0,0,0,0,0,0,0,0,0,0,0,10,0,40,0,0,0,10,30,34,9,50,0,0,20,48,0,99,20,0,0,0,40,100,0,50,0,0,55,19,1,1,99,33,3,1,0,56,2,2,0,0,390,2,0,0,0,0,0,0,0,0,0,10,0,40,0,0,0,10,30,34,9,50,0,0,20,48,0,99,20,50,0,0,40,100,0,50,40,0,0,54,19,0,1,99,33,2,1,0,56,1,2,0,0,390
1,0,0,10,0,40,0,0,0,10,30,34,9,50,0,0,20,48,0,99,20,50,0,0,40,100,0,50,40,0,0,0,20,0,0,40,0,0,99,33,0,-1,54,19,2,0,0,56,1,1,0,0,389,6,0,0,10,0,40,0,0,0,10,30,44,9,50,0,0,20,58,10,100,20,50,0,0,40,100,0,50,40,0,0,0,20,0,0,40,0,0,79,33,0,-1,54,19,2,0,0,56,1,1,0,0,389
0,0,0,0,0,0,0,0,0,0,10,0,40,0,0,0,10,30,44,9,50,0,0,20,58,10,100,20,50,0,0,40,100,0,50,40,0,0,54,19,0,1,79,33,2,1,0,56,1,2,0,0,388,6,0,0,0,0,0,0,0,0,0,10,10,40,0,0,0,10,40,54,19,50,0,0,20,58,20,100,20,50,0,0,40,100,0,50,40,0,0,34,19,0,1,79,33,2,1,0,56,1,2,0,0,388
1,0,0,10,10,40,0,0,0,10,40,54,19,50,0,0,20,58,20,100,20,50,0,0,40,100,0,50,40,0,0,0,20,0,0,40,0,0,79,33,0,-1,34,19,2,0,0,56,1,1,0,0,387,4,0,0,10,10,40,0,0,0,10,40,54,19,50,0,0,20,58,0,100,20,50,0,0,40,100,0,50,40,0,0,0,20,0,0,40,0,0,99,33,0,-1,34,19,2,0,0,56,1,1,0,0,387
0,0,0,0,0,0,0,0,0,0,10,10,40,0,0,0,10,40,54,19,50,0,0,20,58,0,100,20,50,0,0,40,100,0,50,40,0,0,34,19,0,1,99,33,2,1,0,56,1,2,0,0,386,0,0,0,10,10,40,0,0,0,10,40,54,19,50,0,0,20,58,0,100,20,50,0,0,40,100,0,50,40,0,0,0,20,0,0,40,0,0,33,19,0,0,99,33,2,0,0,56,1,1,0,0,386
1,0,0,10,10,40,0,0,0,10,40,54,19,50,0,0,20,58,0,100,20,50,0,0,40,100,0,50,40,0,0,0,20,0,0,40,0,0,99,33,0,0,33,19,2,0,0,56,1,1,0,0,385,6,0,0,10,10,40,0,0,0,10,40,64,19,50,0,0,20,68,10,100,20,50,0,0,40,100,0,50,40,0,0,0,20,0,0,40,0,0,79,33,0,0,33,19,2,0,0,56,1,1,0,0,385
0,0,0,10,10,40,0,0,0,10,40,64,19,50,0,0,20,68,10,100,20,50,0,0,40,100,0,50,40,0,0,0,20,0,0,40,0,0,33,19,0,0,79,33,2,0,0,56,1,1,0,0,384,4,0,0,10,10,40,0,0,0,10,40,64,19,50,0,0,20,68,0,100,20,50,0,0,40,100,0,50,40,0,0,0,20,0,0,40,0,0,43,19,0,0,79,33,2,0,0,56,1,1,0,0,384
1,0,0,10,10,40,0,0,0,10,40,64,19,50,0,0,20,68,0,100,20,50,0,0,40,100,0,50,40,0,0,0,20,0,0,40,0,0,79,33,0,0,43,19,2,0,0,56,1,1,0,0,383,0,0,10,40,64,19,50,0,0,20,68,0,100,20,50,0,0,40,100,0,50,40,0,0,0,20,0,0,40,0,0,0,0,0,0,0,0,0,78,33,0,-1,43,19,2,-1,0,56,1,0,0,0,383
0,0,0,10,10,40,0,0,0,10,40,64,19,50,0,0,20,68,0,100,20,50,0,0,40,100,0,50,40,0,0,0,20,0,0,40,0,0,43,19,0,1,78,33,2,0,0,56,1,1,0,0,382,2,0,10,10,40,0,0,0,10,40,64,19,50,0,0,20,68,0,100,20,50,0,0,40,100,0,50,40,40,0,0,20,0,0,40,0,0,0,42,19,-1,1,78,33,1,0,0,56,0,1,0,0,382
1,0,10,40,64,19,50,0,0,20,68,0,100,20,50,0,0,40,100,0,50,40,0,0,0,20,0,0,40,0,0,0,0,0,0,0,0,0,78,33,1,-1,42,19,2,-1,0,56,1,0,0,0,381,4,0,10,40,64,19,50,0,0,20,68,0,100,20,50,0,0,40,78,0,50,40,0,0,0,20,0,0,40,0,0,0,0,0,0,0,0,0,100,33,1,-1,42,19,2,-1,0,56,1,0,0,0,381
0,0,10,10,40,0,0,0,10,40,64,19,50,0,0,20,68,0,100,20,50,0,0,40,78,0,50,40,40,0,0,20,0,0,40,0,0,0,42,19,-1,1,100,33,1,0,0,56,0,1,0,0,380,3,0,0,10,10,40,0,0,0,10,40,64,19,50,0,0,20,68,0,100,20,50,0,0,40,78,0,50,40,0,0,0,20,0,0,40,0,0,41,19,0,1,100,33,2,0,0,56,1,1,0,0,380
1,0,10,40,64,19,50,0,0,20,68,0,100,20,50,0,0,40,78,0,50,40,0,0,0,20,0,0,40,0,0,0,0,0,0,0,0,0,100,33,0,-1,41,19,2,-1,0,56,1,0,0,0,379,6,0,10,40,64,19,50,0,0,20,68,10,100,20,50,0,0,50,88,10,50,40,0,0,0,30,0,0,40,0,0,0,0,0,0,0,0,0,80,33,0,-1,41,19,2,-1,0,56,1,0,0,0,379
0,0,0,10,10,40,0,0,0,10,40,64,19,50,0,0,20,68,10,100,20,50,0,0,50,88,10,50,40,0,0,0,30,0,0,40,0,0,41,19,0,1,80,33,2,0,0,56,1,1,0,0,378,6,0,0,10,10,40,0,0,0,10,40,74,19,50,0,0,20,78,20,100,20,50,0,0,50,98,10,50,40,0,0,0,30,0,0,40,0,0,21,19,0,1,80,33,2,0,0,56,1,1,0,0,378
1,0,10,40,74,19,50,0,0,20,78,20,100,20,50,0,0,50,98,10,50,40,0,0,0,30,0,0,40,0,0,0,0,0,0,0,0,0,80,33,0,-1,21,19,2,-1,0,56,1,0,0,0,377,4,0,10,40,74,19,50,0,0,20,78,20,100,20,50,0,0,50,78,10,50,40,0,0,0,30,0,0,40,0,0,0,0,0,0,0,0,0,100,33,0,-1,21,19,2,-1,0,56,1,0,0,0,377
0,0,0,10,10,40,0,0,0,10,40,74,19,50,0,0,20,78,20,100,20,50,0,0,50,78,10,50,40,0,0,0,30,0,0,40,0,0,21,19,0,1,100,33,2,0,0,56,1,1,0,0,376,2,0,10,10,40,0,0,0,10,40,74,19,50,0,0,20,78,20,100,20,50,0,0,50,78,10,50,40,40,0,0,30,0,0,40,0,0,0,20,19,-1,1,100,33,1,0,0,56,0,1,0,0,376
1,0,10,40,74,19,50,0,0,20,78,20,100,20,50,0,0,50,78,10,50,40,0,0,0,30,0,0,40,0,0,0,0,0,0,0,0,0,100,33,1,-1,20,19,2,-1,0,56,1,0,0,0,375,6,0,10,40,74,19,50,0,0,20,78,30,100,20,50,0,0,60,88,20,50,40,0,0,0,40,0,0,40,0,0,0,0,0,0,0,0,0,80,33,1,-1,20,19,2,-1,0,56,1,0,0,0,375
0,0,10,10,40,0,0,0,10,40,74,19,50,0,0,20,78,30,100,20,50,0,0,60,88,20,50,40,40,0,0,40,0,0,40,0,0,0,20,19,-1,1,80,33,1,0,0,56,0,1,0,0,374,0,10,40,74,19,50,0,0,20,78,30,100,20,50,0,0,60,88,20,50,40,40,0,0,40,0,0,40,0,0,0,0,0,0,0,0,0,0,19,19,-1,0,80,33,1,-1,0,56,0,0,0,0,374
1,0,10,40,74,19,50,0,0,20,78,30,100,20,50,0,0,60,88,20,50,40,0,0,0,40,0,0,40,0,0,0,0,0,0,0,0,0,80,33,1,0,19,19,2,-1,0,56,1,0,0,0,373,4,0,10,40,74,19,50,0,0,20,78,30,100,20,50,0,0,60,68,20,50,40,0,0,0,40,0,0,40,0,0,0,0,0,0,0,0,0,100,33,1,0,19,19,2,-1,0,56,1,0,0,0,373
0,10,40,74,19,50,0,0,20,78,30,100,20,50,0,0,60,68,20,50,40,40,0,0,40,0,0,40,0,0,0,0,0,0,0,0,0,0,19,19,-1,0,100,33,1,-1,0,56,0,0,0,0,372,3,0,10,40,74,19,50,0,0,20,78,30,100,20,50,0,0,60,68,20,50,40,0,0,0,40,0,0,40,0,0,0,0,0,0,0,0,0,18,19,0,0,100,33,2,-1,0,56,1,0,0,0,372
1,0,10,40,74,19,50,0,0,20,78,30,100,20,50,0,0,60,68,20,50,40,0,0,0,40,0,0,40,0,0,0,0,0,0,0,0,0,100,33,0,0,18,19,2,-1,0,56,1,0,0,0,371,6,0,10,40,74,19,50,0,0,20,78,40,100,20,50,0,0,70,78,30,50,40,0,0,0,50,0,0,40,0,0,0,0,0,0,0,0,0,80,33,0,0,18,19,2,-1,0,56,1,0,0,0,371
0,0,10,40,74,19,50,0,0,20,78,40,100,20,50,0,0,70,78,30,50,40,0,0,0,50,0,0,40,0,0,0,0,0,0,0,0,0,18,19,0,0,80,33,2,-1,0,56,1,0,0,0,370,1,0,0,10,10,40,0,0,0,10,40,74,19,50,0,0,20,78,40,100,20,50,0,0,70,78,30,50,40,0,0,0,50,0,0,40,0,0,17,19,0,1,80,33,2,0,0,56,1,1,0,0,370
1,0,10,40,74,19,50,0,0,20,78,40,100,20,50,0,0,70,78,30,50,40,0,0,0,50,0,0,40,0,0,0,0,0,0,0,0,0,80,33,0,-1,17,19,2,-1,0,56,1,0,0,0,369,4,0,10,40,74,19,50,0,0,20,78,40,100,20,50,0,0,70,58,30,50,40,0,0,0,50,0,0,40,0,0,0,0,0,0,0,0,0,100,33,0,-1,17,19,2,-1,0,56,1,0,0,0,369
0,0,0,10,10,40,0,0,0,10,40,74,19,50,0,0,20,78,40,100,20,50,0,0,70,58,30,50,40,0,0,0,50,0,0,40,0,0,17,19,0,1,100,33,2,0,0,56,1,1,0,0,368,5,0,0,10,10,40,0,0,0,10,40,74,19,50,0,0,20,78,40,100,20,50,0,0,70,58,30,50,40,0,0,0,50,0,0,40,0,0,9,27,0,1,100,33,2,0,0,56,1,1,0,0,368
1,0,10,40,74,19,50,0,0,20,78,40,100,20,50,0,0,70,58,30,50,40,0,0,0,50,0,0,40,0,0,0,0,0,0,0,0,0,100,33,0,-1,9,27,2,-1,0,56,1,0,0,0,367,6,0,10,40,74,19,50,0,0,20,78,50,100,20,50,0,0,80,68,40,50,40,0,0,0,60,0,0,40,0,0,0,0,0,0,0,0,0,80,33,0,-1,9,27,2,-1,0,56,1,0,0,0,367
0,0,0,10,10,40,0,0,0,10,40,74,19,50,0,0,20,78,50,100,20,50,0,0,80,68,40,50,40,0,0,0,60,0,0,40,0,0,9,27,0,1,80,33,2,0,0,56,1,1,0,0,366,4,0,0,10,10,40,0,0,0,10,40,74,19,50,0,0,20,78,0,100,20,50,0,0,80,68,40,50,40,0,0,0,60,0,0,40,0,0,59,27,0,1,80,33,2,0,0,56,1,1,0,0,366
1,0,10,40,74,19,50,0,0,20,78,0,100,20,50,0,0,80,68,40,50,40,0,0,0,60,0,0,40,0,0,0,0,0,0,0,0,0,80,33,0,-1,59,27,2,-1,0,56,1,0,0,0,365,0,0,20,78,0,100,20,50,0,0,80,68,40,50,40,0,0,0,60,0,0,40,0,0,0,0,0,0,0,0,0,0,0,0,0,0,0,0,79,33,0,-2,59,27,2,-2,0,56,1,-1,0,0,365
0,0,0,10,10,40,0,0,0,10,40,74,19,50,0,0,20,78,0,100,20,50,0,0,80,68,40,50,40,0,0,0,60,0,0,40,0,0,59,27,0,2,79,33,2,0,0,56,1,1,0,0,364,6,0,0,10,10,40,0,0,0,10,40,84,19,50,0,0,20,88,10,100,20,50,0,0,80,78,40,50,40,0,0,0,60,0,0,40,0,0,39,27,0,2,79,33,2,0,0,56,1,1,0,0,364
1,0,20,88,10,100,20,50,0,0,80,78,40,50,40,0,0,0,60,0,0,40,0,0,0,0,0,0,0,0,0,0,0,0,0,0,0,0,79,33,0,-2,39,27,2,-2,0,56,1,-1,0,0,363,4,0,20,88,10,100,20,50,0,0,80,78,40,50,40,0,0,0,39,0,0,40,0,0,0,0,0,0,0,0,0,0,0,0,0,0,0,0,100,33,0,-2,39,27,2,-2,0,56,1,-1,0,0,363
0,0,0,10,10,40,0,0,0,10,40,84,19,50,0,0,20,88,10,100,20,50,0,0,80,78,40,50,40,0,0,0,39,0,0,40,0,0,39,27,0,2,100,33,2,0,0,56,1,1,0,0,362,6,0,0,10,10,40,0,0,0,10,40,94,19,50,0,0,20,98,20,100,20,50,0,0,80,88,40,50,40,0,0,0,39,0,0,40,0,0,19,27,0,2,100,33,2,0,0,56,1,1,0,0,362
1,0,20,98,20,100,20,50,0,0,80,88,40,50,40,0,0,0,39,0,0,40,0,0,0,0,0,0,0,0,0,0,0,0,0,0,0,0,100,33,0,-2,19,27,2,-2,0,56,1,-1,0,0,361,1,0,10,40,94,19,50,0,0,20,98,20,100,20,50,0,0,80,88,40,50,40,0,0,0,39,0,0,40,0,0,0,0,0,0,0,0,0,99,33,0,-1,19,27,2,-1,0,56,1,0,0,0,361
0,0,0,10,10,40,0,0,0,10,40,94,19,50,0,0,20,98,20,100,20,50,0,0,80,88,40,50,40,0,0,0,39,0,0,40,0,0,19,27,0,1,99,33,2,0,0,56,1,1,0,0,360,4,0,0,10,10,40,0,0,0,10,40,94,19,50,0,0,20,98,0,100,20,50,0,0,80,88,40,50,40,0,0,0,39,0,0,40,0,0,39,27,0,1,99,33,2,0,0,56,1,1,0,0,360
1,0,10,40,94,19,50,0,0,20,98,0,100,20,50,0,0,80,88,40,50,40,0,0,0,39,0,0,40,0,0,0,0,0,0,0,0,0,99,33,0,-1,39,27,2,-1,0,56,1,0,0,0,359,4,0,10,40,94,19,50,0,0,20,98,0,100,20,50,0,0,80,87,40,50,40,0,0,0,39,0,0,40,0,0,0,0,0,0,0,0,0,100,33,0,-1,39,27,2,-1,0,56,1,0,0,0,359
0,0,0,10,10,40,0,0,0,10,40,94,19,50,0,0,20,98,0,100,20,50,0,0,80,87,40,50,40,0,0,0,39,0,0,40,0,0,39,27,0,1,100,33,2,0,0,56,1,1,0,0,358,3,0,0,0,10,10,40,0,0,0,10,40,94,19,50,0,0,20,98,0,100,20,0,0,0,80,87,40,50,0,0,0,0,39,0,0,0,0,38,27,1,1,100,33,3,0,0,56,2,1,0,0,358
1,0,10,40,94,19,50,0,0,20,98,0,100,20,50,0,0,80,87,40,50,40,0,0,0,39,0,0,40,0,0,0,0,0,0,0,0,0,100,33,-1,-1,38,27,2,-1,0,56,1,0,0,0,357,1,0,0,10,10,40,0,0,0,10,40,94,19,50,0,0,20,98,0,100,20,50,0,0,80,87,40,50,40,0,0,0,39,0,0,40,0,0,99,33,-1,0,38,27,2,0,0,56,1,1,0,0,357
0,0,0,0,10,10,40,0,0,0,10,40,94,19,50,0,0,20,98,0,100,20,0,0,0,80,87,40,50,0,0,0,0,39,0,0,0,0,38,27,1,0,99,33,3,0,0,56,2,1,0,0,356,2,0,0,10,10,40,0,0,0,10,40,94,19,50,0,0,20,98,0,100,20,50,0,0,80,87,40,50,40,0,0,0,39,0,0,40,0,0,37,27,0,0,99,33,2,0,0,56,1,1,0,0,356
1,0,0,10,10,40,0,0,0,10,40,94,19,50,0,0,20,98,0,100,20,50,0,0,80,87,40,50,40,0,0,0,39,0,0,40,0,0,99,33,0,0,37,27,2,0,0,56,1,1,0,0,355,1,0,0,0,0,0,0,0,0,0,10,10,40,0,0,0,10,40,94,19,50,0,0,20,98,0,100,20,50,0,0,80,87,40,50,40,0,0,98,33,0,1,37,27,2,1,0,56,1,2,0,0,355
0,0,0,10,10,40,0,0,0,10,40,94,19,50,0,0,20,98,0,100,20,50,0,0,80,87,40,50,40,0,0,0,39,0,0,40,0,0,37,27,0,-1,98,33,2,0,0,56,1,1,0,0,354,1,0,0,0,0,0,0,0,0,0,10,10,40,0,0,0,10,40,94,19,50,0,0,20,98,0,100,20,50,0,0,80,87,40,50,40,0,0,36,27,0,0,98,33,2,1,0,56,1,2,0,0,354
1,0,0,0,0,0,0,0,0,0,10,10,40,0,0,0,10,40,94,19,50,0,0,20,98,0,100,20,50,0,0,80,87,40,50,40,0,0,98,33,0,0,36,27,2,1,0,56,1,2,0,0,353,1,0,0,0,0,0,0,0,0,0,0,0,0,0,0,0,0,10,10,40,0,0,0,10,40,94,19,50,0,0,20,98,0,100,20,50,0,0,97,33,0,1,36,27,2,2,0,56,-100,-100,0,0,353
0,0,0,0,0,0,0,0,0,0,10,10,40,0,0,0,10,40,94,19,50,0,0,20,98,0,100,20,50,0,0,80,87,40,50,40,0,0,36,27,0,-1,97,33,2,1,0,56,1,2,0,0,352,0,0,0,10,10,40,0,0,0,10,40,94,19,50,0,0,20,98,0,100,20,50,0,0,80,87,40,50,40,0,0,0,39,0,0,40,0,0,35,27,0,-2,97,33,2,0,0,56,1,1,0,0,352
1,0,0,0,0,0,0,0,0,0,0,0,0,0,0,0,0,10,10,40,0,0,0,10,40,94,19,50,0,0,20,98,0,100,20,50,0,0,97,33,0,2,35,27,2,2,0,56,-100,-100,0,0,351,5,0,0,0,0,0,0,0,0,0,0,0,0,0,0,0,0,10,10,40,0,0,0,10,40,94,19,50,0,0,20,98,0,100,20,50,0,0,49,81,0,2,35,27,2,2,0,56,-100,-100,0,0,351
0,0,0,10,10,40,0,0,0,10,40,94,19,50,0,0,20,98,0,100,20,50,0,0,80,87,40,50,40,0,0,0,39,0,0,40,0,0,35,27,0,-2,49,81,2,0,0,56,1,1,0,0,350,1,0,0,0,0,0,0,0,0,0,10,10,40,0,0,0,10,40,94,19,50,0,0,20,98,0,100,20,50,0,0,80,87,40,50,40,0,0,34,27,0,-1,49,81,2,1,0,56,1,2,0,0,350
1,0,0,0,0,0,0,0,0,0,0,0,0,0,0,0,0,10,10,40,0,0,0,10,40,94,19,50,0,0,20,98,0,100,20,50,0,0,49,81,0,1,34,27,2,2,0,56,-100,-100,0,0,349,1,0,0,0,0,0,0,0,0,0,0,0,0,0,0,0,0,0,0,0,0,0,0,0,10,10,40,0,0,0,10,40,94,19,50,0,0,0,48,81,0,2,34,27,-100,-100,0,56,-100,-100,0,0,349
0,0,0,0,0,0,0,0,0,0,10,10,40,0,0,0,10,40,94,19,50,0,0,20,98,0,100,20,50,0,0,80,87,40,50,40,0,0,34,27,0,-2,48,81,2,1,0,56,1,2,0,0,348,4,0,0,0,0,0,0,0,0,0,10,10,40,0,0,0,10,40,28,19,50,0,0,20,98,0,100,20,50,0,0,80,87,40,50,40,0,0,100,27,0,-2,48,81,2,1,0,56,1,2,0,0,348
1,0,0,0,0,0,0,0,0,0,0,0,0,0,0,0,0,0,0,0,0,0,0,0,10,10,40,0,0,0,10,40,28,19,50,0,0,0,48,81,0,2,100,27,-100,-100,0,56,-100,-100,0,0,347,3,0,0,0,0,0,0,0,0,0,0,0,0,0,0,0,0,0,0,0,0,0,0,0,0,10,10,40,0,0,0,10,40,28,19,50,0,0,47,81,1,2,100,27,-100,-100,0,56,-100,-100,0,0,347
0,0,0,0,0,0,0,0,0,0,10,10,40,0,0,0,10,40,28,19,50,0,0,20,98,0,100,20,50,0,0,80,87,40,50,40,0,0,100,27,-1,-2,47,81,2,1,0,56,1,2,0,0,346,0,0,0,10,10,40,0,0,0,10,40,28,19,50,0,0,20,98,0,100,20,50,0,0,80,87,40,50,40,0,0,0,39,0,0,40,0,0,99,27,-100,-100,0,81,2,0,0,56,1,1,0,0,346
1,0,0,0,0,0,0,0,0,0,0,0,0,0,0,0,0,0,0,0,0,0,0,0,0,10,10,40,0,0,0,10,40,28,19,50,0,0,47,81,-100,-100,0,27,-100,-100,0,56,-100,-100,0,0,345,5,0,0,0,0,0,0,0,0,0,0,0,0,0,0,0,0,0,0,0,0,0,0,0,0,10,10,40,0,0,0,10,40,28,19,50,0,0,24,104,-100,-100,0,27,-100,-100,0,56,-100,-100,0,0,345
0,0,0,10,10,40,0,0,0,10,40,28,19,50,0,0,20,98,0,100,20,50,0,0,80,87,40,50,40,0,0,0,39,0,0,40,0,0,99,27,-100,-100,0,104,2,0,0,56,1,1,0,0,344,6,0,0,10,10,40,0,0,0,10,40,38,19,50,0,0,20,100,10,100,20,50,0,0,80,97,40,50,40,0,0,0,39,0,0,40,0,0,79,27,-100,-100,0,104,2,0,0,56,1,1,0,0,344
1,0,0,0,0,0,0,0,0,0,0,0,0,0,0,0,0,0,0,0,0,0,0,0,0,10,10,40,0,0,0,10,40,38,19,50,0,0,24,104,-100,-100,0,27,-100,-100,0,56,-100,-100,0,0,343,0,0,0,0,0,0,0,0,0,0,0,0,0,0,0,0,0,0,10,10,40,0,0,0,10,40,38,19,50,0,0,20,100,10,100,20,0,0,23,104,1,2,79,27,3,2,0,56,-100,-100,0,0,343
0,0,0,10,10,40,0,0,0,10,40,38,19,50,0,0,20,100,10,100,20,50,0,0,80,97,40,50,40,0,0,0,39,0,0,40,0,0,79,27,-1,-2,23,104,2,0,0,56,1,1,0,0,342,3,0,0,0,10,10,40,0,0,0,10,40,38,19,50,0,0,20,100,10,100,20,0,0,0,80,97,40,50,0,0,0,0,39,0,0,0,0,78,27,0,-2,23,104,3,0,0,56,2,1,0,0,342
1,0,0,0,0,0,0,0,0,0,0,0,0,0,0,0,0,0,10,10,40,0,0,0,10,40,38,19,50,0,0,20,100,10,100,20,0,0,23,104,0,2,78,27,3,2,0,56,-100,-100,0,0,341,0,0,0,0,0,0,0,0,0,0,0,10,10,40,0,0,0,10,40,38,19,50,0,0,20,100,10,100,20,0,0,0,80,97,40,50,0,0,22,104,0,1,78,27,3,1,0,56,2,2,0,0,341
0,0,0,0,10,10,40,0,0,0,10,40,38,19,50,0,0,20,100,10,100,20,0,0,0,80,97,40,50,0,0,0,0,39,0,0,0,0,78,27,0,-1,22,104,3,0,0,56,2,1,0,0,340,1,0,0,0,0,0,0,0,0,0,0,10,10,40,0,0,0,10,40,38,19,50,0,0,20,100,10,100,20,0,0,0,80,97,40,50,0,0,77,27,0,0,22,104,3,1,0,56,2,2,0,0,340
1,0,0,0,0,0,0,0,0,0,0,10,10,40,0,0,0,10,40,38,19,50,0,0,20,100,10,100,20,0,0,0,80,97,40,50,0,0,22,104,0,0,77,27,3,1,0,56,2,2,0,0,339,4,0,0,0,0,0,0,0,0,0,0,10,10,40,0,0,0,10,0,38,19,50,0,0,20,100,10,100,20,0,0,0,80,97,40,50,0,0,62,104,0,0,77,27,3,1,0,56,2,2,0,0,339
0,0,0,0,0,0,0,0,0,0,0,10,10,40,0,0,0,10,0,38,19,50,0,0,20,100,10,100,20,0,0,0,80,97,40,50,0,0,77,27,0,0,62,104,3,1,0,56,2,2,0,0,338,2,0,0,0,0,0,0,0,0,0,10,10,40,0,0,0,10,0,38,19,50,0,0,20,100,10,100,20,50,0,0,80,97,40,50,40,0,0,76,27,-1,0,62,104,2,1,0,56,1,2,0,0,338
1,0,0,0,0,0,0,0,0,0,0,10,10,40,0,0,0,10,0,38,19,50,0,0,20,100,10,100,20,0,0,0,80,97,40,50,0,0,62,104,1,0,76,27,3,1,0,56,2,2,0,0,337,0,0,0,0,10,10,40,0,0,0,10,0,38,19,50,0,0,20,100,10,100,20,0,0,0,80,97,40,50,0,0,0,0,39,0,0,0,0,61,104,1,-1,76,27,3,0,0,56,2,1,0,0,337
0,0,0,0,0,0,0,0,0,0,10,10,40,0,0,0,10,0,38,19,50,0,0,20,100,10,100,20,50,0,0,80,97,40,50,40,0,0,76,27,-1,1,61,104,2,1,0,56,1,2,0,0,336,0,0,0,10,10,40,0,0,0,10,0,38,19,50,0,0,20,100,10,100,20,50,0,0,80,97,40,50,40,0,0,0,39,0,0,40,0,0,75,27,-1,0,61,104,2,0,0,56,1,1,0,0,336
1,0,0,0,10,10,40,0,0,0,10,0,38,19,50,0,0,20,100,10,100,20,0,0,0,80,97,40,50,0,0,0,0,39,0,0,0,0,61,104,1,0,75,27,3,0,0,56,2,1,0,0,335,4,0,0,0,10,10,40,0,0,0,10,0,38,19,50,0,0,20,61,10,100,20,0,0,0,80,97,40,50,0,0,0,0,39,0,0,0,0,100,104,1,0,75,27,3,0,0,56,2,1,0,0,335
0,0,0,10,10,40,0,0,0,10,0,38,19,50,0,0,20,61,10,100,20,50,0,0,80,97,40,50,40,0,0,0,39,0,0,40,0,0,75,27,-1,0,100,104,2,0,0,56,1,1,0,0,334,0,0,10,0,38,19,50,0,0,20,61,10,100,20,50,0,0,80,97,40,50,40,0,0,0,39,0,0,40,0,0,0,0,0,0,0,0,0,74,27,-1,-1,100,104,2,-1,0,56,1,0,0,0,334
1,0,0,0,10,10,40,0,0,0,10,0,38,19,50,0,0,20,61,10,100,20,0,0,0,80,97,40,50,0,0,0,0,39,0,0,0,0,100,104,1,1,74,27,3,0,0,56,2,1,0,0,333,6,0,0,0,10,10,40,0,0,0,10,10,38,19,50,0,0,30,71,20,100,20,0,0,0,90,97,40,50,0,0,0,0,39,0,0,0,0,80,104,1,1,74,27,3,0,0,56,2,1,0,0,333
0,0,10,10,38,19,50,0,0,30,71,20,100,20,50,0,0,90,97,40,50,40,0,0,0,39,0,0,40,0,0,0,0,0,0,0,0,0,74,27,-1,-1,80,104,2,-1,0,56,1,0,0,0,332,3,0,0,10,10,38,19,50,0,0,30,71,20,100,20,0,0,0,90,97,40,50,0,0,0,0,39,0,0,0,0,0,0,0,0,0,0,0,73,27,0,-1,80,104,3,-1,0,56,2,0,0,0,332
1,0,0,0,10,10,40,0,0,0,10,10,38,19,50,0,0,30,71,20,100,20,0,0,0,90,97,40,50,0,0,0,0,39,0,0,0,0,80,104,0,1,73,27,3,0,0,56,2,1,0,0,331,5,0,0,0,10,10,40,0,0,0,10,10,38,19,50,0,0,30,71,20,100,20,0,0,0,90,97,40,50,0,0,0,0,39,0,0,0,0,40,144,0,1,73,27,3,0,0,56,2,1,0,0,331
0,0,0,10,10,38,19,50,0,0,30,71,20,100,20,0,0,0,90,97,40,50,0,0,0,0,39,0,0,0,0,0,0,0,0,0,0,0,73,27,0,-1,40,144,3,-1,0,56,2,0,0,0,330,1,0,0,0,10,10,40,0,0,0,10,10,38,19,50,0,0,30,71,20,100,20,0,0,0,90,97,40,50,0,0,0,0,39,0,0,0,0,72,27,0,0,40,144,3,0,0,56,2,1,0,0,330
1,0,0,0,10,10,40,0,0,0,10,10,38,19,50,0,0,30,71,20,100,20,0,0,0,90,97,40,50,0,0,0,0,39,0,0,0,0,40,144,0,0,72,27,3,0,0,56,2,1,0,0,329,4,0,0,0,10,10,40,0,0,0,10,10,38,19,50,0,0,30,11,20,100,20,0,0,0,90,97,40,50,0,0,0,0,39,0,0,0,0,100,144,0,0,72,27,3,0,0,56,2,1,0,0,329
0,0,0,0,10,10,40,0,0,0,10,10,38,19,50,0,0,30,11,20,100,20,0,0,0,90,97,40,50,0,0,0,0,39,0,0,0,0,72,27,0,0,100,144,3,0,0,56,2,1,0,0,328,2,0,0,10,10,40,0,0,0,10,10,38,19,50,0,0,30,11,20,100,20,50,0,0,90,97,40,50,40,0,0,0,39,0,0,40,0,0,71,27,-1,0,100,144,2,0,0,56,1,1,0,0,328
1,0,0,0,10,10,40,0,0,0,10,10,38,19,50,0,0,30,11,20,100,20,0,0,0,90,97,40,50,0,0,0,0,39,0,0,0,0,100,144,1,0,71,27,3,0,0,56,2,1,0,0,327,0,0,0,10,10,38,19,50,0,0,30,11,20,100,20,0,0,0,90,97,40,50,0,0,0,0,39,0,0,0,0,0,0,0,0,0,0,0,99,144,1,-1,71,27,3,-1,0,56,2,0,0,0,327
0,0,0,10,10,40,0,0,0,10,10,38,19,50,0,0,30,11,20,100,20,50,0,0,90,97,40,50,40,0,0,0,39,0,0,40,0,0,71,27,-1,1,99,144,2,0,0,56,1,1,0,0,326,1,0,0,0,0,0,0,0,0,0,10,10,40,0,0,0,10,10,38,19,50,0,0,30,11,20,100,20,50,0,0,90,97,40,50,40,0,0,70,27,-1,2,99,144,2,1,0,56,1,2,0,0,326
1,0,0,10,10,38,19,50,0,0,30,11,20,100,20,0,0,0,90,97,40,50,0,0,0,0,39,0,0,0,0,0,0,0,0,0,0,0,99,144,1,-2,70,27,3,-1,0,56,2,0,0,0,325,4,0,0,10,10,38,19,50,0,0,30,11,20,100,20,0,0,0,89,97,40,50,0,0,0,0,39,0,0,0,0,0,0,0,0,0,0,0,100,144,1,-2,70,27,3,-1,0,56,2,0,0,0,325
0,0,0,0,0,0,0,0,0,0,10,10,40,0,0,0,10,10,38,19,50,0,0,30,11,20,100,20,50,0,0,89,97,40,50,40,0,0,70,27,-1,2,100,144,2,1,0,56,1,2,0,0,324,2,0,0,0,0,0,0,0,0,10,10,40,0,0,0,10,10,38,19,50,0,0,30,11,20,100,20,50,0,0,89,97,40,50,40,40,0,0,69,27,-2,2,100,144,1,1,0,56,0,2,0,0,324
1,0,0,10,10,38,19,50,0,0,30,11,20,100,20,0,0,0,89,97,40,50,0,0,0,0,39,0,0,0,0,0,0,0,0,0,0,0,100,144,2,-2,69,27,3,-1,0,56,2,0,0,0,323,1,0,0,0,10,10,40,0,0,0,10,10,38,19,50,0,0,30,11,20,100,20,0,0,0,89,97,40,50,0,0,0,0,39,0,0,0,0,99,144,2,-1,69,27,3,0,0,56,2,1,0,0,323
0,0,0,0,0,0,0,0,0,10,10,40,0,0,0,10,10,38,19,50,0,0,30,11,20,100,20,50,0,0,89,97,40,50,40,40,0,0,69,27,-2,1,99,144,1,1,0,56,0,2,0,0,322,3,0,0,0,0,0,0,0,0,0,10,10,40,0,0,0,10,10,38,19,50,0,0,30,11,20,100,20,50,0,0,89,97,40,50,40,0,0,68,27,-1,1,99,144,2,1,0,56,1,2,0,0,322
1,0,0,0,10,10,40,0,0,0,10,10,38,19,50,0,0,30,11,20,100,20,0,0,0,89,97,40,50,0,0,0,0,39,0,0,0,0,99,144,1,-1,68,27,3,0,0,56,2,1,0,0,321,0,0,0,10,10,38,19,50,0,0,30,11,20,100,20,0,0,0,89,97,40,50,0,0,0,0,39,0,0,0,0,0,0,0,0,0,0,0,98,144,1,-2,68,27,3,-1,0,56,2,0,0,0,321
0,0,0,0,0,0,0,0,0,0,10,10,40,0,0,0,10,10,38,19,50,0,0,30,11,20,100,20,50,0,0,89,97,40,50,40,0,0,68,27,-1,2,98,144,2,1,0,56,1,2,0,0,320,2,0,0,0,0,0,0,0,0,10,10,40,0,0,0,10,10,38,19,50,0,0,30,11,20,100,20,50,0,0,89,97,40,50,40,40,0,0,67,27,-2,2,98,144,1,1,0,56,0,2,0,0,320
1,0,0,10,10,38,19,50,0,0,30,11,20,100,20,0,0,0,89,97,40,50,0,0,0,0,39,0,0,0,0,0,0,0,0,0,0,0,98,144,2,-2,67,27,3,-1,0,56,2,0,0,0,319,4,0,0,10,10,38,19,50,0,0,30,11,20,100,20,0,0,0,87,97,40,50,0,0,0,0,39,0,0,0,0,0,0,0,0,0,0,0,100,144,2,-2,67,27,3,-1,0,56,2,0,0,0,319
0,0,0,0,0,0,0,0,0,10,10,40,0,0,0,10,10,38,19,50,0,0,30,11,20,100,20,50,0,0,87,97,40,50,40,40,0,0,67,27,-2,2,100,144,1,1,0,56,0,2,0,0,318,3,0,0,0,0,0,0,0,0,0,10,10,40,0,0,0,10,10,38,19,50,0,0,30,11,20,100,20,50,0,0,87,97,40,50,40,0,0,66,27,-1,2,100,144,2,1,0,56,1,2,0,0,318
1,0,0,10,10,38,19,50,0,0,30,11,20,100,20,0,0,0,87,97,40,50,0,0,0,0,39,0,0,0,0,0,0,0,0,0,0,0,100,144,1,-2,66,27,3,-1,0,56,2,0,0,0,317,1,0,0,0,10,10,40,0,0,0,10,10,38,19,50,0,0,30,11,20,100,20,0,0,0,87,97,40,50,0,0,0,0,39,0,0,0,0,99,144,1,-1,66,27,3,0,0,56,2,1,0,0,317
0,0,0,0,0,0,0,0,0,0,10,10,40,0,0,0,10,10,38,19,50,0,0,30,11,20,100,20,50,0,0,87,97,40,50,40,0,0,66,27,-1,1,99,144,2,1,0,56,1,2,0,0,316,2,0,0,0,0,0,0,0,0,10,10,40,0,0,0,10,10,38,19,50,0,0,30,11,20,100,20,50,0,0,87,97,40,50,40,40,0,0,65,27,-2,1,99,144,1,1,0,56,0,2,0,0,316
1,0,0,0,10,10,40,0,0,0,10,10,38,19,50,0,0,30,11,20,100,20,0,0,0,87,97,40,50,0,0,0,0,39,0,0,0,0,99,144,2,-1,65,27,3,0,0,56,2,1,0,0,315,0,0,0,10,10,38,19,50,0,0,30,11,20,100,20,0,0,0,87,97,40,50,0,0,0,0,39,0,0,0,0,0,0,0,0,0,0,0,98,144,2,-2,65,27,3,-1,0,56,2,0,0,0,315
0,0,0,0,0,0,0,0,0,10,10,40,0,0,0,10,10,38,19,50,0,0,30,11,20,100,20,50,0,0,87,97,40,50,40,40,0,0,65,27,-2,2,98,144,1,1,0,56,0,2,0,0,314,3,0,0,0,0,0,0,0,0,0,10,10,40,0,0,0,10,10,38,19,50,0,0,30,11,20,100,20,50,0,0,87,97,40,50,40,0,0,64,27,-1,2,98,144,2,1,0,56,1,2,0,0,314
1,0,0,10,10,38,19,50,0,0,30,11,20,100,20,0,0,0,87,97,40,50,0,0,0,0,39,0,0,0,0,0,0,0,0,0,0,0,98,144,1,-2,64,27,3,-1,0,56,2,0,0,0,313,1,0,0,0,10,10,40,0,0,0,10,10,38,19,50,0,0,30,11,20,100,20,0,0,0,87,97,40,50,0,0,0,0,39,0,0,0,0,97,144,1,-1,64,27,3,0,0,56,2,1,0,0,313
0,0,0,0,0,0,0,0,0,0,10,10,40,0,0,0,10,10,38,19,50,0,0,30,11,20,100,20,50,0,0,87,97,40,50,40,0,0,64,27,-1,1,97,144,2,1,0,56,1,2,0,0,312,2,0,0,0,0,0,0,0,0,10,10,40,0,0,0,10,10,38,19,50,0,0,30,11,20,100,20,50,0,0,87,97,40,50,40,40,0,0,63,27,-2,1,97,144,1,1,0,56,0,2,0,0,312
1,0,0,0,10,10,40,0,0,0,10,10,38,19,50,0,0,30,11,20,100,20,0,0,0,87,97,40,50,0,0,0,0,39,0,0,0,0,97,144,2,-1,63,27,3,0,0,56,2,1,0,0,311,3,0,0,0,0,10,10,40,0,0,0,10,10,38,19,0,0,0,30,11,20,100,0,0,0,0,87,97,40,0,0,0,0,0,39,0,0,0,96,144,3,-1,63,27,-100,-100,0,56,3,1,0,0,311
0,0,0,0,0,0,0,0,0,10,10,40,0,0,0,10,10,38,19,50,0,0,30,11,20,100,20,50,0,0,87,97,40,50,40,40,0,0,63,27,-3,1,96,144,1,1,0,56,0,2,0,0,310,3,0,0,0,0,0,0,0,0,0,10,10,40,0,0,0,10,10,38,19,50,0,0,30,11,20,100,20,50,0,0,87,97,40,50,40,0,0,62,27,-2,1,96,144,2,1,0,56,1,2,0,0,310
1,0,0,0,0,10,10,40,0,0,0,10,10,38,19,0,0,0,30,11,20,100,0,0,0,0,87,97,40,0,0,0,0,0,39,0,0,0,96,144,2,-1,62,27,-100,-100,0,56,3,1,0,0,309,5,0,0,0,0,10,10,40,0,0,0,10,10,38,19,0,0,0,30,11,20,100,0,0,0,0,87,97,40,0,0,0,0,0,39,0,0,0,48,192,2,-1,62,27,-100,-100,0,56,3,1,0,0,309
0,0,0,0,0,0,0,0,0,0,10,10,40,0,0,0,10,10,38,19,50,0,0,30,11,20,100,20,50,0,0,87,97,40,50,40,0,0,62,27,-2,1,48,192,2,1,0,56,1,2,0,0,308,6,0,0,0,0,0,0,0,0,0,10,20,40,0,0,0,10,20,48,29,50,0,0,30,11,30,100,20,50,0,0,87,97,40,50,40,0,0,42,27,-2,1,48,192,2,1,0,56,1,2,0,0,308
1,0,0,0,0,10,20,40,0,0,0,10,20,48,29,0,0,0,30,11,30,100,0,0,0,0,87,97,40,0,0,0,0,0,39,0,0,0,48,192,2,-1,42,27,-100,-100,0,56,3,1,0,0,307,0,0,0,0,10,20,48,29,0,0,0,30,11,30,100,0,0,0,0,87,97,40,0,0,0,0,0,39,0,0,0,0,0,0,0,0,0,0,47,192,2,-2,42,27,-100,-100,0,56,3,0,0,0,307
0,0,0,0,0,0,0,0,0,0,10,20,40,0,0,0,10,20,48,29,50,0,0,30,11,30,100,20,50,0,0,87,97,40,50,40,0,0,42,27,-2,2,47,192,2,1,0,56,1,2,0,0,306,4,0,0,0,0,0,0,0,0,0,10,20,40,0,0,0,10,20,0,29,50,0,0,30,11,30,100,20,50,0,0,87,97,40,50,40,0,0,90,27,-2,2,47,192,2,1,0,56,1,2,0,0,306
1,0,0,0,10,20,0,29,0,0,0,30,11,30,100,0,0,0,0,87,97,40,0,0,0,0,0,39,0,0,0,0,0,0,0,0,0,0,47,192,2,-2,90,27,-100,-100,0,56,3,0,0,0,305,0,0,0,0,30,11,30,100,0,0,0,0,87,97,40,0,0,0,0,0,39,0,0,0,0,0,0,0,0,0,0,0,0,0,0,0,0,0,46,192,-100,-100,0,27,-100,-100,0,56,3,-1,0,0,305
0,0,0,0,0,0,0,0,0,0,10,20,40,0,0,0,10,20,0,29,50,0,0,30,11,30,100,20,50,0,0,87,97,40,50,40,0,0,90,27,-100,-100,0,192,2,1,0,56,1,2,0,0,304,6,0,0,0,0,0,0,0,0,0,10,30,40,0,0,0,10,30,10,39,50,0,0,30,11,40,100,20,50,0,0,87,97,40,50,40,0,0,70,27,-100,-100,0,192,2,1,0,56,1,2,0,0,304
1,0,0,0,30,11,40,100,0,0,0,0,87,97,40,0,0,0,0,0,39,0,0,0,0,0,0,0,0,0,0,0,0,0,0,0,0,0,46,192,-100,-100,0,27,-100,-100,0,56,3,-1,0,0,303,1,0,0,0,10,30,10,39,0,0,0,30,11,40,100,0,0,0,0,87,97,40,0,0,0,0,0,39,0,0,0,0,0,0,0,0,0,0,45,192,2,-2,70,27,-100,-100,0,56,3,0,0,0,303
0,0,0,0,0,0,0,0,0,0,10,30,40,0,0,0,10,30,10,39,50,0,0,30,11,40,100,20,50,0,0,87,97,40,50,40,0,0,70,27,-2,2,45,192,2,1,0,56,1,2,0,0,302,6,0,0,0,0,0,0,0,0,0,10,40,40,0,0,0,10,40,20,49,50,0,0,30,11,50,100,20,50,0,0,87,97,40,50,40,0,0,50,27,-2,2,45,192,2,1,0,56,1,2,0,0,302
1,0,0,0,10,40,20,49,0,0,0,30,11,50,100,0,0,0,0,87,97,40,0,0,0,0,0,39,0,0,0,0,0,0,0,0,0,0,45,192,2,-2,50,27,-100,-100,0,56,3,0,0,0,301,1,0,0,0,0,10,40,40,0,0,0,10,40,20,49,0,0,0,30,11,50,100,0,0,0,0,87,97,40,0,0,0,0,0,39,0,0,0,44,192,2,-1,50,27,-100,-100,0,56,3,1,0,0,301
0,0,0,0,0,0,0,0,0,0,10,40,40,0,0,0,10,40,20,49,50,0,0,30,11,50,100,20,50,0,0,87,97,40,50,40,0,0,50,27,-2,1,44,192,2,1,0,56,1,2,0,0,300,5,0,0,0,0,0,0,0,0,0,10,40,40,0,0,0,10,40,20,49,50,0,0,30,11,50,100,20,50,0,0,87,97,40,50,40,0,0,25,52,-2,1,44,192,2,1,0,56,1,2,0,0,300
1,0,0,0,0,10,40,40,0,0,0,10,40,20,49,0,0,0,30,11,50,100,0,0,0,0,87,97,40,0,0,0,0,0,39,0,0,0,44,192,2,-1,25,52,-100,-100,0,56,3,1,0,0,299,4,0,0,0,0,10,40,40,0,0,0,10,40,20,49,0,0,0,0,11,50,100,0,0,0,0,87,97,40,0,0,0,0,0,39,0,0,0,74,192,2,-1,25,52,-100,-100,0,56,3,1,0,0,299
0,0,0,0,0,0,0,0,0,0,10,40,40,0,0,0,10,40,20,49,50,0,0,0,11,50,100,20,50,0,0,87,97,40,50,40,0,0,25,52,-2,1,74,192,2,1,0,56,1,2,0,0,298,4,0,0,0,0,0,0,0,0,0,10,40,40,0,0,0,10,40,0,49,50,0,0,0,11,50,100,20,50,0,0,87,97,40,50,40,0,0,45,52,-2,1,74,192,2,1,0,56,1,2,0,0,298
1,0,0,0,0,10,40,40,0,0,0,10,40,0,49,0,0,0,0,11,50,100,0,0,0,0,87,97,40,0,0,0,0,0,39,0,0,0,74,192,2,-1,45,52,-100,-100,0,56,3,1,0,0,297,0,0,0,0,10,40,0,49,0,0,0,0,11,50,100,0,0,0,0,87,97,40,0,0,0,0,0,39,0,0,0,0,0,0,0,0,0,0,73,192,2,-2,45,52,-100,-100,0,56,3,0,0,0,297
0,0,0,0,0,0,0,0,0,0,10,40,40,0,0,0,10,40,0,49,50,0,0,0,11,50,100,20,50,0,0,87,97,40,50,40,0,0,45,52,-2,2,73,192,2,1,0,56,1,2,0,0,296,6,0,0,0,0,0,0,0,0,0,10,50,40,0,0,0,10,50,10,59,50,0,0,0,11,60,100,20,50,0,0,87,97,40,50,40,0,0,25,52,-2,2,73,192,2,1,0,56,1,2,0,0,296
1,0,0,0,10,50,10,59,0,0,0,0,11,60,100,0,0,0,0,87,97,40,0,0,0,0,0,39,0,0,0,0,0,0,0,0,0,0,73,192,2,-2,25,52,-100,-100,0,56,3,0,0,0,295,1,0,0,0,0,10,50,40,0,0,0,10,50,10,59,0,0,0,0,11,60,100,0,0,0,0,87,97,40,0,0,0,0,0,39,0,0,0,72,192,2,-1,25,52,-100,-100,0,56,3,1,0,0,295
0,0,0,0,0,0,0,0,0,0,10,50,40,0,0,0,10,50,10,59,50,0,0,0,11,60,100,20,50,0,0,87,97,40,50,40,0,0,25,52,-2,1,72,192,2,1,0,56,1,2,0,0,294,1,0,0,0,0,0,0,0,0,0,0,0,0,0,0,0,0,10,50,40,0,0,0,10,50,10,59,50,0,0,0,11,60,100,20,50,0,0,24,52,-2,2,72,192,2,2,0,56,-100,-100,0,0,294
1,0,0,0,0,10,50,40,0,0,0,10,50,10,59,0,0,0,0,11,60,100,0,0,0,0,87,97,40,0,0,0,0,0,39,0,0,0,72,192,2,-2,24,52,-100,-100,0,56,3,1,0,0,293,5,0,0,0,0,10,50,40,0,0,0,10,50,10,59,0,0,0,0,11,60,100,0,0,0,0,87,97,40,0,0,0,0,0,39,0,0,0,36,228,2,-2,24,52,-100,-100,0,56,3,1,0,0,293
0,0,0,0,0,0,0,0,0,0,0,0,0,0,0,0,0,10,50,40,0,0,0,10,50,10,59,50,0,0,0,11,60,100,20,50,0,0,24,52,-2,2,36,228,2,2,0,56,-100,-100,0,0,292,2,0,0,0,0,0,0,0,0,0,0,0,0,0,0,0,10,50,40,0,0,0,10,50,10,59,50,0,0,0,11,60,100,20,50,0,0,0,23,52,-3,2,36,228,1,2,0,56,-100,-100,0,0,292
1,0,0,0,0,10,50,40,0,0,0,10,50,10,59,0,0,0,0,11,60,100,0,0,0,0,87,97,40,0,0,0,0,0,39,0,0,0,36,228,3,-2,23,52,-100,-100,0,56,3,1,0,0,291,6,0,0,0,0,10,50,40,0,0,0,20,50,10,59,0,0,10,10,21,60,100,0,0,0,10,87,97,40,0,0,0,0,0,39,0,0,0,16,228,3,-2,23,52,-100,-100,0,56,3,1,0,0,291
0,0,0,0,0,0,0,0,0,0,0,0,0,0,0,0,10,50,40,0,0,0,20,50,10,59,50,0,0,10,21,60,100,20,50,0,0,0,23,52,-3,2,16,228,1,2,0,56,-100,-100,0,0,290,3,0,0,0,0,0,0,0,0,0,0,0,0,0,0,0,0,10,50,40,0,0,0,20,50,10,59,50,0,10,10,21,60,100,20,50,0,0,22,52,-2,2,16,228,2,2,0,56,-100,-100,0,0,290
1,0,0,0,0,10,50,40,0,0,0,20,50,10,59,0,0,10,10,21,60,100,0,0,0,10,87,97,40,0,0,0,0,0,39,0,0,0,16,228,2,-2,22,52,-100,-100,0,56,3,1,0,0,289,1,0,0,0,0,0,0,0,0,0,0,0,10,50,40,0,0,0,20,50,10,59,0,0,10,10,21,60,100,0,0,0,10,87,97,40,0,0,15,228,2,-1,22,52,-100,-100,0,56,3,2,0,0,289
0,0,0,0,0,0,0,0,0,0,0,0,0,0,0,0,0,10,50,40,0,0,0,20,50,10,59,50,0,10,10,21,60,100,20,50,0,0,22,52,-2,1,15,228,2,2,0,56,-100,-100,0,0,288,2,0,0,0,0,0,0,0,0,0,0,0,0,0,0,0,10,50,40,0,0,0,20,50,10,59,50,0,0,10,21,60,100,20,50,0,0,0,21,52,-3,1,15,228,1,2,0,56,-100,-100,0,0,288
1,0,0,0,0,0,0,0,0,0,0,0,10,50,40,0,0,0,20,50,10,59,0,0,10,10,21,60,100,0,0,0,10,87,97,40,0,0,15,228,3,-1,21,52,-100,-100,0,56,3,2,0,0,287,1,0,0,0,0,0,0,0,0,0,0,0,0,0,0,0,0,0,0,10,50,40,0,0,0,20,50,10,59,0,0,10,10,21,60,100,0,0,14,228,3,0,21,52,-100,-100,0,56,-100,-100,0,0,287
0,0,0,0,0,0,0,0,0,0,0,0,0,0,0,0,10,50,40,0,0,0,20,50,10,59,50,0,0,10,21,60,100,20,50,0,0,0,21,52,-3,0,14,228,1,2,0,56,-100,-100,0,0,286,3,0,0,0,0,0,0,0,0,0,0,0,0,0,0,0,0,10,50,40,0,0,0,20,50,10,59,50,0,10,10,21,60,100,20,50,0,0,20,52,-2,0,14,228,2,2,0,56,-100,-100,0,0,286
1,0,0,0,0,0,0,0,0,0,0,0,0,0,0,0,0,0,0,10,50,40,0,0,0,20,50,10,59,0,0,10,10,21,60,100,0,0,14,228,2,0,20,52,-100,-100,0,56,-100,-100,0,0,285,0,0,0,0,0,0,0,0,0,0,0,0,10,50,40,0,0,0,20,50,10,59,0,0,10,10,21,60,100,0,0,0,10,87,97,40,0,0,13,228,2,-1,20,52,-100,-100,0,56,3,2,0,0,285
0,0,0,0,0,0,0,0,0,0,0,0,0,0,0,0,0,10,50,40,0,0,0,20,50,10,59,50,0,10,10,21,60,100,20,50,0,0,20,52,-2,1,13,228,2,2,0,56,-100,-100,0,0,284,2,0,0,0,0,0,0,0,0,0,0,0,0,0,0,0,10,50,40,0,0,0,20,50,10,59,50,0,0,10,21,60,100,20,50,0,0,0,19,52,-3,1,13,228,1,2,0,56,-100,-100,0,0,284
1,0,0,0,0,0,0,0,0,0,0,0,10,50,40,0,0,0,20,50,10,59,0,0,10,10,21,60,100,0,0,0,10,87,97,40,0,0,13,228,3,-1,19,52,-100,-100,0,56,3,2,0,0,283,1,0,0,0,0,0,0,0,0,0,0,0,0,0,0,0,0,0,0,10,50,40,0,0,0,20,50,10,59,0,0,10,10,21,60,100,0,0,12,228,3,0,19,52,-100,-100,0,56,-100,-100,0,0,283
0,0,0,0,0,0,0,0,0,0,0,0,0,0,0,0,10,50,40,0,0,0,20,50,10,59,50,0,0,10,21,60,100,20,50,0,0,0,19,52,-3,0,12,228,1,2,0,56,-100,-100,0,0,282,4,0,0,0,0,0,0,0,0,0,0,0,0,0,0,0,10,50,0,0,0,0,20,50,10,59,50,0,0,10,21,60,100,20,50,0,0,0,59,52,-3,0,12,228,1,2,0,56,-100,-100,0,0,282
1,0,0,0,0,0,0,0,0,0,0,0,0,0,0,0,0,0,0,10,50,0,0,0,0,20,50,10,59,0,0,10,10,21,60,100,0,0,12,228,3,0,59,52,-100,-100,0,56,-100,-100,0,0,281,0,0,0,0,0,0,0,0,0,0,0,0,10,50,0,0,0,0,20,50,10,59,0,0,10,10,21,60,100,0,0,0,10,87,97,40,0,0,11,228,3,-1,59,52,-100,-100,0,56,3,2,0,0,281
0,0,0,0,0,0,0,0,0,0,0,0,0,0,0,0,10,50,0,0,0,0,20,50,10,59,50,0,0,10,21,60,100,20,50,0,0,0,59,52,-3,1,11,228,1,2,0,56,-100,-100,0,0,280,5,0,0,0,0,0,0,0,0,0,0,0,0,0,0,0,10,50,0,0,0,0,20,50,10,59,50,0,0,10,21,60,100,20,50,0,0,0,30,81,-3,1,11,228,1,2,0,56,-100,-100,0,0,280
1,0,0,0,0,0,0,0,0,0,0,0,10,50,0,0,0,0,20,50,10,59,0,0,10,10,21,60,100,0,0,0,10,87,97,40,0,0,11,228,3,-1,30,81,-100,-100,0,56,3,2,0,0,279,3,0,0,0,0,0,0,0,0,0,0,0,0,10,50,0,0,0,0,20,50,10,0,0,0,10,10,21,60,0,0,0,0,10,87,97,0,0,10,228,-100,-100,0,81,-100,-100,0,56,-100,-100,0,0,279
0,0,0,0,0,0,0,0,0,0,0,0,0,0,0,0,10,50,0,0,0,0,20,50,10,59,50,0,0,10,21,60,100,20,50,0,0,0,30,81,-100,-100,0,228,1,2,0,56,-100,-100,0,0,278,5,0,0,0,0,0,0,0,0,0,0,0,0,0,0,0,10,50,0,0,0,0,20,50,10,59,50,0,0,10,21,60,100,20,50,0,0,0,15,96,-100,-100,0,228,1,2,0,56,-100,-100,0,0,278
1,0,0,0,0,0,0,0,0,0,0,0,0,10,50,0,0,0,0,20,50,10,0,0,0,10,10,21,60,0,0,0,0,10,87,97,0,0,10,228,-100,-100,0,96,-100,-100,0,56,-100,-100,0,0,277,1,0,0,0,0,0,0,0,0,0,0,0,0,0,0,0,0,0,0,0,10,50,0,0,0,0,20,50,10,0,0,0,10,10,21,60,0,0,9,228,-100,-100,0,96,-100,-100,0,56,-100,-100,0,0,277
0,0,0,0,0,0,0,0,0,0,0,0,0,0,0,0,10,50,0,0,0,0,20,50,10,59,50,0,0,10,21,60,100,20,50,0,0,0,15,96,-100,-100,0,228,1,2,0,56,-100,-100,0,0,276,5,0,0,0,0,0,0,0,0,0,0,0,0,0,0,0,10,50,0,0,0,0,20,50,10,59,50,0,0,10,21,60,100,20,50,0,0,0,8,103,-100,-100,0,228,1,2,0,56,-100,-100,0,0,276
1,0,0,0,0,0,0,0,0,0,0,0,0,0,0,0,0,0,0,0,10,50,0,0,0,0,20,50,10,0,0,0,10,10,21,60,0,0,9,228,-100,-100,0,103,-100,-100,0,56,-100,-100,0,0,275,2,0,0,0,0,0,0,0,0,0,0,0,0,0,0,0,0,0,0,10,50,0,0,0,0,20,50,10,59,0,0,10,10,21,60,100,0,0,8,228,3,0,8,103,-100,-100,0,56,-100,-100,0,0,275
0,0,0,0,0,0,0,0,0,0,0,0,0,0,0,0,10,50,0,0,0,0,20,50,10,59,50,0,0,10,21,60,100,20,50,0,0,0,8,103,-3,0,8,228,1,2,0,56,-100,-100,0,0,274,3,0,0,0,0,0,0,0,0,0,0,0,0,0,0,0,0,10,50,0,0,0,0,20,50,10,59,50,0,10,10,21,60,100,20,50,0,0,7,103,-2,0,8,228,2,2,0,56,-100,-100,0,0,274
1,0,0,0,0,0,0,0,0,0,0,0,0,0,0,0,0,0,0,10,50,0,0,0,0,20,50,10,59,0,0,10,10,21,60,100,0,0,8,228,2,0,7,103,-100,-100,0,56,-100,-100,0,0,273,1,0,0,0,0,0,0,0,0,0,0,0,0,0,0,0,0,0,0,0,0,0,0,0,0,0,10,50,0,0,0,0,20,50,10,59,0,0,7,228,2,1,7,103,-100,-100,0,56,-100,-100,0,0,273
0,0,0,0,0,0,0,0,0,0,0,0,0,0,0,0,0,10,50,0,0,0,0,20,50,10,59,50,0,10,10,21,60,100,20,50,0,0,7,103,-2,-1,7,228,2,2,0,56,-100,-100,0,0,272,4,0,0,0,0,0,0,0,0,0,0,0,0,0,0,0,0,10,0,0,0,0,0,20,50,10,59,50,0,10,10,21,60,100,20,50,0,0,57,103,-2,-1,7,228,2,2,0,56,-100,-100,0,0,272
1,0,0,0,0,0,0,0,0,0,0,0,0,0,0,0,0,0,0,0,0,0,0,0,0,0,10,0,0,0,0,0,20,50,10,59,0,0,7,228,2,1,57,103,-100,-100,0,56,-100,-100,0,0,271,3,0,0,0,0,0,0,0,0,0,0,0,0,0,0,0,0,0,0,0,0,0,0,0,0,0,0,10,0,0,0,0,0,20,50,10,0,0,6,228,3,1,57,103,-100,-100,0,56,-100,-100,0,0,271
0,0,0,0,0,0,0,0,0,0,0,0,0,0,0,0,0,10,0,0,0,0,0,20,50,10,59,50,0,10,10,21,60,100,20,50,0,0,57,103,-3,-1,6,228,2,2,0,56,-100,-100,0,0,270,6,0,0,0,0,0,0,0,0,0,0,10,0,0,0,0,0,20,10,10,0,0,0,20,50,20,59,50,0,10,10,21,60,100,20,50,0,0,37,103,-3,-1,6,228,2,2,0,56,-100,-100,0,0,270
1,0,0,0,0,0,0,0,0,0,0,0,0,0,0,0,0,0,0,0,0,10,0,0,0,0,0,20,10,0,0,0,0,20,50,20,0,0,6,228,3,1,37,103,-100,-100,0,56,-100,-100,0,0,269,3,0,0,0,0,0,0,0,0,0,0,0,0,0,0,0,0,0,0,0,0,0,0,0,0,0,0,0,20,0,0,0,0,0,20,50,0,0,5,228,-100,-100,0,103,-100,-100,0,56,-100,-100,0,0,269
0,0,0,0,0,0,0,0,0,0,0,10,0,0,0,0,0,20,10,10,0,0,0,20,50,20,59,50,0,10,10,21,60,100,20,50,0,0,37,103,-100,-100,0,228,2,2,0,56,-100,-100,0,0,268,6,0,0,0,0,0,0,0,0,0,0,20,0,0,0,0,0,30,20,20,0,0,0,20,50,30,59,50,0,10,10,21,60,100,20,50,0,0,17,103,-100,-100,0,228,2,2,0,56,-100,-100,0,0,268
1,0,0,0,0,0,0,0,0,0,0,0,0,0,0,0,0,0,0,0,0,0,0,0,0,0,0,0,30,0,0,0,0,0,20,50,0,0,5,228,-100,-100,0,103,-100,-100,0,56,-100,-100,0,0,267,1,0,0,0,0,0,0,0,0,0,0,0,0,0,0,0,0,0,0,0,0,0,0,0,0,0,0,0,0,0,0,0,0,0,0,30,0,0,4,228,-100,-100,0,103,-100,-100,0,56,-100,-100,0,0,267
0,0,0,0,0,0,0,0,0,0,0,20,0,0,0,0,0,30,20,20,0,0,0,20,50,30,59,50,0,10,10,21,60,100,20,50,0,0,17,103,-100,-100,0,228,2,2,0,56,-100,-100,0,0,266,2,0,0,0,0,0,0,0,0,0,20,0,0,0,0,0,30,20,20,0,0,0,20,50,30,59,50,0,0,10,21,60,100,20,50,0,0,0,16,103,-100,-100,0,228,1,2,0,56,-100,-100,0,0,266
1,0,0,0,0,0,0,0,0,0,0,0,0,0,0,0,0,0,0,0,0,0,0,0,0,0,0,0,0,0,0,0,0,0,0,30,0,0,4,228,-100,-100,0,103,-100,-100,0,56,-100,-100,0,0,265,3,0,0,0,0,0,0,0,0,0,0,0,0,0,0,0,0,0,0,0,0,0,0,0,0,0,0,0,0,0,0,0,0,0,0,0,0,0,3,228,-100,-100,0,103,-100,-100,0,56,-100,-100,0,0,265
0,0,0,0,0,0,0,0,0,0,20,0,0,0,0,0,30,20,20,0,0,0,20,50,30,59,50,0,0,10,21,60,100,20,50,0,0,0,16,103,-100,-100,0,228,1,2,0,56,-100,-100,0,0,264,5,0,0,0,0,0,0,0,0,0,20,0,0,0,0,0,30,20,20,0,0,0,20,50,30,59,50,0,0,10,21,60,100,20,50,0,0,0,8,111,-100,-100,0,228,1,2,0,56,-100,-100,0,0,264
1,0,0,0,0,0,0,0,0,0,0,0,0,0,0,0,0,0,0,0,0,0,0,0,0,0,0,0,0,0,0,0,0,0,0,0,0,0,3,228,-100,-100,0,111,-100,-100,0,56,-100,-100,0,0,263,1,0,0,0,0,0,0,0,0,0,0,0,0,0,0,0,0,0,0,0,0,0,0,0,0,0,0,0,0,0,0,0,0,0,0,0,0,0,2,228,-100,-100,0,111,-100,-100,0,56,-100,-100,0,0,263
0,0,0,0,0,0,0,0,0,0,20,0,0,0,0,0,30,20,20,0,0,0,20,50,30,59,50,0,0,10,21,60,100,20,50,0,0,0,8,111,-100,-100,0,228,1,2,0,56,-100,-100,0,0,262,2,0,0,0,0,0,0,0,0,20,0,0,0,0,0,30,20,20,0,0,0,0,50,30,59,50,0,0,0,21,60,100,20,50,0,0,0,0,7,111,-100,-100,0,228,0,2,0,56,-100,-100,0,0,262
1,0,0,0,0,0,0,0,0,0,0,0,0,0,0,0,0,0,0,0,0,0,0,0,0,0,0,0,0,0,0,0,0,0,0,0,0,0,2,228,-100,-100,0,111,-100,-100,0,56,-100,-100,0,0,261,1,0,0,0,0,0,0,0,0,0,0,0,0,0,0,0,0,0,0,0,0,0,0,0,0,0,0,0,0,0,0,0,0,0,0,0,0,0,1,228,-100,-100,0,111,-100,-100,0,56,-100,-100,0,0,261
0,0,0,0,0,0,0,0,0,20,0,0,0,0,0,30,20,20,0,0,0,0,50,30,59,50,0,0,0,21,60,100,20,50,0,0,0,0,7,111,-100,-100,0,228,0,2,0,56,-100,-100,0,0,260,0,0,20,0,0,0,0,0,30,20,20,0,0,0,0,50,30,59,50,0,0,0,21,60,100,20,50,0,0,87,97,40,50,40,40,0,0,0,6,111,-100,-100,0,228,0,1,0,56,-1,2,0,0,260
1,0,0,0,0,0,0,0,0,0,0,0,0,0,0,0,0,0,0,0,0,0,0,0,0,0,0,0,0,0,0,0,0,0,0,0,0,0,1,228,-100,-100,0,111,-100,-100,0,56,-100,-100,0,0,259,1,0,0,0,0,0,0,0,0,0,0,0,0,0,0,0,0,0,0,0,0,0,0,0,0,0,0,0,0,0,0,0,0,0,0,0,0,0,0,228,-100,-100,0,111,-100,-100,0,56,-100,-100,0,0,259
0,0,20,0,0,0,0,0,30,20,20,0,0,0,0,50,30,59,50,0,0,0,21,60,100,20,50,0,0,87,97,40,50,40,40,0,0,0,6,111,-100,-100,0,228,0,1,0,56,-1,2,0,0,258,0,30,20,20,0,0,0,0,50,30,59,50,0,0,0,21,60,100,20,50,0,0,87,97,40,50,40,40,0,0,39,0,0,40,0,0,0,0,5,111,-100,-100,0,228,0,0,0,56,-1,1,0,0,258
0,30,20,20,0,0,0,0,50,30,59,50,0,0,0,21,60,100,20,50,0,0,87,97,40,50,40,40,0,0,39,0,0,40,0,0,0,0,5,111,-100,-100,0,228,0,0,0,56,-1,1,0,0,257,3,0,30,20,20,0,0,0,20,50,30,59,50,0,0,10,21,60,100,20,50,0,10,87,97,40,50,40,40,0,0,39,0,0,40,0,0,0,4,111,-100,-100,0,228,1,0,0,56,0,1,0,0,257
0,0,30,20,20,0,0,0,20,50,30,59,50,0,0,10,21,60,100,20,50,0,10,87,97,40,50,40,40,0,0,39,0,0,40,0,0,0,4,111,-100,-100,0,228,1,0,0,56,0,1,0,0,256,3,0,0,30,20,20,0,0,0,20,50,30,59,50,0,10,10,21,60,100,20,50,0,10,87,97,40,50,40,0,0,0,39,0,0,40,0,0,3,111,-100,-100,0,228,2,0,0,56,1,1,0,0,256
0,0,0,30,20,20,0,0,0,20,50,30,59,50,0,10,10,21,60,100,20,50,0,10,87,97,40,50,40,0,0,0,39,0,0,40,0,0,3,111,-100,-100,0,228,2,0,0,56,1,1,0,0,255,3,0,0,0,30,20,20,0,0,0,20,50,30,59,50,0,10,10,21,60,100,20,0,0,10,87,97,40,50,0,0,0,0,39,0,0,0,0,2,111,-100,-100,0,228,3,0,0,56,2,1,0,0,255
0,0,0,0,30,20,20,0,0,0,20,50,30,59,50,0,10,10,21,60,100,20,0,0,10,87,97,40,50,0,0,0,0,39,0,0,0,0,2,111,-100,-100,0,228,3,0,0,56,2,1,0,0,254,1,0,0,0,0,20,0,0,0,0,0,30,20,20,0,0,0,20,50,30,59,50,0,10,10,21,60,100,20,0,0,10,87,97,40,50,0,0,1,111,-100,-100,0,228,3,1,0,56,2,2,0,0,254
0,0,0,0,0,20,0,0,0,0,0,30,20,20,0,0,0,20,50,30,59,50,0,10,10,21,60,100,20,0,0,10,87,97,40,50,0,0,1,111,-100,-100,0,228,3,1,0,56,2,2,0,0,253,3,0,0,0,0,0,20,0,0,0,0,0,30,20,20,0,0,0,20,50,30,59,0,0,10,10,21,60,100,0,0,0,10,87,97,40,0,0,0,111,-100,-100,0,228,-100,-100,0,56,3,2,0,0,253
