78,93,81,48,10,16,20,14,4,15,5,0,0,1,0
26,37,87,85,14,19,18,14,0,14,5,0,0,0,0
94,62,72,51,15,14,11,13,10,15,12,1,0,0,0
63,147,31,75,16,13,13,15,7,21,8,0,0,0,1
52,76,85,4,16,17,16,14,2,13,7,0,0,0,0
90,80,98,86,7,11,14,9,1,15,4,1,1,0,3
75,75,88,79,17,15,22,9,8,20,5,0,0,0,0
50,87,51,11,4,13,12,12,0,12,8,0,0,0,0
83,74,58,81,16,8,17,8,3,11,4,0,1,0,0
81,76,92,65,9,11,8,8,3,15,5,0,0,0,0
49,91,5,1,12,10,16,13,4,8,11,1,0,0,0
69,53,96,60,16,19,11,16,0,16,3,0,0,0,0
37,87,8,28,11,22,13,24,6,10,15,0,0,0,0
67,97,27,0,5,11,12,11,1,12,8,1,1,0,0
163,48,39,35,29,32,32,32,12,15,12,0,0,0,0
69,56,37,35,20,24,9,10,3,14,11,0,0,0,0
68,66,111,31,46,17,24,14,4,17,4,0,0,0,0
52,20,12,61,52,43,13,17,4,10,12,0,0,0,0
46,97,53,38,24,24,15,13,3,17,8,0,0,0,0
38,35,98,56,40,43,18,12,5,19,10,0,0,0,0
38,95,97,48,7,6,27,21,2,22,5,0,1,0,0
68,98,56,26,75,67,38,2,6,23,7,0,0,0,0
21,87,97,0,31,33,48,3,4,16,6,0,0,0,0
36,102,78,39,39,36,41,39,5,16,4,0,0,0,0
0,78,95,4,48,47,5,3,2,14,7,0,0,0,0
0,92,82,49,39,35,15,28,4,16,6,0,0,0,0
0,98,96,9,45,42,5,5,12,14,14,0,0,0,0
0,133,79,27,53,49,4,5,6,20,11,0,0,0,0
39,97,94,10,16,15,7,42,0,15,4,0,0,0,0
0,106,95,23,58,76,10,2,10,14,7,0,0,0,0
0,98,98,0,82,86,5,1,16,14,12,0,0,0,0
0,148,97,31,45,42,25,22,32,24,22,0,0,0,0
0,96,98,3,56,25,67,4,1,15,3,0,0,0,0
49,97,98,10,17,54,66,13,5,17,4,0,0,0,0
0,153,77,6,20,5,10,99,3,18,5,0,0,0,0
0,97,98,44,77,70,35,29,4,18,5,0,0,0,0
0,98,99,0,131,108,4,1,112,14,131,0,0,0,0
49,108,87,0,106,76,6,2,169,20,122,0,0,0,0
0,173,98,1,104,76,7,4,121,20,168,0,0,0,0
0,98,99,8,89,47,2,1,145,15,201,0,0,0,0
0,98,99,9,125,83,4,0,136,15,138,0,0,0,0
21,97,97,20,84,38,4,3,156,15,200,0,0,0,0
0,97,176,19,103,40,4,1,118,25,123,0,0,0,0
0,95,77,0,93,47,5,3,104,17,162,0,0,0,0
18,98,99,36,79,40,1,1,147,16,216,0,0,0,0
0,98,203,0,105,48,4,1,142,22,178,0,0,0,0
0,97,98,0,88,39,2,1,163,14,193,0,0,0,0
0,98,99,0,80,39,2,0,154,14,211,0,0,0,0
0,98,99,11,79,9,4,0,165,16,184,0,0,0,0
0,96,99,9,81,39,3,1,149,15,212,0,0,0,0
25,98,99,0,49,7,2,0,118,16,182,0,0,0,0
37,98,99,0,52,11,1,1,161,15,259,0,0,0,0
0,97,99,14,80,49,3,0,127,16,225,0,0,0,0
31,98,97,20,64,23,4,2,155,16,236,0,0,0,0
0,98,99,42,87,49,1,0,139,15,209,0,0,0,0
0,98,97,0,89,35,8,3,104,14,109,0,0,0,0
0,96,97,0,58,17,8,4,161,12,240,0,0,0,0
0,98,99,0,72,48,1,2,29,14,48,0,0,0,0
0,98,99,28,62,10,3,0,157,15,180,0,0,0,0
0,99,99,33,48,8,2,1,137,15,171,0,0,0,0
0,98,99,0,68,9,5,1,155,14,170,0,0,0,0
0,97,99,6,61,13,2,0,180,15,229,0,0,0,0
0,99,99,0,39,10,2,1,76,14,132,0,0,0,0
0,99,99,37,74,10,1,0,133,15,132,0,0,0,0
0,99,98,28,69,14,1,1,99,15,114,0,0,0,0
0,99,99,0,56,9,3,0,175,14,243,0,0,0,0
0,99,99,0,53,10,1,2,167,14,253,0,0,0,0
0,99,99,0,52,9,1,1,168,14,255,0,0,0,0
0,99,97,8,53,10,3,2,174,14,244,0,0,0,0
0,97,98,14,49,10,4,1,165,15,256,0,0,0,0
0,99,99,9,51,9,2,1,106,15,139,0,0,0,0
0,97,99,7,54,9,2,1,173,14,247,0,0,0,0
0,99,99,0,42,9,1,0,81,14,140,0,0,0,0
0,98,98,0,50,8,3,3,164,14,258,0,0,0,0
0,99,99,0,55,9,3,0,170,14,249,0,0,0,0
0,99,99,0,49,10,1,1,166,14,259,0,0,0,0
0,99,98,32,75,12,2,2,163,15,202,0,0,0,0
0,99,99,0,67,12,2,1,137,14,177,0,0,0,0
0,97,158,0,39,10,5,1,42,19,73,0,0,0,0
0,97,99,12,52,11,2,3,171,14,247,0,0,0,0
0,99,99,0,70,9,1,2,125,14,123,0,0,0,0
0,97,99,0,48,11,4,1,161,13,262,0,0,0,0
0,98,98,0,70,11,2,1,134,13,169,0,0,0,0
0,98,99,38,54,9,1,1,41,15,74,0,0,0,0
0,97,99,45,66,10,2,1,0,14,4,0,0,0,0
0,97,99,0,109,10,2,3,0,13,4,0,0,0,0
0,97,99,37,74,10,2,1,0,14,4,0,0,0,0
0,99,99,0,102,18,1,1,0,14,4,0,0,0,0
0,99,99,0,101,20,0,1,0,14,4,0,0,0,0
0,99,99,0,109,12,0,1,0,14,4,0,0,0,0
0,99,99,0,89,11,0,2,0,14,5,0,0,0,0
0,99,98,0,116,4,2,1,0,13,4,0,0,0,0
1,99,99,0,110,10,0,1,0,15,4,0,0,0,0
0,98,99,2,107,12,0,2,0,15,4,0,0,0,0
0,98,99,0,89,10,1,3,0,13,5,0,0,0,0
0,99,99,0,108,13,0,1,0,14,4,0,0,0,0
0,99,99,0,106,14,0,2,0,14,4,0,0,0,0
0,99,99,0,110,11,0,1,0,14,4,0,0,0,0
0,99,99,0,90,11,0,1,0,14,5,0,0,0,0
0,99,99,0,90,11,0,1,0,14,5,0,0,0,0
0,99,99,0,110,11,0,1,0,14,4,0,0,0,0
0,99,79,0,108,11,0,3,0,14,5,0,0,0,0
0,99,99,0,90,11,0,1,0,14,5,0,0,0,0
0,99,99,27,63,11,0,1,0,15,5,0,0,0,0
0,98,99,0,108,14,0,1,0,14,4,0,0,0,0
0,99,99,0,108,11,1,2,0,14,4,0,0,0,0
0,99,99,0,99,19,0,4,0,14,4,0,0,0,0
0,99,99,0,116,5,0,1,0,14,4,0,0,0,0
0,99,99,0,106,15,0,1,0,14,4,0,0,0,0
0,99,99,0,81,20,0,1,0,14,5,0,0,0,0
0,99,99,1,100,20,0,1,0,15,4,0,0,0,0
0,99,99,0,101,20,0,1,0,14,4,0,0,0,0
0,98,99,0,100,20,1,2,0,13,4,0,0,0,0
0,99,98,0,100,22,0,1,0,13,4,0,0,0,0
0,99,75,0,71,34,0,1,0,9,6,0,0,0,0
0,99,29,0,101,20,0,1,3,16,11,0,0,0,0
0,99,59,0,100,21,1,0,1,16,8,0,0,0,0
0,99,79,0,100,21,0,1,1,15,6,0,0,0,0
0,99,99,0,100,21,0,1,0,14,4,0,0,0,0
0,98,99,0,99,22,1,1,0,13,4,0,0,0,0
0,96,99,0,100,21,2,2,0,12,4,0,0,0,0
0,99,99,0,105,13,0,4,0,14,4,0,0,0,0
0,93,99,10,121,10,4,3,0,12,3,0,0,0,0
0,96,99,0,113,8,2,2,0,12,4,0,0,0,0
0,97,99,0,118,2,3,1,0,13,4,0,0,0,0
0,99,99,0,109,11,0,2,0,14,4,0,0,0,0
0,99,99,47,55,18,1,1,0,15,4,0,0,0,0
0,96,99,0,110,11,2,2,0,12,4,0,0,0,0
0,93,98,0,109,11,5,4,0,11,4,0,0,0,0
0,99,99,0,128,12,1,1,0,14,3,0,0,0,0
0,99,99,0,110,11,0,1,0,14,4,0,0,0,0
0,97,99,0,110,11,2,1,0,13,4,0,0,0,0
0,96,99,0,109,11,3,2,0,12,4,0,0,0,0
0,98,99,43,68,48,1,3,0,14,2,0,0,0,0
0,99,99,19,86,16,0,1,0,15,4,0,0,0,0
0,96,99,0,97,23,3,2,0,12,4,0,0,0,0
0,99,99,0,99,21,1,1,0,14,4,0,0,0,0
0,96,99,0,90,11,2,2,0,12,5,0,0,0,0
0,99,99,0,190,10,1,1,0,14,0,0,0,0,0
0,96,99,0,108,12,3,2,0,13,4,0,0,0,0
0,96,99,0,150,51,2,2,0,12,0,0,0,0,0
0,98,98,0,111,11,2,0,0,13,4,0,0,0,0
41,94,99,40,117,2,3,4,0,14,0,0,0,0,0
0,98,99,0,109,11,1,2,0,13,4,0,0,0,0
0,99,99,0,109,30,1,2,0,14,3,0,0,0,0
0,99,99,0,110,11,0,1,0,14,4,0,0,0,0
0,96,99,0,139,2,2,2,0,13,3,0,0,0,0
0,99,99,0,108,11,0,3,0,14,4,0,0,0,0
0,99,99,22,96,21,1,2,0,15,3,0,0,0,0
0,94,99,0,104,55,3,5,0,12,2,0,0,0,0
0,99,99,0,128,32,0,2,0,14,2,0,0,0,0
0,99,99,0,129,32,0,1,0,14,2,0,0,0,0
0,98,98,0,100,20,3,1,0,13,4,0,0,0,0
0,98,99,0,100,21,0,2,0,14,4,0,0,0,0
0,99,99,0,116,24,0,2,0,14,3,0,0,0,0
0,97,98,0,119,20,3,3,0,13,3,0,0,0,0
0,99,99,0,120,21,0,1,0,14,3,0,0,0,0
0,98,98,34,77,10,1,2,0,14,4,0,0,0,0
2,99,99,0,109,9,1,1,0,15,4,0,0,0,0
0,99,99,0,110,11,0,1,0,14,4,0,0,0,0
0,99,99,0,108,13,0,1,0,14,4,0,0,0,0
0,98,99,0,111,10,0,2,0,14,4,0,0,0,0
0,99,99,39,71,11,0,1,0,15,4,0,0,0,0
0,98,99,0,110,11,0,2,0,14,4,0,0,0,0
0,98,99,0,110,11,0,2,0,13,4,0,0,0,0
0,99,99,0,108,12,1,1,0,14,4,0,0,0,0
0,99,99,0,109,11,0,2,0,14,4,0,0,0,0
0,99,99,0,110,11,0,1,0,14,4,0,0,0,0
0,99,99,6,102,11,0,3,0,15,4,0,0,0,0
0,99,99,0,110,11,0,1,0,14,4,0,0,0,0
0,99,99,0,110,11,0,1,0,14,4,0,0,0,0
0,99,99,0,109,11,1,1,0,14,4,0,0,0,0
0,99,99,22,87,11,1,1,0,15,4,0,0,0,0
19,99,99,8,102,12,0,1,0,16,3,0,0,0,0
0,99,99,45,65,11,0,1,0,15,4,0,0,0,0
0,99,99,0,110,11,0,1,0,14,4,0,0,0,0
0,99,99,0,110,11,0,1,0,14,4,0,0,0,0
0,99,99,6,101,12,0,3,1,15,6,0,0,0,0
0,99,99,0,119,21,0,2,0,14,3,0,0,0,0
0,99,99,0,110,11,0,1,0,14,4,0,0,0,0
0,99,99,13,96,11,0,2,0,15,4,0,0,0,0
0,99,99,0,108,11,1,2,0,14,4,0,0,0,0
0,99,99,0,110,11,0,1,0,14,4,0,0,0,0
0,99,99,5,105,11,0,1,0,15,4,0,0,0,0
0,99,99,0,109,11,0,2,0,14,4,0,0,0,0
50,99,99,5,99,6,1,1,0,16,2,0,0,0,0
0,99,99,5,104,12,0,1,0,15,4,0,0,0,0
0,99,79,0,98,60,1,3,0,13,3,0,0,0,0
0,99,99,0,100,14,0,8,0,14,4,0,0,0,0
0,99,99,0,110,11,0,1,0,14,4,0,0,0,0
0,99,99,26,85,10,0,1,0,15,4,0,0,0,0
0,99,99,46,64,11,0,1,0,15,4,0,0,0,0
0,99,99,0,109,12,0,1,0,14,4,0,0,0,0
0,99,99,0,109,12,0,1,0,14,4,0,0,0,0
0,99,99,3,107,11,0,1,0,15,4,0,0,0,0
0,99,99,0,107,13,0,2,0,14,4,0,0,0,0
0,79,99,0,110,11,0,1,0,12,5,0,0,0,0
0,99,99,0,110,11,0,1,0,14,4,0,0,0,0
0,99,99,0,110,11,0,1,0,14,4,0,0,0,0
0,99,99,41,69,11,0,1,0,16,4,0,0,0,0
0,99,99,0,110,11,0,1,0,14,4,0,0,0,0
0,99,99,0,110,11,0,1,0,14,4,0,0,0,0
0,99,99,0,110,11,0,1,0,14,4,0,0,0,0
0,99,99,22,88,11,0,1,0,15,4,0,0,0,0
0,99,99,33,77,11,0,1,0,15,4,0,0,0,0
0,99,99,45,45,11,0,1,0,15,5,0,0,0,0
0,99,99,0,108,53,0,1,0,14,2,0,0,0,0
0,99,99,0,110,11,0,1,0,14,4,0,0,0,0
0,99,99,0,107,12,2,1,0,14,4,0,0,0,0
0,99,99,0,109,11,0,2,0,14,4,0,0,0,0
0,99,99,0,107,11,2,2,0,14,4,0,0,0,0
0,99,99,0,109,11,0,2,0,14,4,0,0,0,0
0,99,99,22,88,11,0,1,0,15,4,0,0,0,0
0,99,99,30,79,11,0,2,0,15,4,0,0,0,0
0,99,99,0,107,12,0,3,0,14,4,0,0,0,0
0,99,99,0,103,38,0,1,0,14,3,0,0,0,0
15,99,99,0,112,13,1,1,0,15,3,0,0,0,0
0,99,99,0,121,20,0,1,0,14,3,0,0,0,0
0,99,99,0,108,4,1,9,0,14,4,0,0,0,0
0,99,99,0,109,10,1,2,1,14,6,0,0,0,0
0,99,99,0,111,9,1,1,0,14,4,0,0,0,0
0,99,99,0,110,11,0,1,0,14,4,0,0,0,0
0,99,99,0,108,11,1,2,0,14,4,0,0,0,0
0,99,99,0,109,11,1,1,0,14,4,0,0,0,0
0,99,99,0,110,11,0,1,0,14,4,0,0,0,0
0,99,99,0,110,11,0,1,0,14,4,0,0,0,0
0,99,99,0,109,12,0,1,0,14,4,0,0,0,0
0,99,99,0,111,10,0,1,0,14,4,0,0,0,0
8,99,99,34,73,6,0,1,0,16,4,0,0,0,0
0,99,99,49,60,12,0,1,0,15,4,0,0,0,0
0,99,99,0,110,11,0,1,0,14,4,0,0,0,0
0,99,99,0,109,11,0,2,0,14,4,0,0,0,0
0,99,99,0,108,11,0,3,0,14,4,0,0,0,0
0,99,99,0,110,11,0,1,0,14,4,0,0,0,0
0,99,99,0,109,12,0,1,0,14,4,0,0,0,0
0,99,99,29,81,11,0,1,0,15,4,0,0,0,0
0,99,99,0,110,11,0,1,0,14,4,0,0,0,0
0,99,99,0,118,3,0,1,0,14,4,0,0,0,0
0,99,99,0,109,11,0,2,0,14,4,0,0,0,0
0,99,99,0,109,11,0,2,0,14,4,0,0,0,0
0,99,99,0,109,11,0,2,0,14,4,0,0,0,0
0,99,98,0,111,11,0,1,0,14,4,0,0,0,0
0,99,99,0,109,11,0,2,0,14,4,0,0,0,0
0,99,99,2,87,11,0,2,0,15,5,0,0,0,0
0,99,99,0,110,11,0,1,0,14,4,0,0,0,0
0,99,99,0,118,2,1,1,0,14,4,0,0,0,0
0,99,99,0,120,1,0,1,0,14,4,0,0,0,0
0,99,99,0,118,2,1,1,0,14,4,0,0,0,0
0,99,99,0,118,2,0,2,0,14,4,0,0,0,0
0,99,99,0,119,2,0,1,0,14,4,0,0,0,0
0,99,99,0,99,1,0,2,0,14,5,0,0,0,0
0,99,99,36,84,1,0,1,0,15,4,0,0,0,0
0,99,99,0,120,1,0,1,0,14,4,0,0,0,0
0,98,99,0,120,2,0,1,0,13,4,0,0,0,0
0,99,99,0,100,1,0,1,0,14,5,0,0,0,0
0,99,99,0,99,1,1,1,0,14,5,0,0,0,0
0,99,99,0,120,1,0,1,0,14,4,0,0,0,0
0,98,99,0,120,2,0,1,0,14,4,0,0,0,0
0,99,99,20,80,1,0,1,0,15,5,0,0,0,0
0,99,99,0,119,1,1,1,0,14,4,0,0,0,0
0,98,99,0,121,1,0,1,0,14,4,0,0,0,0
0,99,99,0,118,2,0,2,0,14,4,0,0,0,0
0,99,99,37,82,2,0,1,0,15,4,0,0,0,0
0,99,99,0,120,1,0,1,0,14,4,0,0,0,0
0,99,99,2,114,5,0,1,0,15,4,0,0,0,0
0,99,99,28,112,61,0,1,0,15,0,0,0,0,0
0,99,99,0,105,16,0,1,0,14,4,0,0,0,0
0,99,99,0,100,20,0,2,0,14,4,0,0,0,0
0,99,99,0,100,21,0,1,0,14,4,0,0,0,0
0,99,99,0,90,11,0,1,0,14,5,0,0,0,0
0,99,99,0,196,3,1,2,0,14,0,0,0,0,0
0,99,99,0,154,27,0,1,0,14,1,0,0,0,0
46,99,99,0,121,13,1,1,0,15,1,0,0,0,0
0,99,99,0,111,49,0,2,0,14,2,0,0,0,0
0,99,99,0,109,12,0,1,0,14,4,0,0,0,0
0,99,99,0,167,13,0,2,0,14,1,0,0,0,0
0,99,99,0,109,12,0,1,0,14,4,0,0,0,0
0,99,99,0,107,13,1,1,0,14,4,0,0,0,0
0,99,99,0,111,10,0,1,0,14,4,0,0,0,0
0,99,99,0,183,17,1,1,0,14,0,0,0,0,0
0,99,99,0,109,11,1,1,0,14,4,0,0,0,0
0,99,99,0,126,55,0,1,0,14,1,0,0,0,0
0,99,99,0,87,14,0,1,0,14,5,0,0,0,0
0,99,99,0,109,12,0,1,0,14,4,0,0,0,0
0,99,99,0,131,48,1,2,0,14,1,0,0,0,0
0,99,99,0,129,12,0,1,0,14,3,0,0,0,0
0,99,99,0,110,11,0,1,0,14,4,0,0,0,0
0,99,99,0,193,8,0,1,0,14,0,0,0,0,0
0,99,99,0,110,10,0,2,0,14,4,0,0,0,0
0,99,99,0,198,2,0,2,0,14,0,0,0,0,0
0,99,98,0,144,47,1,1,1,14,1,0,0,0,0
0,99,99,0,110,10,1,1,0,14,4,0,0,0,0
43,99,99,0,155,2,0,2,0,15,0,0,0,0,0
0,99,99,0,197,3,0,2,0,14,0,0,0,0,0
0,99,99,0,92,9,0,1,0,14,5,0,0,0,0
0,99,99,0,199,2,0,1,0,14,0,0,0,0,0
0,99,99,0,119,2,0,1,0,14,4,0,0,0,0
0,99,99,8,169,4,0,1,0,15,1,0,0,0,0
0,99,99,0,173,2,0,27,0,14,0,0,0,0,0
0,99,99,0,133,2,0,47,0,14,1,0,0,0,0
0,99,99,0,177,3,0,22,0,14,0,0,0,0,0
0,98,99,0,116,2,1,4,0,14,4,0,0,0,0
0,99,99,0,196,2,1,3,0,14,0,0,0,0,0
0,99,99,0,113,7,1,1,0,14,4,0,0,0,0
0,99,99,0,176,3,0,23,0,14,0,0,0,0,0
27,99,99,0,100,3,1,71,0,15,0,0,0,0,0
0,99,99,0,120,16,0,46,0,14,1,0,0,0,0
0,99,99,0,114,3,0,5,0,14,4,0,0,0,0
0,99,99,0,114,2,0,46,0,14,2,0,0,0,0
6,99,99,0,100,2,0,14,0,15,4,0,0,0,0
0,99,99,0,80,2,0,80,0,14,2,0,0,0,0
5,99,99,0,124,5,0,28,0,15,2,0,0,0,0
0,99,99,0,122,68,0,12,0,14,0,0,0,0,0
0,99,99,0,134,20,0,48,0,14,0,0,0,0,0
3,98,99,0,116,69,1,14,0,15,0,0,0,0,0
0,99,99,0,106,6,1,89,0,14,0,0,0,0,0
0,99,99,0,173,27,0,2,0,14,0,0,0,0,0
0,99,99,0,132,69,0,1,0,14,0,0,0,0,0
0,98,99,0,139,62,1,1,0,14,0,0,0,0,0
0,99,99,0,118,51,1,12,0,14,1,0,0,0,0
8,99,98,0,105,48,1,21,0,15,1,0,0,0,0
0,98,99,0,92,44,0,27,0,14,2,0,0,0,0
43,99,99,0,141,15,0,3,0,15,0,0,0,0,0
0,99,99,0,184,16,1,1,0,14,0,0,0,0,0
0,99,99,0,131,53,17,1,0,14,0,0,0,0,0
0,99,99,0,100,41,20,1,0,14,2,0,0,0,0
0,99,99,0,100,64,36,2,0,14,0,0,0,0,0
0,99,99,0,136,33,12,1,0,14,1,0,0,0,0
0,99,99,0,124,34,17,27,0,14,0,0,0,0,0
0,99,99,0,83,30,5,4,0,14,4,0,0,0,0
0,99,99,0,132,48,0,22,0,14,0,0,0,0,0
0,99,99,0,102,17,22,1,0,14,3,0,0,0,0
0,99,99,0,80,43,29,30,0,14,1,0,0,0,0
0,99,99,0,80,4,10,8,0,14,5,0,0,0,0
0,99,99,0,100,1,5,96,0,14,0,0,0,0,0
0,99,99,0,98,2,1,61,0,14,2,0,0,0,0
0,99,99,41,59,1,0,41,0,15,3,0,0,0,0
0,99,99,41,59,1,3,98,0,15,0,0,0,0,0
2,99,99,0,100,2,0,18,0,16,4,0,0,0,0
38,99,99,0,101,2,0,1,0,19,3,0,0,0,0
0,99,99,0,158,2,1,41,0,14,0,0,0,0,0
6,99,99,0,125,2,0,29,0,17,2,0,0,0,0
74,99,99,0,123,3,1,1,0,16,0,0,0,0,0
0,99,99,0,131,2,0,69,0,14,0,0,0,0,0
0,99,99,0,100,35,0,7,0,14,3,0,0,0,0
0,99,99,0,119,74,0,9,0,14,0,0,0,0,0
0,99,99,0,120,46,1,15,0,14,1,0,0,0,0
0,99,99,0,103,15,1,83,0,14,0,0,0,0,0
0,99,99,0,129,41,0,32,0,14,0,0,0,0,0
0,99,99,0,122,47,0,33,0,14,0,0,0,0,0
0,99,99,0,114,45,7,16,0,14,1,0,0,0,0
0,99,99,0,128,24,13,37,0,14,0,0,0,0,0
0,99,99,0,117,44,0,1,0,14,2,0,0,0,0
0,99,99,0,131,30,2,39,0,14,0,0,0,0,0
30,99,99,0,99,6,2,65,0,15,0,0,0,0,0
0,99,99,0,127,46,0,29,0,14,0,0,0,0,0
0,99,99,0,99,40,2,1,0,14,3,0,0,0,0
20,99,99,0,111,17,12,42,0,15,0,0,0,0,0
0,99,99,33,68,2,7,92,0,15,0,0,0,0,0
0,99,99,0,101,2,94,5,0,14,0,0,0,0,0
0,99,99,0,129,3,31,39,0,14,0,0,0,0,0
10,99,99,0,100,2,84,6,0,15,0,0,0,0,0
0,99,98,0,144,2,56,1,0,14,0,0,0,0,0
0,99,99,0,135,2,3,2,0,14,3,0,0,0,0
0,99,99,0,159,2,0,1,0,14,2,0,0,0,0
0,99,99,0,111,2,3,6,0,14,4,0,0,0,0
0,99,99,0,155,2,0,45,0,14,0,0,0,0,0
21,99,99,29,106,4,0,42,0,16,0,0,0,0,0
0,99,99,0,100,39,0,43,0,14,1,0,0,0,0
0,99,99,0,100,36,29,37,0,14,0,0,0,0,0
45,99,99,0,100,28,5,24,0,15,0,0,0,0,0
0,99,99,0,100,35,66,1,0,14,0,0,0,0,0
0,99,99,0,99,35,66,2,0,14,0,0,0,0,0
0,99,99,0,99,31,65,7,0,14,0,0,0,0,0
0,99,99,6,94,32,68,2,0,15,0,0,0,0,0
0,98,99,0,80,65,37,1,0,13,1,0,0,0,0
0,99,99,0,80,101,0,1,0,14,1,0,0,0,0
0,99,99,0,100,101,0,1,0,14,0,0,0,0,0
0,99,99,0,100,101,0,1,0,14,0,0,0,0,0
0,99,99,28,52,101,0,1,0,15,1,0,0,0,0
0,99,99,19,80,100,1,2,0,15,0,0,0,0,0
0,99,99,0,81,99,1,1,2,14,2,0,0,0,0
0,99,99,0,100,101,0,1,0,14,0,0,0,0,0
0,99,99,0,100,101,0,1,0,14,0,0,0,0,0
0,99,99,0,101,100,0,1,0,14,0,0,0,0,0
0,99,99,0,98,102,1,1,0,14,0,0,0,0,0
0,99,98,0,99,101,2,1,0,14,0,0,0,0,0
41,99,99,0,100,60,0,1,0,15,0,0,0,0,0
0,99,99,0,100,100,0,2,2,14,1,0,0,0,0
0,99,99,11,89,101,0,1,0,15,0,0,0,0,0
0,99,99,0,100,100,1,1,0,14,0,0,0,0,0
0,99,99,0,100,101,0,1,0,14,0,0,0,0,0
8,99,99,0,100,93,0,1,0,15,0,0,0,0,0
30,99,99,0,81,79,0,2,3,15,2,0,0,0,0
10,99,99,13,87,91,0,1,0,16,0,0,0,0,0
6,99,99,39,61,95,0,1,0,16,0,0,0,0,0
1,99,99,0,98,101,0,2,0,15,0,0,0,0,0
19,99,99,0,99,82,0,2,0,15,0,0,0,0,0
0,99,99,0,98,101,1,2,0,14,0,0,0,0,0
0,99,99,0,100,101,0,1,0,14,0,0,0,0,0
0,99,99,0,100,101,0,1,0,14,0,0,0,0,0
0,99,99,0,97,102,1,2,0,14,0,0,0,0,0
0,99,99,0,80,101,0,1,0,14,1,0,0,0,0
0,99,99,0,100,100,1,1,0,14,0,0,0,0,0
4,99,99,11,89,97,0,1,0,16,0,0,0,0,0
0,99,99,0,99,102,0,1,0,14,0,0,0,0,0
0,99,99,10,89,101,0,2,0,15,0,0,0,0,0
0,99,99,0,100,100,0,2,0,14,0,0,0,0,0
49,99,99,0,100,50,1,2,0,15,0,0,0,0,0
40,99,99,0,79,53,9,1,0,15,1,0,0,0,0
0,99,99,0,100,101,0,1,2,14,1,0,0,0,0
0,99,99,0,99,101,1,1,0,14,0,0,0,0,0
0,99,99,0,100,100,1,1,0,14,0,0,0,0,0
0,99,99,38,62,101,0,1,0,15,0,0,0,0,0
0,99,99,0,100,101,0,1,0,14,0,0,0,0,0
0,99,98,0,100,101,1,1,0,14,0,0,0,0,0
0,99,99,0,102,99,0,1,0,14,0,0,0,0,0
0,99,99,0,101,99,0,2,2,14,1,0,0,0,0
6,99,99,0,100,95,0,1,0,15,0,0,0,0,0
0,99,99,0,100,101,0,1,0,14,0,0,0,0,0
0,99,98,0,99,102,1,1,0,14,0,0,0,0,0
0,99,99,32,68,101,0,1,0,16,0,0,0,0,0
0,99,99,0,100,101,0,1,0,14,0,0,0,0,0
0,98,99,27,73,101,0,2,0,15,0,0,0,0,0
15,99,99,0,99,87,0,1,0,15,0,0,0,0,0
0,99,99,0,100,101,0,1,0,14,0,0,0,0,0
0,99,99,0,101,100,0,1,0,14,0,0,0,0,0
0,99,99,0,99,102,0,1,0,14,0,0,0,0,0
0,99,99,0,106,92,1,3,0,14,0,0,0,0,0
0,99,98,0,135,65,1,2,0,13,0,0,0,0,0
3,99,99,0,132,65,0,2,0,15,0,0,0,0,0
0,99,99,0,135,65,1,1,0,14,0,0,0,0,0
0,99,99,0,136,65,0,1,0,14,0,0,0,0,0
0,99,99,0,136,65,0,1,0,14,0,0,0,0,0
0,99,99,0,137,63,0,2,0,14,0,0,0,0,0
0,99,99,0,99,44,0,59,0,14,0,0,0,0,0
0,99,99,0,98,46,0,58,0,14,0,0,0,0,0
0,99,99,0,100,13,0,89,2,14,1,0,0,0,0
0,99,98,0,99,92,1,11,0,14,0,0,0,0,0
0,99,99,0,97,100,0,5,0,14,0,0,0,0,0
0,99,99,0,101,99,0,2,0,14,0,0,0,0,0
0,99,99,0,100,97,0,5,0,14,0,0,0,0,0
0,99,99,0,100,55,0,47,0,14,0,0,0,0,0
0,99,99,0,100,59,1,42,0,14,0,0,0,0,0
0,99,99,0,99,50,0,53,0,14,0,0,0,0,0
0,99,99,8,92,54,0,48,0,15,0,0,0,0,0
0,99,99,0,81,100,0,1,0,14,1,0,0,0,0
0,99,99,0,175,25,0,2,0,14,0,0,0,0,0
0,98,99,0,132,68,1,2,0,14,0,0,0,0,0
0,99,99,0,150,39,0,3,3,14,2,0,0,0,0
0,99,99,33,70,98,0,1,2,15,1,0,0,0,0
43,99,99,15,84,58,1,1,0,16,0,0,0,0,0
5,99,99,0,100,95,0,2,0,15,0,0,0,0,0
0,99,99,0,100,100,0,2,0,14,0,0,0,0,0
0,99,99,0,101,100,0,1,0,14,0,0,0,0,0
0,99,99,0,97,102,1,2,0,14,0,0,0,0,0
0,99,99,32,67,102,0,1,0,15,0,0,0,0,0
34,99,99,0,100,67,0,1,0,15,0,0,0,0,0
0,99,99,0,100,100,0,2,0,14,0,0,0,0,0
0,99,99,0,122,78,1,1,0,14,0,0,0,0,0
0,99,99,0,109,71,1,1,0,14,1,0,0,0,0
0,99,99,0,80,100,1,1,0,14,1,0,0,0,0
0,99,99,10,89,101,0,2,0,15,0,0,0,0,0
0,99,99,0,100,101,0,1,4,14,2,0,0,0,0
0,99,99,47,53,100,0,2,0,15,0,0,0,0,0
50,99,99,0,99,50,2,1,0,15,0,0,0,0,0
0,99,99,0,100,101,0,1,0,14,0,0,0,0,0
0,99,99,0,99,101,1,1,0,14,0,0,0,0,0
37,99,99,0,99,64,0,2,0,15,0,0,0,0,0
0,99,99,0,100,101,0,1,0,14,0,0,0,0,0
0,99,99,0,99,101,1,1,0,14,0,0,0,0,0
43,99,99,45,55,58,0,1,0,16,0,0,0,0,0
0,98,99,0,99,100,1,3,0,13,0,0,0,0,0
0,99,99,0,100,99,1,2,0,14,0,0,0,0,0
0,99,99,0,100,101,0,1,0,14,0,0,0,0,0
0,99,99,0,100,101,0,1,0,14,0,0,0,0,0
35,99,99,20,79,66,0,2,0,16,0,0,0,0,0
0,99,99,0,99,90,2,11,0,14,0,0,0,0,0
0,99,99,0,100,87,0,15,0,14,0,0,0,0,0
0,99,99,0,100,87,0,15,0,14,0,0,0,0,0
0,99,99,0,100,87,0,15,0,14,0,0,0,0,0
0,99,98,0,100,71,1,31,0,14,0,0,0,0,0
0,99,99,0,99,88,1,14,0,14,0,0,0,0,0
0,99,99,0,98,84,0,20,0,14,0,0,0,0,0
0,99,99,0,80,99,1,2,4,14,3,0,0,0,0
0,99,99,0,100,101,0,1,0,14,0,0,0,0,0
0,99,99,0,90,101,0,1,1,14,1,0,0,0,0
32,99,99,0,80,69,0,1,0,15,1,0,0,0,0
0,99,99,0,99,102,0,1,0,14,0,0,0,0,0
0,99,99,0,100,101,0,1,0,14,0,0,0,0,0
0,99,99,0,79,101,0,2,2,14,2,0,0,0,0
0,99,99,37,63,102,0,0,0,15,0,0,0,0,0
0,99,99,0,80,100,0,2,2,14,2,0,0,0,0
0,99,99,0,100,101,0,1,0,14,0,0,0,0,0
0,99,99,0,99,101,0,2,0,14,0,0,0,0,0
0,99,99,7,72,101,0,2,0,15,1,0,0,0,0
0,99,99,0,100,101,0,1,0,14,0,0,0,0,0
0,99,99,38,62,101,0,1,0,15,0,0,0,0,0
0,99,99,0,101,100,0,1,0,14,0,0,0,0,0
0,99,99,0,99,101,0,2,0,14,0,0,0,0,0
0,99,99,0,100,100,1,1,0,14,0,0,0,0,0
0,99,99,0,100,100,0,2,0,14,0,0,0,0,0
0,99,99,0,98,100,1,3,2,14,1,0,0,0,0
0,99,99,47,53,100,0,2,0,15,0,0,0,0,0
0,99,99,0,79,102,0,1,0,14,1,0,0,0,0
0,99,99,0,100,101,0,1,0,14,0,0,0,0,0
0,99,99,0,100,101,0,1,4,14,2,0,0,0,0
0,99,99,0,99,102,0,1,0,14,0,0,0,0,0
5,99,99,0,100,95,0,2,0,15,0,0,0,0,0
0,99,99,15,65,100,1,1,0,15,1,0,0,0,0
0,99,99,1,98,99,1,3,0,15,0,0,0,0,0
0,99,99,4,96,101,0,1,0,15,0,0,0,0,0
0,99,99,0,100,101,0,1,0,14,0,0,0,0,0
0,99,99,0,101,100,0,1,0,14,0,0,0,0,0
4,99,98,0,80,97,1,1,0,15,1,0,0,0,0
0,99,99,0,101,100,0,1,0,14,0,0,0,0,0
0,99,99,0,100,101,0,1,0,14,0,0,0,0,0
0,99,99,0,101,98,1,2,2,14,1,0,0,0,0
0,99,99,37,63,101,0,1,2,15,1,0,0,0,0
0,99,99,0,98,101,1,2,0,14,0,0,0,0,0
0,99,99,0,100,100,0,2,2,14,1,0,0,0,0
0,99,99,0,80,100,1,1,0,14,1,0,0,0,0
31,99,99,0,101,69,0,1,0,15,0,0,0,0,0
0,99,99,0,100,101,0,1,0,14,0,0,0,0,0
0,99,99,0,100,101,0,1,0,14,0,0,0,0,0
0,99,99,44,56,101,0,1,0,15,0,0,0,0,0
0,99,99,0,98,101,0,3,0,14,0,0,0,0,0
4,99,99,0,100,97,0,1,0,15,0,0,0,0,0
30,99,99,0,100,71,0,1,0,15,0,0,0,0,0
0,99,99,0,99,102,0,1,0,14,0,0,0,0,0
0,99,99,0,100,101,0,1,2,14,1,0,0,0,0
0,99,99,0,81,99,0,2,0,14,1,0,0,0,0
0,99,99,0,100,100,0,2,0,14,0,0,0,0,0
0,99,99,2,98,99,2,1,0,15,0,0,0,0,0
9,99,99,0,80,92,0,1,2,15,2,0,0,0,0
0,99,99,0,100,100,1,1,0,14,0,0,0,0,0
0,99,99,0,99,102,0,1,2,14,1,0,0,0,0
0,99,99,0,100,100,1,1,0,14,0,0,0,0,0
0,99,99,0,99,100,2,1,0,14,0,0,0,0,0
0,98,99,40,58,102,1,2,2,15,1,0,0,0,0
0,99,99,0,100,101,0,1,0,14,0,0,0,0,0
0,99,99,0,100,100,0,2,0,14,0,0,0,0,0
0,99,99,0,100,101,0,1,2,14,1,0,0,0,0
0,99,99,9,91,99,1,2,2,15,1,0,0,0,0
0,99,99,2,98,100,1,1,0,15,0,0,0,0,0
0,99,79,0,100,101,0,1,0,12,1,0,0,0,0
0,99,79,0,100,101,0,1,0,14,1,0,0,0,0
0,99,99,0,100,101,0,1,0,14,0,0,0,0,0
30,99,99,0,100,70,1,1,0,15,0,0,0,0,0
0,99,99,0,100,101,0,1,0,14,0,0,0,0,0
0,99,99,0,80,101,0,1,0,14,1,0,0,0,0
16,99,99,34,66,85,0,1,0,16,0,0,0,0,0
0,99,99,0,98,102,1,1,0,14,0,0,0,0,0
0,99,99,0,100,100,0,2,0,14,0,0,0,0,0
0,99,99,0,100,101,0,1,0,14,0,0,0,0,0
0,99,99,0,99,101,0,2,2,14,1,0,0,0,0
0,99,99,30,70,101,0,1,0,15,0,0,0,0,0
0,99,99,0,80,100,0,2,0,14,1,0,0,0,0
5,99,99,0,77,96,1,3,0,15,1,0,0,0,0
0,99,99,0,80,101,0,1,0,14,1,0,0,0,0
0,99,99,0,100,101,0,1,0,14,0,0,0,0,0
28,99,99,0,100,73,0,1,0,15,0,0,0,0,0
0,99,99,13,87,101,0,1,0,15,0,0,0,0,0
0,99,99,0,100,101,0,1,0,14,0,0,0,0,0
0,99,99,0,100,101,0,1,0,14,0,0,0,0,0
0,99,99,0,100,100,1,1,0,14,0,0,0,0,0
26,99,99,0,100,75,0,1,0,15,0,0,0,0,0
14,99,99,0,80,87,0,1,0,15,1,0,0,0,0
46,99,99,0,100,55,0,1,0,15,0,0,0,0,0
0,99,99,44,56,101,0,1,0,15,0,0,0,0,0
0,99,99,0,100,101,0,1,0,14,0,0,0,0,0
0,99,99,0,100,101,0,1,0,14,0,0,0,0,0
35,99,99,40,60,66,0,1,0,16,0,0,0,0,0
0,99,99,0,100,101,0,1,0,14,0,0,0,0,0
0,99,99,0,99,102,0,1,0,14,0,0,0,0,0
0,99,99,5,95,101,0,1,0,15,0,0,0,0,0
0,99,99,0,100,100,0,2,0,14,0,0,0,0,0
0,99,99,0,81,100,0,1,0,14,1,0,0,0,0
30,99,99,0,100,71,0,1,0,15,0,0,0,0,0
0,99,99,19,80,101,1,1,0,15,0,0,0,0,0
0,99,99,38,62,101,0,1,0,16,0,0,0,0,0
0,99,99,0,100,101,0,1,0,14,0,0,0,0,0
23,99,99,0,100,78,0,1,0,15,0,0,0,0,0
0,99,99,0,99,102,0,1,0,14,0,0,0,0,0
2,98,99,0,100,98,2,1,0,15,0,0,0,0,0
0,99,99,0,100,100,1,1,0,14,0,0,0,0,0
0,99,99,0,80,101,0,1,0,14,1,0,0,0,0
0,99,99,0,101,100,0,1,0,14,0,0,0,0,0
0,99,99,0,100,101,0,1,2,14,1,0,0,0,0
0,99,99,0,99,101,1,1,0,14,0,0,0,0,0
0,99,99,0,101,100,0,1,0,14,0,0,0,0,0
0,99,99,0,98,101,1,2,0,14,0,0,0,0,0
0,99,99,0,98,102,1,1,0,14,0,0,0,0,0
0,98,99,0,99,100,2,2,0,14,0,0,0,0,0
0,99,99,0,100,101,0,1,0,14,0,0,0,0,0
0,99,99,0,60,101,0,1,0,14,2,0,0,0,0
24,99,98,0,100,77,1,1,0,15,0,0,0,0,0
5,98,99,0,100,97,0,1,2,15,1,0,0,0,0
0,99,99,0,80,100,1,1,0,14,1,0,0,0,0
0,99,99,0,99,101,0,2,0,14,0,0,0,0,0
0,99,99,0,99,101,0,2,0,14,0,0,0,0,0
32,99,99,0,100,69,0,1,0,15,0,0,0,0,0
0,99,99,0,100,101,0,1,4,14,2,0,0,0,0
0,99,99,0,99,100,2,1,0,14,0,0,0,0,0
0,99,99,0,100,101,0,1,0,14,0,0,0,0,0
0,99,99,14,85,101,0,2,0,15,0,0,0,0,0
0,99,99,0,100,100,0,2,0,14,0,0,0,0,0
0,99,99,25,75,100,0,2,0,15,0,0,0,0,0
0,99,99,0,100,101,0,1,0,14,0,0,0,0,0
0,99,99,0,100,100,0,2,0,14,0,0,0,0,0
0,99,99,0,99,102,0,1,0,14,0,0,0,0,0
0,99,99,0,100,99,1,2,0,14,0,0,0,0,0
0,99,99,0,99,101,1,1,0,14,0,0,0,0,0
21,99,99,0,100,80,0,1,0,15,0,0,0,0,0
0,99,99,0,100,101,0,1,0,14,0,0,0,0,0
0,99,99,0,98,102,0,2,0,14,0,0,0,0,0
0,99,99,0,100,101,0,1,0,14,0,0,0,0,0
0,99,99,48,52,101,0,1,0,15,0,0,0,0,0
0,98,99,0,99,102,1,1,0,13,0,0,0,0,0
0,99,99,0,99,102,0,1,2,14,1,0,0,0,0
0,99,99,31,69,100,0,2,0,15,0,0,0,0,0
3,98,99,0,99,98,0,3,0,15,0,0,0,0,0
0,99,99,0,100,100,1,1,0,14,0,0,0,0,0
0,99,99,26,73,101,1,1,0,15,0,0,0,0,0
0,99,99,0,99,101,1,1,0,14,0,0,0,0,0
0,99,99,0,100,101,0,1,0,14,0,0,0,0,0
0,99,99,0,100,101,0,1,0,14,0,0,0,0,0
0,99,99,0,100,100,1,1,0,14,0,0,0,0,0
0,99,99,0,99,101,1,1,0,14,0,0,0,0,0
0,99,99,0,99,102,0,1,0,14,0,0,0,0,0
0,99,99,0,100,100,0,2,0,14,0,0,0,0,0
0,99,99,0,99,101,1,1,2,14,1,0,0,0,0
25,99,99,0,99,77,0,1,0,15,0,0,0,0,0
0,99,99,0,80,101,0,1,0,14,1,0,0,0,0
0,99,99,0,100,100,1,1,0,14,0,0,0,0,0
0,99,99,0,100,100,1,1,0,14,0,0,0,0,0
0,99,99,0,99,101,0,2,0,14,0,0,0,0,0
0,99,99,0,100,101,0,1,0,14,0,0,0,0,0
0,99,99,0,100,101,0,1,0,14,0,0,0,0,0
0,99,99,0,100,99,1,2,0,14,0,0,0,0,0
0,99,99,0,100,101,0,1,2,14,1,0,0,0,0
0,99,99,0,99,102,0,1,0,14,0,0,0,0,0
0,99,99,0,80,100,0,2,0,14,1,0,0,0,0
0,99,99,0,101,100,0,1,0,14,0,0,0,0,0
0,99,99,0,99,101,0,2,0,14,0,0,0,0,0
0,99,99,0,81,100,0,1,0,14,1,0,0,0,0
0,99,99,45,53,102,0,2,2,15,1,0,0,0,0
0,99,99,2,98,100,0,2,0,15,0,0,0,0,0
0,99,98,0,99,102,1,1,2,14,1,0,0,0,0
28,99,99,0,100,72,1,1,0,15,0,0,0,0,0
0,99,99,0,100,100,0,2,0,14,0,0,0,0,0
0,99,99,0,100,100,0,2,0,14,0,0,0,0,0
0,99,99,0,100,100,0,2,0,14,0,0,0,0,0
0,98,99,0,99,102,0,2,2,14,1,0,0,0,0
0,99,99,0,80,101,0,1,0,14,1,0,0,0,0
0,99,99,0,100,101,0,1,0,14,0,0,0,0,0
0,99,99,0,100,100,1,1,0,14,0,0,0,0,0
0,99,99,0,100,101,0,1,2,14,1,0,0,0,0
0,99,99,8,91,101,0,2,0,15,0,0,0,0,0
7,99,99,33,67,94,0,1,0,16,0,0,0,0,0
0,99,99,45,55,101,0,1,0,15,0,0,0,0,0
0,99,99,29,70,101,1,1,2,15,1,0,0,0,0
0,99,99,0,100,101,0,1,0,14,0,0,0,0,0
0,99,99,19,81,100,0,2,0,15,0,0,0,0,0
47,99,99,0,97,55,1,2,0,16,0,0,0,0,0
0,99,99,4,95,102,0,1,0,15,0,0,0,0,0
0,99,99,0,100,100,0,2,0,14,0,0,0,0,0
0,99,99,31,69,100,1,1,0,15,0,0,0,0,0
0,99,99,0,100,101,0,1,0,14,0,0,0,0,0
0,99,99,0,79,101,0,2,0,14,1,0,0,0,0
0,99,99,22,78,101,0,1,0,15,0,0,0,0,0
38,99,99,0,101,62,0,1,0,15,0,0,0,0,0
0,99,99,0,100,100,1,1,0,14,0,0,0,0,0
0,99,99,0,99,101,1,1,0,14,0,0,0,0,0
0,99,99,0,100,100,1,1,2,14,1,0,0,0,0
0,99,99,0,100,101,0,1,0,14,0,0,0,0,0
0,99,99,0,81,98,1,2,0,14,1,0,0,0,0
0,99,99,0,100,101,0,1,0,14,0,0,0,0,0
0,99,99,0,100,101,0,1,2,14,1,0,0,0,0
0,99,99,0,100,101,0,1,0,14,0,0,0,0,0
0,99,99,35,64,101,1,1,0,15,0,0,0,0,0
0,99,99,0,101,100,0,1,0,14,0,0,0,0,0
0,99,99,2,98,101,0,1,0,15,0,0,0,0,0
0,99,99,33,67,101,0,1,0,15,0,0,0,0,0
0,99,99,0,99,101,1,1,0,14,0,0,0,0,0
0,99,99,47,53,101,0,1,0,15,0,0,0,0,0
0,99,99,0,98,102,0,2,0,14,0,0,0,0,0
0,98,99,0,100,101,1,1,0,14,0,0,0,0,0
0,99,99,0,100,101,0,1,2,14,1,0,0,0,0
0,99,99,0,100,101,0,1,0,14,0,0,0,0,0
0,99,99,0,100,101,0,1,0,14,0,0,0,0,0
0,99,99,0,99,100,0,3,0,14,0,0,0,0,0
0,99,99,0,99,101,1,1,0,14,0,0,0,0,0
0,99,99,0,100,101,0,1,0,14,0,0,0,0,0
0,99,99,0,98,102,1,1,0,14,0,0,0,0,0
0,99,99,0,100,101,0,1,0,14,0,0,0,0,0
0,99,98,0,100,99,0,4,0,13,0,0,0,0,0
10,99,99,0,100,91,0,1,0,15,0,0,0,0,0
0,99,99,0,100,101,0,1,0,14,0,0,0,0,0
0,99,98,0,99,101,2,1,0,14,0,0,0,0,0
0,99,99,37,63,101,0,1,0,15,0,0,0,0,0
0,99,99,0,101,100,0,1,0,14,0,0,0,0,0
10,98,99,0,100,91,1,1,0,15,0,0,0,0,0
0,99,99,0,100,100,0,2,0,14,0,0,0,0,0
0,99,99,0,78,102,1,1,0,14,1,0,0,0,0
0,99,99,0,100,100,1,1,0,14,0,0,0,0,0
50,99,99,0,99,51,0,2,0,15,0,0,0,0,0
0,99,99,0,99,101,1,1,0,14,0,0,0,0,0
0,99,99,37,64,99,0,2,0,15,0,0,0,0,0
46,99,99,0,100,54,1,1,2,15,1,0,0,0,0
0,99,99,0,101,99,1,1,0,14,0,0,0,0,0
0,99,99,0,100,101,0,1,0,14,0,0,0,0,0
0,99,99,0,99,101,1,1,0,14,0,0,0,0,0
0,99,99,0,101,100,0,1,0,14,0,0,0,0,0
0,99,98,47,53,101,1,1,0,15,0,0,0,0,0
0,99,99,0,100,101,0,1,0,14,0,0,0,0,0
0,99,99,45,56,98,1,2,0,15,0,0,0,0,0
0,99,99,0,100,101,0,1,0,14,0,0,0,0,0
0,99,99,0,100,100,1,1,0,14,0,0,0,0,0
0,99,99,0,99,101,1,1,2,14,1,0,0,0,0
0,99,99,0,99,101,0,2,0,14,0,0,0,0,0
0,99,99,43,57,98,2,2,0,15,0,0,0,0,0
0,99,99,0,99,101,0,2,0,14,0,0,0,0,0
0,99,99,29,71,101,0,1,2,15,1,0,0,0,0
4,99,99,0,100,96,0,2,0,15,0,0,0,0,0
0,99,99,0,99,102,0,1,0,14,0,0,0,0,0
0,99,98,0,101,102,0,0,2,14,1,0,0,0,0
0,99,99,0,100,101,0,1,0,14,0,0,0,0,0
0,99,98,0,101,101,0,1,0,13,0,0,0,0,0
0,99,99,0,100,101,0,1,0,14,0,0,0,0,0
0,99,99,0,100,100,1,1,0,14,0,0,0,0,0
0,99,99,0,101,99,0,2,0,14,0,0,0,0,0
4,99,99,0,100,97,0,1,0,15,0,0,0,0,0
0,99,99,0,80,101,0,1,0,14,1,0,0,0,0
0,99,99,0,100,100,1,1,0,14,0,0,0,0,0
0,99,99,0,97,101,1,3,0,14,0,0,0,0,0
0,98,99,0,99,100,2,2,0,14,0,0,0,0,0
0,99,99,0,101,100,0,1,2,14,1,0,0,0,0
0,99,99,0,80,101,0,1,0,14,1,0,0,0,0
0,99,99,11,88,100,2,1,0,15,0,0,0,0,0
0,99,99,0,100,101,0,1,0,14,0,0,0,0,0
0,99,99,10,90,101,0,1,0,15,0,0,0,0,0
10,99,99,0,101,90,0,1,0,15,0,0,0,0,0
0,98,99,0,98,101,2,2,0,14,0,0,0,0,0
0,99,99,0,100,101,0,1,2,14,1,0,0,0,0
0,99,98,0,99,101,1,2,0,14,0,0,0,0,0
0,99,99,0,99,101,1,1,0,14,0,0,0,0,0
0,99,99,0,101,100,0,1,0,14,0,0,0,0,0
0,99,99,0,100,101,0,1,0,14,0,0,0,0,0
0,99,98,0,101,101,0,1,0,14,0,0,0,0,0
0,99,99,0,100,101,0,1,2,14,1,0,0,0,0
14,99,97,0,101,88,0,1,0,14,0,0,0,0,0
35,99,99,0,100,66,0,1,0,16,0,0,0,0,0
0,99,99,34,66,100,0,2,0,15,0,0,0,0,0
0,99,99,0,100,101,1,0,0,14,0,0,0,0,0
0,99,99,0,100,101,0,1,0,14,0,0,0,0,0
15,78,99,0,80,86,0,2,2,14,3,0,0,0,0
17,99,99,0,99,85,0,1,2,15,1,0,0,0,0
0,99,99,0,79,101,1,1,0,14,1,0,0,0,0
0,99,99,27,72,102,0,1,0,15,0,0,0,0,0
0,99,99,48,54,98,0,2,0,15,0,0,0,0,0
4,99,99,43,59,94,0,2,2,16,1,0,0,0,0
0,99,99,0,80,101,0,1,0,14,1,0,0,0,0
0,99,99,0,100,101,0,1,2,14,1,0,0,0,0
0,99,99,0,100,101,0,1,0,14,0,0,0,0,0
50,99,99,0,109,42,0,1,0,15,0,0,0,0,0
27,99,99,0,101,72,1,1,0,15,0,0,0,0,0
0,99,99,5,95,101,0,1,0,15,0,0,0,0,0
0,99,99,0,100,101,0,1,0,14,0,0,0,0,0
0,99,99,45,61,94,0,2,2,15,1,0,0,0,0
0,98,99,0,100,100,1,2,0,14,0,0,0,0,0
0,99,99,44,61,96,0,1,0,15,0,0,0,0,0
0,99,99,4,96,101,0,1,0,15,0,0,0,0,0
0,99,99,0,100,100,1,1,0,14,0,0,0,0,0
0,99,99,0,100,101,0,1,2,14,1,0,0,0,0
0,99,99,29,54,98,0,1,0,15,1,0,0,0,0
0,99,99,0,99,101,0,2,4,14,2,0,0,0,0
0,99,99,0,100,100,0,2,0,14,0,0,0,0,0
0,99,99,0,99,101,1,1,0,14,0,0,0,0,0
0,99,99,0,58,101,1,2,0,14,2,0,0,0,0
0,99,99,0,100,100,1,1,0,14,0,0,0,0,0
0,99,99,8,93,100,0,1,2,15,1,0,0,0,0
0,99,99,0,100,100,1,1,0,14,0,0,0,0,0
0,99,99,0,100,101,0,1,0,14,0,0,0,0,0
0,99,99,0,98,101,2,1,0,14,0,0,0,0,0
0,99,99,0,100,101,0,1,0,14,0,0,0,0,0
0,99,99,0,99,100,0,3,0,14,0,0,0,0,0
0,99,99,32,68,98,0,4,0,15,0,0,0,0,0
0,99,99,0,99,100,2,1,0,14,0,0,0,0,0
0,99,99,0,79,100,0,3,0,14,1,0,0,0,0
0,99,99,0,99,102,0,1,2,14,1,0,0,0,0
40,99,99,0,100,53,0,9,0,15,0,0,0,0,0
0,99,99,0,99,101,1,1,2,14,1,0,0,0,0
16,99,99,0,100,83,1,2,0,15,0,0,0,0,0
0,99,99,0,80,100,0,2,0,14,1,0,0,0,0
0,99,99,0,78,101,2,1,0,14,1,0,0,0,0
0,99,79,0,79,100,1,2,2,13,3,0,0,0,0
0,99,99,0,100,98,3,1,0,14,0,0,0,0,0
0,99,99,0,99,102,0,1,2,14,1,0,0,0,0
0,99,99,0,99,102,0,1,0,14,0,0,0,0,0
0,99,99,0,100,101,0,1,0,14,0,0,0,0,0
0,99,99,0,100,101,0,1,2,14,1,0,0,0,0
0,99,99,0,99,101,0,2,0,14,0,0,0,0,0
0,99,98,0,100,102,0,1,0,14,0,0,0,0,0
0,99,99,0,100,101,0,1,0,14,0,0,0,0,0
0,99,99,0,98,101,1,2,0,14,0,0,0,0,0
0,99,99,0,100,101,0,1,0,14,0,0,0,0,0
0,99,99,0,101,100,0,1,0,14,0,0,0,0,0
0,99,99,39,61,96,2,4,2,15,1,0,0,0,0
0,99,99,0,101,99,0,2,0,14,0,0,0,0,0
0,99,99,47,51,95,2,7,0,15,0,0,0,0,0
36,99,99,0,100,57,0,9,0,15,0,0,0,0,0
0,99,99,0,80,101,0,1,0,14,1,0,0,0,0
0,99,99,0,99,102,0,1,0,14,0,0,0,0,0
0,99,99,0,99,100,0,3,0,14,0,0,0,0,0
0,99,99,0,100,101,0,1,0,14,0,0,0,0,0
35,99,99,0,100,58,0,9,0,15,0,0,0,0,0
0,99,98,0,100,102,0,1,0,14,0,0,0,0,0
30,98,99,0,100,64,0,9,0,14,0,0,0,0,0
0,99,99,34,67,95,0,6,0,15,0,0,0,0,0
0,99,99,0,101,100,0,1,0,14,0,0,0,0,0
0,99,99,0,100,99,2,1,0,14,0,0,0,0,0
0,99,99,0,100,101,0,1,0,14,0,0,0,0,0
36,99,99,0,100,57,0,9,0,15,0,0,0,0,0
0,99,99,0,101,100,0,1,0,14,0,0,0,0,0
0,99,99,0,100,101,0,1,0,14,0,0,0,0,0
0,99,99,0,99,102,0,1,0,14,0,0,0,0,0
0,99,99,22,77,102,0,1,2,15,1,0,0,0,0
0,99,99,0,99,101,0,2,0,14,0,0,0,0,0
0,99,99,0,99,101,1,1,2,14,1,0,0,0,0
0,99,99,0,100,101,0,1,2,14,1,0,0,0,0
0,99,99,0,100,100,1,1,0,14,0,0,0,0,0
0,99,99,0,100,101,0,1,0,14,0,0,0,0,0
0,99,99,0,100,101,0,1,0,14,0,0,0,0,0
0,99,99,31,69,101,0,1,0,15,0,0,0,0,0
0,99,99,43,57,96,0,6,0,15,0,0,0,0,0
0,99,99,0,98,102,0,2,0,14,0,0,0,0,0
0,99,99,0,100,101,0,1,0,14,0,0,0,0,0
0,99,99,0,98,100,2,2,0,14,0,0,0,0,0
0,99,99,0,100,100,0,2,0,14,0,0,0,0,0
0,99,99,49,50,94,1,8,0,15,0,0,0,0,0
0,99,99,0,100,101,0,1,0,14,0,0,0,0,0
0,99,99,22,76,101,1,2,0,15,0,0,0,0,0
19,99,99,0,100,79,0,4,0,15,0,0,0,0,0
0,99,99,0,100,99,1,2,0,14,0,0,0,0,0
0,99,99,0,100,101,0,1,0,14,0,0,0,0,0
0,99,99,0,99,101,1,1,0,14,0,0,0,0,0
0,99,99,16,85,100,0,1,2,15,1,0,0,0,0
2,99,99,0,99,100,0,1,0,15,0,0,0,0,0
0,99,99,0,98,101,1,2,0,14,0,0,0,0,0
0,99,99,0,100,101,0,1,2,14,1,0,0,0,0
0,99,99,34,65,98,0,5,0,15,0,0,0,0,0
0,99,99,0,99,101,0,2,0,14,0,0,0,0,0
0,99,99,23,77,100,0,2,0,15,0,0,0,0,0
7,99,99,0,100,94,0,1,0,15,0,0,0,0,0
0,99,99,0,100,101,0,1,0,14,0,0,0,0,0
32,99,99,8,92,59,0,11,0,16,0,0,0,0,0
0,98,99,0,99,101,1,2,0,14,0,0,0,0,0
0,99,99,0,100,101,0,1,2,14,1,0,0,0,0
0,99,99,0,98,101,1,2,0,14,0,0,0,0,0
0,99,99,0,99,100,1,2,0,14,0,0,0,0,0
21,99,99,0,100,74,0,7,0,15,0,0,0,0,0
0,99,99,0,101,100,0,1,0,14,0,0,0,0,0
38,99,99,45,56,39,0,24,6,16,3,0,0,0,0
0,99,98,0,100,102,0,1,0,14,0,0,0,0,0
0,99,99,47,53,90,0,12,0,15,0,0,0,0,0
0,99,99,0,100,101,0,1,0,14,0,0,0,0,0
0,99,99,0,101,99,1,1,0,14,0,0,0,0,0
0,99,99,0,100,101,0,1,0,14,0,0,0,0,0
0,99,99,0,101,100,0,1,0,14,0,0,0,0,0
0,99,99,0,99,101,0,2,0,14,0,0,0,0,0
0,99,99,6,95,100,0,1,0,15,0,0,0,0,0
0,99,99,0,100,101,0,1,0,14,0,0,0,0,0
0,99,99,0,102,98,1,1,0,14,0,0,0,0,0
0,99,99,0,99,101,1,1,0,14,0,0,0,0,0
20,99,99,0,100,74,0,8,0,15,0,0,0,0,0
0,99,99,0,99,102,0,1,0,14,0,0,0,0,0
0,99,99,45,55,89,0,13,0,15,0,0,0,0,0
0,99,99,9,90,101,0,2,0,15,0,0,0,0,0
0,99,99,16,84,97,0,5,0,15,0,0,0,0,0
6,99,99,0,100,94,0,2,2,15,1,0,0,0,0
0,99,99,0,78,101,1,2,0,14,1,0,0,0,0
0,99,99,0,99,100,2,1,0,14,0,0,0,0,0
0,99,99,0,100,100,0,2,0,14,0,0,0,0,0
0,99,99,0,100,100,1,1,0,14,0,0,0,0,0
0,99,99,0,100,101,0,1,0,14,0,0,0,0,0
29,99,98,0,100,59,1,14,0,15,0,0,0,0,0
0,99,99,13,87,100,0,2,0,15,0,0,0,0,0
0,99,99,0,100,101,0,1,2,14,1,0,0,0,0
0,99,99,9,92,100,0,1,0,15,0,0,0,0,0
0,99,98,0,102,99,1,1,0,14,0,0,0,0,0
0,99,99,0,79,102,0,1,0,14,1,0,0,0,0
0,99,99,0,99,101,1,1,0,14,0,0,0,0,0
0,99,99,0,100,100,0,2,0,14,0,0,0,0,0
0,99,99,0,100,101,0,1,0,14,0,0,0,0,0
0,99,99,0,100,100,0,2,0,14,0,0,0,0,0
0,99,99,10,89,101,0,2,0,15,0,0,0,0,0
0,99,99,13,87,99,0,3,0,15,0,0,0,0,0
0,99,99,4,95,101,1,1,0,15,0,0,0,0,0
0,99,99,0,100,100,1,1,0,14,0,0,0,0,0
0,99,99,0,100,101,0,1,0,14,0,0,0,0,0
0,99,99,0,100,100,1,1,0,14,0,0,0,0,0
0,99,99,0,100,101,0,1,0,14,0,0,0,0,0
0,98,99,28,73,94,0,8,0,15,0,0,0,0,0
0,98,99,0,99,101,1,2,0,13,0,0,0,0,0
0,99,99,0,100,99,1,2,2,14,1,0,0,0,0
0,99,99,0,99,100,1,2,2,14,1,0,0,0,0
0,99,99,0,100,100,1,1,0,14,0,0,0,0,0
0,99,99,0,99,99,2,2,0,14,0,0,0,0,0
0,99,99,0,100,101,0,1,2,14,1,0,0,0,0
0,99,99,0,99,102,0,1,0,14,0,0,0,0,0
50,99,99,0,101,33,0,18,0,15,0,0,0,0,0
0,99,99,0,99,101,1,1,0,14,0,0,0,0,0
0,99,99,0,100,101,0,1,0,14,0,0,0,0,0
0,99,99,0,80,101,0,1,0,14,1,0,0,0,0
10,99,99,0,100,91,0,1,0,15,0,0,0,0,0
0,99,99,0,98,99,1,4,0,14,0,0,0,0,0
0,99,99,0,100,99,2,1,0,14,0,0,0,0,0
0,99,99,0,100,100,1,1,0,14,0,0,0,0,0
0,99,99,0,80,101,0,1,0,14,1,0,0,0,0
7,99,99,0,99,94,0,2,2,15,1,0,0,0,0
0,99,99,0,98,102,0,2,0,14,0,0,0,0,0
0,99,99,0,100,100,0,2,2,14,1,0,0,0,0
0,99,99,0,99,101,1,1,0,14,0,0,0,0,0
0,99,99,0,99,102,0,1,0,14,0,0,0,0,0
62,99,99,0,98,22,1,19,0,16,0,0,0,0,0
0,99,99,0,100,101,0,1,0,14,0,0,0,0,0
0,99,99,36,64,99,0,3,0,15,0,0,0,0,0
0,99,99,38,61,98,0,5,0,15,0,0,0,0,0
0,99,99,0,99,102,0,1,0,14,0,0,0,0,0
0,99,99,0,99,100,1,2,0,14,0,0,0,0,0
2,99,99,0,100,99,0,1,0,15,0,0,0,0,0
0,98,99,0,100,101,1,1,0,14,0,0,0,0,0
0,99,99,0,100,100,0,2,2,14,1,0,0,0,0
0,99,99,0,100,100,1,1,0,14,0,0,0,0,0
40,99,99,0,79,52,0,11,0,15,1,0,0,0,0
48,99,99,0,98,43,1,12,0,16,0,0,0,0,0
0,99,99,0,81,100,0,1,0,14,1,0,0,0,0
0,99,99,0,99,102,0,1,0,14,0,0,0,0,0
26,98,98,0,100,71,1,6,0,15,0,0,0,0,0
44,99,99,0,98,45,1,14,0,15,0,0,0,0,0
0,99,99,0,100,100,0,2,0,14,0,0,0,0,0
0,99,99,0,101,100,0,1,0,14,0,0,0,0,0
0,99,99,0,100,100,0,2,0,14,0,0,0,0,0
0,99,99,11,89,101,0,1,0,15,0,0,0,0,0
0,98,99,0,80,102,0,1,0,14,1,0,0,0,0
0,99,99,0,100,101,0,1,0,14,0,0,0,0,0
0,99,99,0,99,101,1,1,0,14,0,0,0,0,0
0,98,99,0,99,102,0,2,0,13,0,0,0,0,0
21,99,99,0,99,80,0,2,0,15,0,0,0,0,0
0,99,99,0,80,101,0,1,0,14,1,0,0,0,0
0,99,99,0,100,100,0,2,0,14,0,0,0,0,0
5,99,99,0,100,96,0,1,2,15,1,0,0,0,0
0,99,99,0,99,101,0,2,0,14,0,0,0,0,0
0,99,99,0,100,101,0,1,0,14,0,0,0,0,0
49,99,99,0,100,35,0,18,0,15,0,0,0,0,0
0,99,99,49,50,97,0,6,0,15,0,0,0,0,0
0,99,99,0,79,102,0,1,0,14,1,0,0,0,0
0,99,99,0,100,100,0,2,0,14,0,0,0,0,0
37,99,99,0,100,54,2,9,0,15,0,0,0,0,0
0,99,99,0,80,101,0,1,0,14,1,0,0,0,0
0,99,99,0,99,99,2,2,0,14,0,0,0,0,0
0,99,99,0,101,100,0,1,2,14,1,0,0,0,0
0,99,99,0,99,100,1,2,0,14,0,0,0,0,0
0,98,99,0,99,101,1,2,0,14,0,0,0,0,0
0,99,99,0,80,98,2,2,0,14,1,0,0,0,0
0,99,99,0,98,101,1,2,0,14,0,0,0,0,0
0,99,79,14,86,101,0,1,0,13,1,0,0,0,0
0,99,99,0,99,101,0,2,0,14,0,0,0,0,0
0,99,99,0,100,101,0,1,0,14,0,0,0,0,0
17,99,99,0,78,83,0,4,0,15,1,0,0,0,0
0,99,99,0,80,101,0,1,0,14,1,0,0,0,0
0,99,99,8,91,101,1,1,0,15,0,0,0,0,0
43,99,79,0,98,45,1,15,0,14,1,0,0,0,0
0,99,99,0,100,101,0,1,0,14,0,0,0,0,0
0,99,99,0,100,101,0,1,0,14,0,0,0,0,0
0,99,99,28,51,101,1,1,0,15,1,0,0,0,0
0,99,99,0,100,101,0,1,2,14,1,0,0,0,0
0,99,99,0,100,100,0,2,0,14,0,0,0,0,0
0,99,99,0,99,101,1,1,0,14,0,0,0,0,0
0,99,99,0,100,101,0,1,0,14,0,0,0,0,0
0,99,99,0,100,101,0,1,0,14,0,0,0,0,0
0,99,99,0,99,101,0,2,0,14,0,0,0,0,0
0,99,99,0,97,101,1,3,0,14,0,0,0,0,0
43,99,99,0,99,47,0,13,0,15,0,0,0,0,0
0,99,99,0,99,101,0,2,0,14,0,0,0,0,0
0,99,98,0,99,102,1,1,0,14,0,0,0,0,0
0,99,99,0,100,101,0,1,0,14,0,0,0,0,0
0,99,99,0,80,100,1,1,2,14,2,0,0,0,0
26,98,99,0,101,74,0,2,0,15,0,0,0,0,0
0,99,99,0,99,101,1,1,0,14,0,0,0,0,0
0,99,99,0,100,100,0,2,0,14,0,0,0,0,0
0,99,99,20,80,101,0,1,0,15,0,0,0,0,0
0,99,99,0,99,100,2,1,0,14,0,0,0,0,0
0,99,99,0,99,101,0,2,0,14,0,0,0,0,0
0,99,99,0,100,101,0,1,0,14,0,0,0,0,0
0,99,99,33,66,101,0,2,0,15,0,0,0,0,0
16,99,99,0,102,83,0,1,0,16,0,0,0,0,0
0,99,99,0,98,102,0,2,0,14,0,0,0,0,0
0,99,99,0,100,101,0,1,0,14,0,0,0,0,0
31,99,99,0,100,66,0,5,0,15,0,0,0,0,0
0,99,98,0,80,101,0,2,0,14,1,0,0,0,0
0,99,98,44,36,98,1,4,0,15,1,0,0,0,0
0,99,99,0,100,101,0,1,0,14,0,0,0,0,0
0,99,99,0,101,100,0,1,0,14,0,0,0,0,0
0,99,99,0,100,101,0,1,0,14,0,0,0,0,0
0,99,98,0,100,101,0,2,0,13,0,0,0,0,0
42,99,99,0,100,48,0,12,0,15,0,0,0,0,0
0,99,99,0,100,100,0,2,0,14,0,0,0,0,0
0,99,99,0,101,98,2,1,0,14,0,0,0,0,0
0,99,99,0,100,101,0,1,0,14,0,0,0,0,0
0,99,99,0,99,101,0,2,0,14,0,0,0,0,0
3,99,99,0,100,95,3,1,0,15,0,0,0,0,0
0,99,99,0,100,101,0,1,4,14,2,0,0,0,0
0,99,99,0,99,101,0,2,0,14,0,0,0,0,0
8,99,99,0,99,93,0,2,0,15,0,0,0,0,0
0,99,99,0,100,100,0,2,0,14,0,0,0,0,0
0,98,99,0,99,101,0,3,0,14,0,0,0,0,0
49,99,99,0,99,40,2,12,0,15,0,0,0,0,0
0,99,99,70,31,93,0,8,0,16,0,0,0,0,0
0,89,99,0,100,99,1,2,1,17,1,0,0,0,0
32,99,99,0,99,67,2,2,0,15,0,0,0,0,0
16,99,99,0,100,85,0,1,0,15,0,0,0,0,0
0,99,99,0,101,99,1,1,0,14,0,0,0,0,0
31,99,99,0,100,70,0,1,0,15,0,0,0,0,0
0,99,99,0,100,101,0,1,0,14,0,0,0,0,0
16,99,99,0,100,85,0,1,0,15,0,0,0,0,0
0,99,99,0,100,101,0,1,0,14,0,0,0,0,0
0,99,99,0,79,101,0,2,0,14,1,0,0,0,0
0,99,99,0,98,101,0,3,0,14,0,0,0,0,0
0,99,99,0,100,101,0,1,0,14,0,0,0,0,0
0,99,99,0,100,101,0,1,0,14,0,0,0,0,0
0,99,99,1,98,101,0,2,0,15,0,0,0,0,0
0,99,99,0,100,101,0,1,0,14,0,0,0,0,0
3,99,99,0,100,98,0,1,0,15,0,0,0,0,0
0,99,99,0,100,100,1,1,0,14,0,0,0,0,0
0,99,99,0,98,103,0,1,4,14,2,0,0,0,0
0,99,99,0,98,101,0,3,0,14,0,0,0,0,0
0,99,99,0,99,100,1,2,2,14,1,0,0,0,0
7,99,99,0,100,93,0,2,0,15,0,0,0,0,0
0,99,99,0,100,99,2,1,0,14,0,0,0,0,0
0,99,99,0,100,100,0,2,0,14,0,0,0,0,0
0,99,99,0,98,101,0,3,0,14,0,0,0,0,0
0,99,99,0,98,101,2,1,0,14,0,0,0,0,0
0,99,99,48,53,100,0,1,0,15,0,0,0,0,0
0,99,99,0,100,101,0,1,0,14,0,0,0,0,0
0,99,98,0,98,102,2,1,0,14,0,0,0,0,0
0,99,99,0,99,102,0,1,0,14,0,0,0,0,0
0,99,99,0,99,101,1,1,0,14,0,0,0,0,0
0,99,98,0,100,99,2,2,0,14,0,0,0,0,0
0,99,98,0,101,100,0,2,0,13,0,0,0,0,0
0,99,99,0,98,101,1,2,0,14,0,0,0,0,0
19,99,99,34,65,82,1,1,0,16,0,0,0,0,0
0,99,99,0,80,99,0,3,0,14,1,0,0,0,0
0,99,99,0,79,101,1,1,0,14,1,0,0,0,0
0,99,99,0,100,99,1,2,0,14,0,0,0,0,0
0,99,99,0,99,100,2,1,0,14,0,0,0,0,0
0,99,99,0,100,101,0,1,0,14,0,0,0,0,0
0,99,99,0,100,99,1,2,0,14,0,0,0,0,0
0,99,99,0,99,101,1,1,0,14,0,0,0,0,0
0,99,99,0,100,101,0,1,2,14,1,0,0,0,0
0,99,99,0,100,100,0,2,0,14,0,0,0,0,0
0,99,99,0,79,101,1,1,0,14,1,0,0,0,0
0,99,99,0,80,101,0,1,0,14,1,0,0,0,0
0,99,99,0,100,101,0,1,0,14,0,0,0,0,0
0,99,99,0,100,101,0,1,0,14,0,0,0,0,0
0,98,99,0,100,101,0,2,0,14,0,0,0,0,0
0,99,99,0,81,100,0,1,0,14,1,0,0,0,0
40,99,99,0,100,59,0,3,0,15,0,0,0,0,0
0,79,99,0,100,99,2,1,4,14,3,0,0,0,0
0,99,99,7,92,101,1,1,0,15,0,0,0,0,0
0,99,99,0,100,101,0,1,0,14,0,0,0,0,0
0,99,99,0,100,101,0,1,0,14,0,0,0,0,0
0,99,99,0,80,101,0,1,0,14,1,0,0,0,0
0,99,99,33,67,100,1,1,0,15,0,0,0,0,0
0,99,99,0,99,102,0,1,0,14,0,0,0,0,0
46,99,98,0,101,52,3,1,0,15,0,0,0,0,0
0,98,99,0,100,100,0,3,0,14,0,0,0,0,0
0,99,99,0,99,100,1,2,0,14,0,0,0,0,0
0,99,99,30,70,100,1,1,0,15,0,0,0,0,0
0,99,99,0,79,102,0,1,0,14,1,0,0,0,0
0,99,99,0,99,100,1,2,0,14,0,0,0,0,0
0,99,99,0,80,100,1,1,0,14,1,0,0,0,0
0,99,99,0,78,101,0,3,0,14,1,0,0,0,0
0,99,99,0,101,100,0,1,0,14,0,0,0,0,0
8,99,99,0,60,93,0,1,0,15,2,0,0,0,0
0,99,99,0,100,101,0,1,0,14,0,0,0,0,0
0,99,99,47,54,100,0,1,2,15,1,0,0,0,0
0,79,98,0,99,100,0,4,0,12,1,0,0,0,0
2,99,99,0,100,98,0,2,0,15,0,0,0,0,0
0,99,99,0,101,100,0,1,0,14,0,0,0,0,0
63,99,99,0,100,25,0,14,0,16,0,0,0,0,0
0,99,99,0,100,101,0,1,0,14,0,0,0,0,0
0,99,99,0,98,100,0,4,0,14,0,0,0,0,0
0,99,99,0,99,100,2,1,0,14,0,0,0,0,0
0,99,99,0,100,101,0,1,0,14,0,0,0,0,0
0,99,99,0,100,101,0,1,0,14,0,0,0,0,0
0,99,99,0,100,101,0,1,0,14,0,0,0,0,0
0,99,99,0,98,101,2,1,0,14,0,0,0,0,0
0,99,99,0,100,101,0,1,0,14,0,0,0,0,0
0,99,99,0,99,100,1,2,0,14,0,0,0,0,0
0,98,99,0,99,101,0,3,0,14,0,0,0,0,0
0,99,99,0,99,102,0,1,2,14,1,0,0,0,0
0,99,99,0,81,100,0,1,0,14,1,0,0,0,0
0,99,99,0,80,100,0,2,0,14,1,0,0,0,0
0,98,99,0,80,101,1,1,0,14,1,0,0,0,0
34,99,99,0,100,67,0,1,0,15,0,0,0,0,0
0,99,99,0,100,101,0,1,0,14,0,0,0,0,0
0,99,99,0,100,101,0,1,0,14,0,0,0,0,0
0,99,99,0,97,102,2,1,0,14,0,0,0,0,0
0,99,99,0,99,101,1,1,0,14,0,0,0,0,0
0,99,99,12,88,101,0,1,0,15,0,0,0,0,0
41,99,99,0,80,57,0,4,0,15,1,0,0,0,0
44,99,98,0,99,52,1,7,0,14,0,0,0,0,0
0,99,99,0,100,100,1,1,0,14,0,0,0,0,0
38,99,99,0,100,61,1,2,0,15,0,0,0,0,0
0,99,98,0,101,101,0,1,0,14,0,0,0,0,0
0,99,99,0,100,100,0,2,2,14,1,0,0,0,0
0,99,99,0,100,101,0,1,0,14,0,0,0,0,0
0,99,99,0,100,101,0,1,0,14,0,0,0,0,0
0,99,99,0,100,101,0,1,0,14,0,0,0,0,0
0,99,99,0,99,101,0,2,0,14,0,0,0,0,0
0,99,99,0,100,101,0,1,0,14,0,0,0,0,0
0,99,99,0,100,101,0,1,0,14,0,0,0,0,0
0,99,99,0,98,101,1,2,0,14,0,0,0,0,0
20,99,99,0,100,80,0,2,0,15,0,0,0,0,0
0,99,99,0,101,100,0,1,0,14,0,0,0,0,0
26,99,99,47,53,65,0,11,0,16,0,0,0,0,0
0,99,99,2,98,101,0,1,0,15,0,0,0,0,0
0,99,99,0,100,101,0,1,0,14,0,0,0,0,0
0,99,99,0,100,99,0,3,0,14,0,0,0,0,0
0,99,99,0,99,101,0,2,0,14,0,0,0,0,0
49,98,99,0,101,43,0,10,2,15,1,0,0,0,0
0,99,99,0,97,101,2,2,0,14,0,0,0,0,0
0,99,99,0,99,102,0,1,0,14,0,0,0,0,0
0,98,99,3,79,100,0,1,0,15,1,0,0,0,0
0,99,99,0,79,100,1,2,0,14,1,0,0,0,0
0,99,99,0,100,100,0,2,0,14,0,0,0,0,0
0,99,99,0,100,101,0,1,0,14,0,0,0,0,0
0,99,99,0,99,102,0,1,0,14,0,0,0,0,0
31,99,99,0,99,70,1,1,0,15,0,0,0,0,0
0,99,99,0,100,100,0,2,0,14,0,0,0,0,0
5,98,99,0,80,96,0,2,0,15,1,0,0,0,0
0,99,99,0,100,101,0,1,0,14,0,0,0,0,0
0,99,99,0,100,100,1,1,2,14,1,0,0,0,0
0,99,99,0,100,101,0,1,0,14,0,0,0,0,0
0,99,99,0,100,100,1,1,0,14,0,0,0,0,0
0,99,99,0,100,101,0,1,0,14,0,0,0,0,0
16,99,99,0,99,85,0,2,0,15,0,0,0,0,0
0,99,99,0,101,100,0,1,0,14,0,0,0,0,0
35,99,99,0,99,66,1,1,0,15,0,0,0,0,0
0,99,99,0,99,101,0,2,0,14,0,0,0,0,0
0,99,99,3,98,99,0,2,2,15,1,0,0,0,0
41,99,99,43,57,45,0,16,0,16,0,0,0,0,0
2,99,99,0,100,99,0,1,0,15,0,0,0,0,0
0,99,98,16,63,102,1,1,0,15,1,0,0,0,0
0,99,99,0,100,100,0,2,2,14,1,0,0,0,0
2,99,99,20,80,98,0,2,0,16,0,0,0,0,0
0,99,99,0,99,99,1,3,0,14,0,0,0,0,0
31,99,99,0,101,69,0,1,0,15,0,0,0,0,0
0,99,99,0,99,100,0,3,0,14,0,0,0,0,0
0,99,99,0,99,102,0,1,0,14,0,0,0,0,0
0,99,99,0,100,101,0,1,0,14,0,0,0,0,0
31,99,99,0,99,70,1,1,2,15,1,0,0,0,0
0,99,99,0,99,102,0,1,0,14,0,0,0,0,0
0,99,99,0,99,101,1,1,0,14,0,0,0,0,0
0,99,99,0,100,100,0,2,0,14,0,0,0,0,0
0,99,99,0,100,100,0,2,0,14,0,0,0,0,0
0,99,99,0,98,101,2,1,2,14,1,0,0,0,0
0,99,98,0,100,100,0,3,0,14,0,0,0,0,0
0,99,99,0,59,101,1,1,0,14,2,0,0,0,0
0,99,99,9,92,101,0,0,0,15,0,0,0,0,0
0,98,99,3,77,100,0,3,0,15,1,0,0,0,0
0,99,99,0,100,101,0,1,0,14,0,0,0,0,0
0,99,99,0,100,101,0,1,0,14,0,0,0,0,0
0,99,99,0,97,101,2,2,0,14,0,0,0,0,0
0,99,99,0,98,102,1,1,2,14,1,0,0,0,0
0,99,99,0,99,100,1,2,0,14,0,0,0,0,0
0,99,98,0,99,101,2,1,0,13,0,0,0,0,0
0,98,99,0,59,101,2,1,0,14,2,0,0,0,0
0,98,99,0,99,100,1,3,0,13,0,0,0,0,0
17,99,99,0,99,84,2,0,0,16,0,0,0,0,0
0,99,99,32,68,99,1,2,2,15,1,0,0,0,0
0,99,99,0,98,103,0,1,0,14,0,0,0,0,0
0,99,99,0,101,100,0,1,0,14,0,0,0,0,0
0,99,99,0,99,101,1,1,0,14,0,0,0,0,0
0,99,98,0,101,101,0,1,0,14,0,0,0,0,0
0,99,99,0,99,101,0,2,0,14,0,0,0,0,0
20,99,98,0,101,81,0,1,0,15,0,0,0,0,0
0,99,99,0,80,101,0,1,0,14,1,0,0,0,0
16,99,99,0,99,85,1,1,0,15,0,0,0,0,0
0,99,99,0,100,101,0,1,0,14,0,0,0,0,0
0,99,99,0,99,100,1,2,0,14,0,0,0,0,0
0,99,99,0,100,101,0,1,2,14,1,0,0,0,0
0,99,99,0,100,101,0,1,0,14,0,0,0,0,0
3,99,99,0,100,98,0,1,0,15,0,0,0,0,0
0,98,99,0,99,101,0,3,0,14,0,0,0,0,0
0,99,99,0,99,102,0,1,2,14,1,0,0,0,0
0,99,99,0,99,101,1,1,0,14,0,0,0,0,0
23,99,99,25,75,78,0,1,0,16,0,0,0,0,0
0,99,99,0,100,101,0,1,0,14,0,0,0,0,0
0,99,99,0,80,101,0,1,0,14,1,0,0,0,0
18,99,99,0,99,83,1,1,2,15,1,0,0,0,0
0,99,99,0,99,102,0,1,0,14,0,0,0,0,0
0,99,99,5,96,99,0,2,0,15,0,0,0,0,0
0,98,99,0,78,102,1,2,0,14,1,0,0,0,0
20,99,99,0,100,80,1,1,0,15,0,0,0,0,0
0,99,99,0,101,99,0,2,0,14,0,0,0,0,0
30,99,99,0,79,71,0,2,0,15,1,0,0,0,0
17,99,99,0,100,83,0,2,0,15,0,0,0,0,0
0,99,99,46,53,101,1,1,0,15,0,0,0,0,0
0,99,99,0,80,101,0,1,0,14,1,0,0,0,0
50,99,99,0,101,45,0,6,0,15,0,0,0,0,0
0,99,99,0,100,101,0,1,0,14,0,0,0,0,0
0,99,99,0,99,102,0,1,0,14,0,0,0,0,0
0,99,99,0,101,99,0,2,0,14,0,0,0,0,0
0,99,99,0,100,101,0,1,0,14,0,0,0,0,0
0,99,99,0,99,102,0,1,0,14,0,0,0,0,0
35,99,99,0,101,65,1,0,0,15,0,0,0,0,0
0,99,99,0,98,101,1,2,0,14,0,0,0,0,0
0,99,99,0,100,101,0,1,2,14,1,0,0,0,0
0,99,99,0,100,100,1,1,0,14,0,0,0,0,0
55,99,99,0,99,41,0,7,0,16,0,0,0,0,0
0,99,99,0,80,101,0,1,0,14,1,0,0,0,0
0,99,99,0,78,101,1,2,0,14,1,0,0,0,0
0,99,98,0,100,100,2,1,0,14,0,0,0,0,0
0,98,99,0,101,99,1,2,0,14,0,0,0,0,0
0,99,99,0,100,101,0,1,0,14,0,0,0,0,0
0,99,99,0,100,100,1,1,0,14,0,0,0,0,0
0,99,99,0,99,101,0,2,0,14,0,0,0,0,0
0,99,99,0,99,99,2,2,0,14,0,0,0,0,0
0,99,99,0,78,102,1,1,0,14,1,0,0,0,0
0,99,99,0,100,100,0,2,0,14,0,0,0,0,0
0,99,99,0,100,101,0,1,2,14,1,0,0,0,0
0,99,98,0,99,101,1,2,0,14,0,0,0,0,0
0,99,99,40,61,99,0,2,0,15,0,0,0,0,0
0,99,99,0,100,99,1,2,0,14,0,0,0,0,0
33,99,99,0,100,67,1,1,0,15,0,0,0,0,0
0,99,99,0,60,101,0,1,0,14,2,0,0,0,0
0,99,99,37,63,101,0,1,0,15,0,0,0,0,0
0,99,99,0,99,101,1,1,0,14,0,0,0,0,0
0,99,99,13,88,100,0,1,0,15,0,0,0,0,0
0,99,99,0,100,101,0,1,0,14,0,0,0,0,0
0,99,99,0,99,101,0,2,0,14,0,0,0,0,0
0,99,99,0,100,100,1,1,0,14,0,0,0,0,0
0,99,98,0,101,101,0,1,0,14,0,0,0,0,0
0,99,99,0,99,100,1,2,2,14,1,0,0,0,0
22,99,99,0,100,78,1,1,0,15,0,0,0,0,0
0,99,99,0,99,102,0,1,0,14,0,0,0,0,0
0,99,99,0,100,101,0,1,0,14,0,0,0,0,0
47,99,99,0,97,53,1,4,0,15,0,0,0,0,0
0,99,98,0,80,101,1,1,0,14,1,0,0,0,0
0,99,99,0,100,100,1,1,0,14,0,0,0,0,0
0,99,99,0,80,100,0,2,2,14,2,0,0,0,0
0,99,99,0,98,98,0,6,0,14,0,0,0,0,0
0,99,99,0,101,100,0,1,0,14,0,0,0,0,0
0,99,99,0,100,101,0,1,0,14,0,0,0,0,0
0,99,99,0,100,100,0,2,0,14,0,0,0,0,0
0,99,99,0,100,101,0,1,0,14,0,0,0,0,0
0,99,99,0,100,101,0,1,0,14,0,0,0,0,0
0,99,99,47,54,100,0,1,0,15,0,0,0,0,0
0,99,99,0,99,101,0,2,0,14,0,0,0,0,0
0,99,99,0,100,101,0,1,0,14,0,0,0,0,0
0,79,99,0,99,101,0,2,0,12,1,0,0,0,0
0,99,99,0,100,101,0,1,0,14,0,0,0,0,0
0,99,99,0,100,101,0,1,2,14,1,0,0,0,0
0,99,99,46,54,100,1,1,0,15,0,0,0,0,0
0,99,99,0,99,101,0,2,0,14,0,0,0,0,0
34,99,98,0,100,68,0,1,0,15,0,0,0,0,0
0,99,99,0,81,99,0,2,0,14,1,0,0,0,0
0,99,99,0,80,101,0,1,2,14,2,0,0,0,0
0,99,99,0,100,101,0,1,0,14,0,0,0,0,0
0,99,99,0,100,101,0,1,2,14,1,0,0,0,0
0,99,98,0,100,101,1,1,0,14,0,0,0,0,0
0,99,99,0,100,100,1,1,0,14,0,0,0,0,0
0,99,99,0,81,100,0,1,0,14,1,0,0,0,0
0,99,99,0,100,101,0,1,0,14,0,0,0,0,0
0,99,98,0,100,101,1,1,0,14,0,0,0,0,0
0,99,99,0,99,101,0,2,0,14,0,0,0,0,0
0,99,99,0,99,101,0,2,0,14,0,0,0,0,0
0,99,99,0,98,101,0,3,0,14,0,0,0,0,0
0,99,99,44,56,101,0,1,0,15,0,0,0,0,0
0,99,99,0,100,101,0,1,2,14,1,0,0,0,0
48,99,99,0,100,53,0,1,0,15,0,0,0,0,0
31,99,99,0,100,70,0,1,0,15,0,0,0,0,0
0,99,99,0,101,99,0,2,0,14,0,0,0,0,0
0,99,99,0,80,100,0,2,0,14,1,0,0,0,0
0,99,79,0,99,100,1,2,0,12,1,0,0,0,0
0,99,99,46,34,99,1,2,0,15,1,0,0,0,0
0,99,99,0,99,100,1,2,0,14,0,0,0,0,0
15,99,99,0,99,87,0,1,0,15,0,0,0,0,0
0,99,99,28,73,100,0,1,0,15,0,0,0,0,0
0,99,99,0,100,100,1,1,0,14,0,0,0,0,0
0,99,99,0,99,101,0,2,2,14,1,0,0,0,0
0,99,99,0,101,99,1,1,0,14,0,0,0,0,0
0,99,99,0,99,101,1,1,0,14,0,0,0,0,0
0,99,99,0,100,101,0,1,0,14,0,0,0,0,0
0,99,99,0,99,99,0,4,0,14,0,0,0,0,0
0,99,99,0,100,100,0,2,0,14,0,0,0,0,0
30,99,99,0,100,71,0,1,0,15,0,0,0,0,0
0,99,99,0,100,101,0,1,0,14,0,0,0,0,0
0,99,99,0,100,101,0,1,0,14,0,0,0,0,0
46,99,99,0,100,54,0,2,0,15,0,0,0,0,0
0,99,99,0,100,100,0,2,0,14,0,0,0,0,0
0,99,99,0,80,99,0,3,0,14,1,0,0,0,0
0,98,99,0,101,101,0,1,0,14,0,0,0,0,0
0,99,99,0,100,101,0,1,0,14,0,0,0,0,0
17,99,99,0,80,83,1,1,0,15,1,0,0,0,0
0,99,98,0,101,100,1,1,0,13,0,0,0,0,0
33,99,99,0,100,68,0,1,0,15,0,0,0,0,0
0,99,99,0,99,100,2,1,0,14,0,0,0,0,0
0,99,99,0,100,100,0,2,2,14,1,0,0,0,0
0,99,99,0,80,100,0,2,0,14,1,0,0,0,0
0,99,99,34,66,100,1,1,0,15,0,0,0,0,0
0,99,99,0,100,101,0,1,0,14,0,0,0,0,0
0,99,99,0,100,101,0,1,0,14,0,0,0,0,0
0,99,99,0,100,101,0,1,0,14,0,0,0,0,0
0,99,79,0,100,101,0,1,0,14,1,0,0,0,0
31,99,99,0,100,70,0,1,0,15,0,0,0,0,0
0,99,99,0,80,101,0,1,0,14,1,0,0,0,0
0,98,99,0,99,102,1,1,0,14,0,0,0,0,0
0,99,99,0,99,99,2,2,2,14,1,0,0,0,0
0,99,99,0,99,101,1,1,0,14,0,0,0,0,0
0,99,99,0,99,102,0,1,0,14,0,0,0,0,0
0,99,99,0,78,100,1,3,0,14,1,0,0,0,0
0,99,99,0,80,101,0,1,0,14,1,0,0,0,0
0,99,99,0,100,101,0,1,2,14,1,0,0,0,0
0,99,99,0,100,100,1,1,0,14,0,0,0,0,0
0,99,99,0,98,101,0,3,0,14,0,0,0,0,0
0,99,99,0,100,101,0,1,0,14,0,0,0,0,0
0,99,99,0,100,101,0,1,0,14,0,0,0,0,0
0,99,99,0,100,101,0,1,0,14,0,0,0,0,0
0,99,99,0,81,99,1,1,2,14,2,0,0,0,0
0,98,99,0,98,104,0,1,0,13,0,0,0,0,0
0,99,99,0,99,102,0,1,2,14,1,0,0,0,0
0,99,99,0,100,100,1,1,0,14,0,0,0,0,0
0,99,99,0,100,100,1,1,0,14,0,0,0,0,0
0,99,99,47,53,101,0,1,2,15,1,0,0,0,0
40,99,99,0,100,61,0,1,0,15,0,0,0,0,0
0,99,99,0,100,100,1,1,0,14,0,0,0,0,0
0,99,99,0,100,101,0,1,0,14,0,0,0,0,0
0,98,99,0,99,102,0,2,0,14,0,0,0,0,0
43,99,99,0,99,58,1,1,0,15,0,0,0,0,0
0,99,99,13,87,101,0,1,2,15,1,0,0,0,0
0,99,99,0,81,100,0,1,0,14,1,0,0,0,0
0,99,99,0,100,101,0,1,2,14,1,0,0,0,0
0,99,99,0,100,100,1,1,0,14,0,0,0,0,0
0,99,99,46,53,101,1,1,0,15,0,0,0,0,0
45,99,99,0,98,56,0,3,0,15,0,0,0,0,0
0,99,99,0,101,99,0,2,0,14,0,0,0,0,0
0,99,99,0,99,100,1,2,0,14,0,0,0,0,0
0,99,99,0,80,101,0,1,0,14,1,0,0,0,0
0,99,99,0,99,101,0,2,0,14,0,0,0,0,0
0,99,99,0,99,100,0,3,0,14,0,0,0,0,0
0,99,99,0,100,100,0,2,2,14,1,0,0,0,0
0,99,99,0,100,100,1,1,0,14,0,0,0,0,0
0,99,99,0,101,100,0,1,0,14,0,0,0,0,0
0,99,99,0,100,100,1,1,0,14,0,0,0,0,0
0,99,99,0,99,100,1,2,0,14,0,0,0,0,0
0,99,99,0,100,101,0,1,0,14,0,0,0,0,0
46,99,99,0,80,55,0,1,0,15,1,0,0,0,0
30,98,99,33,69,69,1,1,0,16,0,0,0,0,0
0,99,99,0,100,99,1,2,0,14,0,0,0,0,0
0,99,99,34,66,101,0,1,0,15,0,0,0,0,0
0,99,99,0,99,102,0,1,0,14,0,0,0,0,0
0,99,99,32,67,101,1,1,0,15,0,0,0,0,0
0,99,99,0,100,101,0,1,0,14,0,0,0,0,0
0,98,99,2,97,100,1,3,0,15,0,0,0,0,0
66,99,99,0,100,29,0,7,0,17,0,0,0,0,0
0,99,99,0,100,101,0,1,0,14,0,0,0,0,0
41,99,99,48,50,47,1,15,0,16,0,0,0,0,0
0,99,99,0,80,100,0,2,0,14,1,0,0,0,0
0,99,99,0,98,102,0,2,0,14,0,0,0,0,0
38,99,99,0,80,63,0,1,0,15,1,0,0,0,0
0,99,99,0,99,102,0,1,0,14,0,0,0,0,0
23,99,99,0,100,77,0,2,0,15,0,0,0,0,0
0,99,98,0,100,100,1,2,0,14,0,0,0,0,0
0,99,99,0,80,100,1,1,0,14,1,0,0,0,0
0,79,98,0,99,102,0,2,0,13,1,0,0,0,0
7,99,99,0,101,92,0,2,0,15,0,0,0,0,0
0,99,99,0,101,100,0,1,0,14,0,0,0,0,0
0,99,99,0,100,101,0,1,2,14,1,0,0,0,0
5,99,99,0,100,96,0,1,0,15,0,0,0,0,0
0,99,99,14,86,100,1,1,2,15,1,0,0,0,0
0,98,99,0,101,100,1,1,0,14,0,0,0,0,0
0,99,99,0,78,103,0,1,0,14,1,0,0,0,0
0,99,99,0,100,101,0,1,0,14,0,0,0,0,0
0,99,99,0,99,99,0,4,0,14,0,0,0,0,0
0,99,99,1,99,101,0,1,0,15,0,0,0,0,0
0,99,99,0,100,101,0,1,0,14,0,0,0,0,0
0,99,99,0,99,101,1,1,0,14,0,0,0,0,0
47,99,99,0,99,52,0,4,0,15,0,0,0,0,0
42,99,97,0,100,59,1,2,0,16,0,0,0,0,0
16,99,99,0,99,85,1,1,0,15,0,0,0,0,0
0,99,99,0,100,101,0,1,0,14,0,0,0,0,0
1,99,99,0,99,100,1,1,0,15,0,0,0,0,0
49,99,99,48,31,33,1,20,0,16,1,0,0,0,0
0,99,98,0,101,101,0,1,0,14,0,0,0,0,0
0,99,99,0,100,101,0,1,0,14,0,0,0,0,0
0,99,99,0,99,101,1,1,0,14,0,0,0,0,0
0,97,99,0,100,102,1,1,0,13,0,0,0,0,0
0,98,99,6,93,101,0,3,0,15,0,0,0,0,0
0,99,99,0,100,101,0,1,0,14,0,0,0,0,0
0,99,99,0,100,100,1,1,0,14,0,0,0,0,0
0,99,99,27,72,101,1,1,0,15,0,0,0,0,0
0,99,99,30,70,101,0,1,0,15,0,0,0,0,0
0,99,99,0,99,100,1,2,0,14,0,0,0,0,0
0,99,99,0,100,100,0,2,0,14,0,0,0,0,0
0,99,99,0,80,101,0,1,0,14,1,0,0,0,0
12,99,99,20,80,89,0,1,2,16,1,0,0,0,0
0,99,99,0,98,100,2,2,0,14,0,0,0,0,0
10,99,99,7,94,90,0,1,0,16,0,0,0,0,0
0,99,99,0,97,101,1,3,0,14,0,0,0,0,0
24,99,99,0,99,77,1,1,0,15,0,0,0,0,0
0,99,99,0,100,101,0,1,0,14,0,0,0,0,0
0,99,99,0,100,101,0,1,0,14,0,0,0,0,0
0,99,99,0,100,101,0,1,0,14,0,0,0,0,0
0,99,99,0,101,100,0,1,0,14,0,0,0,0,0
0,99,99,0,99,100,1,2,0,14,0,0,0,0,0
0,99,99,0,100,101,0,1,0,14,0,0,0,0,0
0,99,99,0,100,101,0,1,0,14,0,0,0,0,0
0,99,99,0,100,101,0,1,0,14,0,0,0,0,0
0,99,99,0,101,99,0,2,0,14,0,0,0,0,0
0,99,99,0,80,100,0,2,2,14,2,0,0,0,0
0,99,99,0,100,99,0,3,0,14,0,0,0,0,0
0,99,99,0,100,101,0,1,0,14,0,0,0,0,0
0,99,99,0,100,101,0,1,0,14,0,0,0,0,0
0,99,99,30,70,100,0,2,0,15,0,0,0,0,0
0,99,99,0,100,101,0,1,2,14,1,0,0,0,0
0,99,99,0,100,101,0,1,0,14,0,0,0,0,0
0,98,99,0,101,100,1,1,2,14,1,0,0,0,0
0,99,99,0,99,102,0,1,2,14,1,0,0,0,0
0,99,99,0,79,101,1,1,2,14,2,0,0,0,0
0,99,99,11,89,101,0,1,0,15,0,0,0,0,0
0,99,99,0,100,101,0,1,0,14,0,0,0,0,0
0,98,99,0,101,99,1,2,0,14,0,0,0,0,0
4,99,99,0,100,96,0,2,0,15,0,0,0,0,0
0,99,99,0,100,101,0,1,0,14,0,0,0,0,0
0,99,98,0,100,102,0,1,0,14,0,0,0,0,0
0,99,99,0,100,101,0,1,0,14,0,0,0,0,0
0,99,99,0,100,101,0,1,0,14,0,0,0,0,0
0,99,99,0,99,99,2,2,0,14,0,0,0,0,0
0,99,99,0,100,100,1,1,0,14,0,0,0,0,0
0,99,99,0,100,101,0,1,2,14,1,0,0,0,0
0,99,99,0,100,101,0,1,0,14,0,0,0,0,0
0,99,99,0,101,99,0,2,0,14,0,0,0,0,0
0,99,99,0,100,101,0,1,2,14,1,0,0,0,0
0,99,99,12,88,101,0,1,0,15,0,0,0,0,0
0,99,99,0,98,103,0,1,0,14,0,0,0,0,0
0,99,99,9,90,100,1,2,0,15,0,0,0,0,0
0,99,99,0,98,101,1,2,0,14,0,0,0,0,0
0,99,99,0,100,101,0,1,2,14,1,0,0,0,0
0,99,99,0,100,100,1,1,0,14,0,0,0,0,0
0,99,99,0,100,101,0,1,0,14,0,0,0,0,0
4,99,99,0,98,99,0,1,0,15,0,0,0,0,0
0,99,99,1,100,100,0,1,0,15,0,0,0,0,0
10,99,99,0,79,89,1,3,0,15,1,0,0,0,0
0,99,99,0,100,100,1,1,0,14,0,0,0,0,0
10,99,99,0,100,91,0,1,0,15,0,0,0,0,0
0,98,99,31,70,100,1,1,0,14,0,0,0,0,0
0,99,99,0,100,101,0,1,2,14,1,0,0,0,0
0,99,99,0,99,101,1,1,0,14,0,0,0,0,0
0,99,97,0,101,100,2,1,0,14,0,0,0,0,0
0,98,99,34,66,101,1,1,0,15,0,0,0,0,0
0,99,99,0,100,101,0,1,0,14,0,0,0,0,0
0,99,99,48,53,100,0,1,0,15,0,0,0,0,0
0,99,99,0,80,101,0,1,0,14,1,0,0,0,0
0,99,99,0,100,101,0,1,0,14,0,0,0,0,0
17,99,99,0,100,84,0,1,0,15,0,0,0,0,0
0,99,99,0,100,101,0,1,0,14,0,0,0,0,0
0,99,99,14,86,101,0,1,0,15,0,0,0,0,0
56,99,99,0,100,37,0,9,0,16,0,0,0,0,0
0,98,98,0,100,100,2,2,0,14,0,0,0,0,0
27,99,99,0,79,75,0,1,0,15,1,0,0,0,0
0,99,99,0,80,100,1,1,0,14,1,0,0,0,0
0,99,99,0,99,99,1,3,0,14,0,0,0,0,0
0,99,99,0,100,101,0,1,0,14,0,0,0,0,0
0,99,99,0,99,102,0,1,0,14,0,0,0,0,0
0,99,99,0,99,99,2,2,0,14,0,0,0,0,0
0,99,98,3,94,103,2,1,4,15,2,0,0,0,0
