0,0,0,0,0,0,0,0,0,0,0,0,0,0,0,0,0,0,0,0,0,0,0,0,0,0,0,0,0,0,0,0,0,0,0,0,0,0,100,0,1,1,100,0,2,2,100,0,-100,-100,0,0,500,3,0,0,0,0,0,0,0,0,0,0,0,0,0,0,0,0,0,0,0,0,0,0,0,0,0,0,0,0,0,0,0,0,0,0,0,0,0,99,0,2,1,100,0,3,2,100,0,-100,-100,0,0,500
1,0,0,0,0,0,0,0,0,0,0,0,0,0,0,0,0,0,0,0,0,0,0,0,0,0,0,0,0,0,0,0,0,0,0,0,0,0,100,0,-2,-1,99,0,1,1,100,0,2,2,100,0,499,6,0,0,0,0,0,0,0,0,0,0,10,0,0,0,0,0,10,10,10,0,0,0,0,0,10,0,0,0,0,0,0,0,0,0,0,0,0,80,0,-2,-1,99,0,1,1,100,0,2,2,100,0,499
2,0,0,10,0,0,0,0,0,10,10,10,0,0,0,0,0,10,0,0,0,0,0,0,0,0,0,0,0,0,0,0,0,0,0,0,0,0,100,0,-3,-2,99,0,-1,-1,80,0,1,1,100,0,498,6,0,0,10,0,0,0,0,0,10,10,20,0,0,0,0,0,20,10,10,0,0,0,0,0,10,0,0,0,0,0,0,0,0,0,0,0,0,80,0,-3,-2,99,0,-1,-1,80,0,1,1,100,0,498
3,10,10,20,0,0,0,0,0,20,10,10,0,0,0,0,0,10,0,0,0,0,0,0,0,0,0,0,0,0,0,0,0,0,0,0,0,0,100,0,-100,-100,0,0,-2,-2,80,0,-1,-1,80,0,497,6,10,10,20,0,0,0,0,0,20,10,20,0,0,0,0,0,20,10,10,0,0,0,0,0,10,0,0,0,0,0,0,0,0,0,0,0,0,80,0,-100,-100,0,0,-2,-2,80,0,-1,-1,80,0,497
0,0,0,0,0,0,0,0,0,0,0,0,0,0,0,0,0,0,0,0,10,0,0,0,0,0,10,10,20,0,0,0,0,0,20,10,0,0,99,0,2,1,80,0,3,2,80,0,-100,-100,0,0,496,0,0,0,0,0,0,0,0,0,0,0,0,0,10,0,0,0,0,0,10,10,20,0,0,0,0,0,20,10,0,0,0,0,0,0,20,0,0,98,0,2,0,80,0,3,1,80,0,-100,-100,0,0,496
1,0,0,0,0,0,0,0,0,0,0,10,0,0,0,0,0,10,10,20,0,0,0,0,0,20,10,20,0,0,0,0,0,20,10,10,0,0,80,0,-2,0,98,0,1,1,80,0,2,2,80,0,495,1,0,0,0,0,0,0,0,0,0,0,0,0,0,0,0,0,0,10,0,0,0,0,0,10,10,20,0,0,0,0,0,20,10,20,0,0,0,79,0,-2,1,98,0,1,2,80,0,-100,-100,0,0,495
2,0,0,10,0,0,0,0,0,10,10,20,0,0,0,0,0,20,10,20,0,0,0,0,0,20,10,10,0,0,0,0,0,10,0,0,0,0,80,0,-3,-1,98,0,-1,-2,79,0,1,1,80,0,494,6,0,0,10,0,0,0,0,0,10,10,30,0,0,0,0,0,30,20,30,0,0,0,0,0,30,10,10,0,0,0,0,0,10,0,0,0,0,60,0,-3,-1,98,0,-1,-2,79,0,1,1,80,0,494
3,10,10,30,0,0,0,0,0,30,20,30,0,0,0,0,0,30,10,10,0,0,0,0,0,10,0,0,0,0,0,0,0,0,0,0,0,0,80,0,-100,-100,0,0,-100,-100,0,0,-1,-1,60,0,493,6,10,10,30,0,0,0,0,0,30,20,40,0,0,0,0,0,40,20,20,0,0,0,0,0,20,0,0,0,0,0,0,0,0,0,0,0,0,60,0,-100,-100,0,0,-100,-100,0,0,-1,-1,60,0,493
0,0,0,0,0,0,0,0,0,0,0,0,0,10,0,0,0,0,0,10,10,30,0,0,0,0,0,30,20,0,0,0,0,0,0,40,0,0,98,0,2,-1,79,0,3,1,60,0,-100,-100,0,0,492,6,0,0,0,0,0,0,0,0,0,0,10,0,10,0,0,0,10,10,20,10,30,0,0,0,10,0,30,20,0,0,0,0,0,0,40,0,0,78,0,2,-1,79,0,3,1,60,0,-100,-100,0,0,492
1,0,0,0,0,0,0,0,0,0,0,0,0,0,0,0,10,0,10,0,0,0,10,10,20,10,30,0,0,0,10,0,30,20,40,0,0,0,79,0,-2,1,78,0,1,2,60,0,-100,-100,0,0,491,1,0,0,0,0,0,0,0,0,0,0,0,0,0,0,0,0,0,0,0,0,0,0,10,0,10,0,0,0,10,10,20,10,30,0,0,0,0,78,0,-2,2,78,0,-100,-100,0,0,-100,-100,0,0,491
2,10,0,10,0,0,0,0,10,20,10,30,0,0,0,10,0,30,20,40,0,0,0,0,0,40,20,20,0,0,0,0,0,20,0,0,0,0,60,0,-3,-1,78,0,-100,-100,0,0,1,1,60,0,490,6,10,0,10,0,0,0,0,10,20,10,40,0,0,0,10,0,40,30,50,0,0,0,0,0,50,20,20,0,0,0,0,0,20,0,0,0,0,40,0,-3,-1,78,0,-100,-100,0,0,1,1,60,0,490
3,20,10,40,0,0,0,0,0,40,30,50,0,0,0,0,0,50,20,20,0,0,0,0,0,20,0,0,0,0,0,0,0,0,0,0,0,0,60,0,-100,-100,0,0,-100,-100,0,0,-1,-1,40,0,489,2,10,40,0,0,0,0,0,40,30,50,0,0,0,0,0,50,20,20,0,0,0,0,0,20,0,0,0,0,0,0,0,0,0,0,0,0,0,59,0,-100,-100,0,0,-100,-100,0,0,-2,-1,40,0,489
0,0,0,0,0,0,0,0,0,0,0,10,0,10,0,0,0,10,10,20,10,40,0,0,0,10,0,40,30,0,0,0,0,0,0,50,0,0,78,0,2,-2,78,0,3,1,40,0,-100,-100,0,0,488,6,0,0,0,0,0,0,0,0,0,0,20,0,10,0,0,0,20,20,30,10,40,0,0,0,20,0,40,30,0,0,0,0,0,0,50,0,0,58,0,2,-2,78,0,3,1,40,0,-100,-100,0,0,488
1,0,0,0,0,0,0,0,0,0,0,0,0,0,0,0,0,0,0,0,0,0,0,20,0,10,0,0,0,20,20,30,10,40,0,0,0,0,78,0,-2,2,58,0,-100,-100,0,0,-100,-100,0,0,487,3,0,0,0,0,0,0,0,0,0,0,0,0,0,0,0,0,0,0,0,0,0,0,0,20,0,10,0,0,0,20,20,30,10,40,0,0,0,77,0,-1,2,58,0,-100,-100,0,0,-100,-100,0,0,487
2,20,0,10,0,0,0,0,20,30,10,40,0,0,0,20,0,40,30,50,0,0,0,0,0,50,20,20,0,0,0,0,0,20,0,0,0,0,40,0,-3,-1,58,0,-100,-100,0,0,2,1,59,0,486,3,0,20,0,10,0,0,0,20,20,30,10,40,0,0,0,20,0,40,30,50,0,0,0,0,0,50,20,20,0,0,0,0,0,20,0,0,0,39,0,-2,-1,58,0,-100,-100,0,0,3,1,59,0,486
3,10,40,0,0,0,0,0,40,30,50,0,0,0,0,0,50,20,20,0,0,0,0,0,20,0,0,0,0,0,0,0,0,0,0,0,0,0,59,0,-100,-100,0,0,-100,-100,0,0,-3,-1,39,0,485,6,10,40,0,0,0,0,0,40,30,50,10,0,0,0,0,50,30,30,10,0,0,0,0,20,10,0,0,0,0,0,0,0,0,0,0,0,0,39,0,-100,-100,0,0,-100,-100,0,0,-3,-1,39,0,485
0,0,0,0,0,0,0,0,0,0,0,20,0,10,0,0,0,20,20,30,10,40,0,0,0,20,0,40,30,0,0,0,0,0,0,50,0,0,58,0,1,-2,77,0,2,1,39,0,-100,-100,0,0,484,5,0,0,0,0,0,0,0,0,0,0,20,0,10,0,0,0,20,20,30,10,40,0,0,0,20,0,40,30,0,0,0,0,0,0,50,0,0,29,29,1,-2,77,0,2,1,39,0,-100,-100,0,0,484
1,0,0,0,0,0,0,0,0,0,0,0,0,0,0,0,0,0,0,0,0,0,0,0,20,0,10,0,0,0,20,20,30,10,40,0,0,0,77,0,-1,2,29,29,-100,-100,0,0,-100,-100,0,0,483,0,0,0,0,0,0,0,0,0,0,0,0,0,0,0,0,0,20,0,10,0,0,0,20,20,30,10,40,0,0,0,20,0,40,30,50,0,0,76,0,-1,1,29,29,1,2,39,0,-100,-100,0,0,483
2,0,20,0,10,0,0,0,20,20,30,10,40,0,0,0,20,0,40,30,50,10,0,0,0,0,50,30,30,0,0,0,0,0,20,10,0,0,39,0,-2,-1,29,29,-1,-2,76,0,3,1,39,0,482,6,0,20,0,10,0,0,0,20,20,30,20,40,0,0,0,20,10,50,40,50,10,0,0,0,10,50,30,30,0,0,0,0,0,20,10,0,0,19,0,-2,-1,29,29,-1,-2,76,0,3,1,39,0,482
3,20,40,0,0,0,0,0,50,40,50,10,0,0,0,10,50,30,30,10,0,0,0,0,20,10,0,0,0,0,0,0,0,0,0,0,0,0,39,0,-100,-100,0,29,-100,-100,0,0,-3,-1,19,0,481,6,20,40,0,0,0,0,0,50,40,50,20,0,0,0,10,50,40,40,20,0,0,0,0,20,20,0,0,0,0,0,0,0,0,0,0,0,0,19,0,-100,-100,0,29,-100,-100,0,0,-3,-1,19,0,481
0,0,0,0,0,0,0,0,0,0,0,20,0,10,0,0,0,20,20,30,20,40,0,0,0,20,10,50,40,0,0,0,0,0,10,50,0,0,29,29,1,-1,76,0,2,1,19,0,-100,-100,0,0,480,6,0,0,0,0,0,0,0,0,0,0,30,0,10,0,0,0,30,30,40,20,40,0,0,0,30,10,50,40,0,0,0,0,0,10,50,0,0,9,29,1,-1,76,0,2,1,19,0,-100,-100,0,0,480
1,0,0,0,0,0,0,0,0,0,0,0,0,0,0,0,0,30,0,10,0,0,0,30,30,40,20,40,0,0,0,30,10,50,40,50,0,0,76,0,-1,1,9,29,1,2,19,0,-100,-100,0,0,479,6,0,0,0,0,0,0,0,0,0,0,10,0,0,0,0,0,40,10,20,0,0,0,30,30,50,20,40,0,0,0,30,10,50,40,50,0,0,56,0,-1,1,9,29,1,2,19,0,-100,-100,0,0,479
2,0,40,10,20,0,0,0,30,30,50,20,40,0,0,0,30,10,50,40,50,20,0,0,0,10,50,40,40,0,0,0,0,0,20,20,0,0,19,0,-2,-1,9,29,-1,-2,56,0,3,1,19,0,478,5,0,40,10,20,0,0,0,30,30,50,20,40,0,0,0,30,10,50,40,50,20,0,0,0,10,50,40,40,0,0,0,0,0,20,20,0,0,10,9,-2,-1,9,29,-1,-2,56,0,3,1,19,0,478
3,20,40,0,0,0,0,0,50,40,50,20,0,0,0,10,50,40,40,20,0,0,0,0,20,20,0,0,0,0,0,0,0,0,0,0,0,0,19,0,-100,-100,0,29,-100,-100,0,0,-3,-1,10,9,477,5,20,40,0,0,0,0,0,50,40,50,20,0,0,0,10,50,40,40,20,0,0,0,0,20,20,0,0,0,0,0,0,0,0,0,0,0,0,10,9,-100,-100,0,29,-100,-100,0,0,-3,-1,10,9,477
0,0,0,0,0,10,0,0,0,0,0,40,10,20,0,0,0,30,30,50,20,40,0,0,0,30,10,50,40,0,0,0,0,0,10,50,0,0,9,29,1,-1,56,0,2,1,10,9,-100,-100,0,9,476,5,0,0,0,0,10,0,0,0,0,0,40,10,20,0,0,0,30,30,50,20,40,0,0,0,30,10,50,40,0,0,0,0,0,10,50,0,0,5,33,1,-1,56,0,2,1,10,9,-100,-100,0,9,476
1,0,0,0,0,0,0,0,0,0,0,10,0,0,0,0,0,40,10,20,0,0,0,30,30,50,20,40,0,0,0,30,10,50,40,50,0,0,56,0,-1,1,5,33,1,2,10,9,-100,-100,0,9,475,6,0,0,0,0,0,0,0,0,0,0,20,0,0,0,0,0,50,20,30,0,0,0,30,30,60,20,40,0,0,0,30,10,50,40,50,0,0,36,0,-1,1,5,33,1,2,10,9,-100,-100,0,9,475
2,0,50,20,30,0,0,0,30,30,60,20,40,0,0,0,30,10,50,40,50,20,0,0,0,10,50,40,40,0,0,0,0,0,20,20,0,0,10,9,-2,-1,5,33,-1,-2,36,0,3,1,10,9,474,0,30,30,60,20,40,0,0,0,30,10,50,40,50,20,0,0,0,10,50,40,40,0,0,0,0,0,20,20,0,0,0,0,0,0,0,0,0,9,9,-2,-2,5,33,-100,-100,0,0,3,0,10,9,474
3,20,40,0,0,0,0,0,50,40,50,20,0,0,0,10,50,40,40,20,0,0,0,0,20,20,0,0,0,0,0,0,0,0,0,0,0,0,10,9,-100,-100,0,33,-100,-100,0,0,-3,0,9,9,473,5,20,40,0,0,0,0,0,50,40,50,20,0,0,0,10,50,40,40,20,0,0,0,0,20,20,0,0,0,0,0,0,0,0,0,0,0,0,5,14,-100,-100,0,33,-100,-100,0,0,-3,0,9,9,473
0,0,0,0,0,20,0,0,0,0,0,50,20,30,0,0,0,30,30,60,20,40,0,0,0,30,10,50,40,0,0,0,0,0,10,50,0,0,5,33,1,-1,36,0,2,2,9,9,-100,-100,0,14,472,5,0,0,0,0,20,0,0,0,0,0,50,20,30,0,0,0,30,30,60,20,40,0,0,0,30,10,50,40,0,0,0,0,0,10,50,0,0,3,35,1,-1,36,0,2,2,9,9,-100,-100,0,14,472
1,0,0,0,0,0,0,0,0,0,0,20,0,0,0,0,0,50,20,30,0,0,0,30,30,60,20,40,0,0,0,30,10,50,40,50,0,0,36,0,-1,1,3,35,-100,-100,0,9,-100,-100,0,14,471,6,0,0,0,0,0,0,0,0,0,0,30,0,0,0,0,0,60,30,40,0,0,0,30,30,70,20,40,0,0,0,30,10,50,40,50,0,0,16,0,-1,1,3,35,-100,-100,0,9,-100,-100,0,14,471
2,30,30,70,20,40,0,0,0,30,10,50,40,50,20,0,0,0,10,50,40,40,0,0,0,0,0,20,20,0,0,0,0,0,0,0,0,0,9,9,-2,-2,3,35,-100,-100,0,0,3,0,5,14,470,1,0,60,30,40,0,0,0,30,30,70,20,40,0,0,0,30,10,50,40,50,20,0,0,0,10,50,40,40,0,0,0,0,0,20,20,0,0,8,9,-2,-1,3,35,-1,-2,16,0,3,1,5,14,470
3,20,40,0,0,0,0,0,50,40,50,20,0,0,0,10,50,40,40,20,0,0,0,0,20,20,0,0,0,0,0,0,0,0,0,0,0,0,5,14,-100,-100,0,35,-100,-100,0,0,-3,-1,8,9,469,5,20,40,0,0,0,0,0,50,40,50,20,0,0,0,10,50,40,40,20,0,0,0,0,20,20,0,0,0,0,0,0,0,0,0,0,0,0,3,16,-100,-100,0,35,-100,-100,0,0,-3,-1,8,9,469
0,0,0,0,0,30,0,0,0,0,0,60,30,40,0,0,0,30,30,70,20,40,0,0,0,30,10,50,40,0,0,0,0,0,10,50,0,0,3,35,1,-1,16,0,2,1,8,9,-100,-100,0,16,468,0,0,0,0,60,30,40,0,0,0,30,30,70,20,40,0,0,0,30,10,50,40,0,0,0,0,0,10,50,0,0,0,0,0,0,0,0,0,2,35,1,-2,16,0,2,0,8,9,-100,-100,0,16,468
1,0,0,0,0,0,0,0,0,0,0,30,0,0,0,0,0,60,30,40,0,0,0,30,30,70,20,40,0,0,0,30,10,50,40,50,0,0,16,0,-1,2,2,35,1,2,8,9,-100,-100,0,16,467,1,0,0,0,0,0,0,0,0,0,0,0,0,0,0,0,0,0,30,0,0,0,0,0,60,30,40,0,0,0,30,30,70,20,40,0,0,0,15,0,-100,-100,0,35,-100,-100,0,9,-100,-100,0,16,467
2,0,60,30,40,0,0,0,30,30,70,20,40,0,0,0,30,10,50,40,50,20,0,0,0,10,50,40,40,0,0,0,0,0,20,20,0,0,8,9,-2,0,2,35,-100,-100,0,0,3,1,3,16,466,5,0,60,30,40,0,0,0,30,30,70,20,40,0,0,0,30,10,50,40,50,20,0,0,0,10,50,40,40,0,0,0,0,0,20,20,0,0,4,13,-2,0,2,35,-100,-100,0,0,3,1,3,16,466
3,20,40,0,0,0,0,0,50,40,50,20,0,0,0,10,50,40,40,20,0,0,0,0,20,20,0,0,0,0,0,0,0,0,0,0,0,0,3,16,-100,-100,0,35,-100,-100,0,0,-3,-1,4,13,465,5,20,40,0,0,0,0,0,50,40,50,20,0,0,0,10,50,40,40,20,0,0,0,0,20,20,0,0,0,0,0,0,0,0,0,0,0,0,2,17,-100,-100,0,35,-100,-100,0,0,-3,-1,4,13,465
0,0,0,0,60,30,40,0,0,0,30,30,70,20,40,0,0,0,30,10,50,40,0,0,0,0,0,10,50,0,0,0,0,0,0,0,0,0,2,35,-100,-100,0,0,2,0,4,13,-100,-100,0,17,464,4,0,0,0,60,30,40,0,0,0,30,30,70,20,40,0,0,0,0,10,50,40,0,0,0,0,0,10,50,0,0,0,0,0,0,0,0,0,32,35,-100,-100,0,0,2,0,4,13,-100,-100,0,17,464
1,0,0,0,0,0,0,0,0,0,0,0,0,0,0,0,0,0,30,0,0,0,0,0,60,30,40,0,0,0,30,30,70,20,40,0,0,0,15,0,-100,-100,0,35,-100,-100,0,13,-100,-100,0,17,463,4,0,0,0,0,0,0,0,0,0,0,0,0,0,0,0,0,0,0,0,0,0,0,0,60,30,40,0,0,0,30,30,70,20,40,0,0,0,45,0,-100,-100,0,35,-100,-100,0,13,-100,-100,0,17,463
2,0,60,30,40,0,0,0,30,30,70,20,40,0,0,0,0,10,50,40,50,20,0,0,0,10,50,40,40,0,0,0,0,0,20,20,0,0,4,13,-2,0,32,35,-100,-100,0,0,3,1,2,17,462,2,60,30,40,0,0,0,0,30,70,20,40,0,0,0,0,10,50,40,50,20,0,0,0,10,50,40,40,20,0,0,0,0,20,20,0,0,0,3,13,-3,0,32,35,-100,-100,0,0,2,1,2,17,462
3,20,40,0,0,0,0,0,50,40,50,20,0,0,0,10,50,40,40,20,0,0,0,0,20,20,0,0,0,0,0,0,0,0,0,0,0,0,2,17,-100,-100,0,35,-100,-100,0,0,-2,-1,3,13,461,5,20,40,0,0,0,0,0,50,40,50,20,0,0,0,10,50,40,40,20,0,0,0,0,20,20,0,0,0,0,0,0,0,0,0,0,0,0,1,18,-100,-100,0,35,-100,-100,0,0,-2,-1,3,13,461
0,0,0,0,60,30,40,0,0,0,30,30,70,20,40,0,0,0,0,10,50,40,0,0,0,0,0,10,50,0,0,0,0,0,0,0,0,0,32,35,-100,-100,0,0,3,0,3,13,-100,-100,0,18,460,6,0,0,0,60,30,40,0,0,0,30,40,70,20,40,0,0,10,10,20,50,40,0,0,0,10,0,10,50,0,0,0,0,0,0,0,0,0,12,35,-100,-100,0,0,3,0,3,13,-100,-100,0,18,460
1,0,0,0,0,0,0,0,0,0,0,0,0,0,0,0,0,0,0,0,0,0,0,0,60,30,40,0,0,0,30,40,70,20,40,0,0,0,45,0,-100,-100,0,35,-100,-100,0,13,-100,-100,0,18,459,6,0,0,0,0,0,0,0,0,0,0,10,0,0,0,0,0,10,10,10,0,0,0,0,60,40,40,0,0,0,30,40,70,20,40,0,0,0,25,0,-100,-100,0,35,-100,-100,0,13,-100,-100,0,18,459
2,60,40,40,0,0,0,0,40,70,20,40,0,0,0,10,20,50,40,50,20,0,10,0,10,50,40,40,20,0,0,0,0,20,20,0,0,0,3,13,-3,0,12,35,-100,-100,0,0,2,1,1,18,458,5,60,40,40,0,0,0,0,40,70,20,40,0,0,0,10,20,50,40,50,20,0,10,0,10,50,40,40,20,0,0,0,0,20,20,0,0,0,2,14,-3,0,12,35,-100,-100,0,0,2,1,1,18,458
3,20,40,0,0,0,0,0,50,40,50,20,0,0,0,10,50,40,40,20,0,0,0,0,20,20,0,0,0,0,0,0,0,0,0,0,0,0,1,18,-100,-100,0,35,-100,-100,0,0,-2,-1,2,14,457,4,20,40,0,0,0,0,0,50,40,50,20,0,0,0,10,50,40,0,20,0,0,0,0,20,20,0,0,0,0,0,0,0,0,0,0,0,0,41,18,-100,-100,0,35,-100,-100,0,0,-2,-1,2,14,457
0,0,0,0,60,40,40,0,0,0,30,40,70,20,40,0,0,10,10,20,50,40,0,0,0,10,0,10,50,0,0,0,0,0,0,0,0,0,12,35,-100,-100,0,0,3,0,2,14,-100,-100,0,18,456,5,0,0,0,60,40,40,0,0,0,30,40,70,20,40,0,0,10,10,20,50,40,0,0,0,10,0,10,50,0,0,0,0,0,0,0,0,0,6,41,-100,-100,0,0,3,0,2,14,-100,-100,0,18,456
1,0,0,0,0,0,0,0,0,0,0,10,0,0,0,0,0,10,10,10,0,0,0,0,60,40,40,0,0,0,30,40,70,20,40,0,0,0,25,0,-100,-100,0,41,-100,-100,0,14,-100,-100,0,18,455,4,0,0,0,0,0,0,0,0,0,0,10,0,0,0,0,0,10,0,10,0,0,0,0,60,40,40,0,0,0,30,40,70,20,40,0,0,0,35,0,-100,-100,0,41,-100,-100,0,14,-100,-100,0,18,455
2,60,40,40,0,0,0,0,40,70,20,40,0,0,0,10,20,50,40,50,20,0,10,0,10,50,40,0,20,0,0,0,0,20,20,0,0,0,2,14,-3,0,6,41,-100,-100,0,0,2,1,41,18,454,4,60,40,40,0,0,0,0,40,70,20,40,0,0,0,10,20,50,0,50,20,0,10,0,10,50,40,0,20,0,0,0,0,20,20,0,0,0,42,14,-3,0,6,41,-100,-100,0,0,2,1,41,18,454
3,20,40,0,0,0,0,0,50,0,50,20,0,0,0,10,50,40,0,20,0,0,0,0,20,20,0,0,0,0,0,0,0,0,0,0,0,0,41,18,-100,-100,0,41,-100,-100,0,0,-2,-1,42,14,453,6,20,40,0,0,0,0,0,50,0,50,30,0,0,0,10,50,50,10,30,0,0,0,0,20,30,0,0,0,0,0,0,0,0,0,0,0,0,21,18,-100,-100,0,41,-100,-100,0,0,-2,-1,42,14,453
0,0,0,0,60,40,40,0,0,0,30,40,70,20,40,0,0,10,10,20,50,0,0,0,0,10,0,10,50,0,0,0,0,0,0,0,0,0,6,41,-100,-100,0,0,3,0,42,14,-100,-100,0,18,452,4,0,0,0,60,40,40,0,0,0,30,40,70,20,40,0,0,10,0,20,50,0,0,0,0,10,0,10,50,0,0,0,0,0,0,0,0,0,16,41,-100,-100,0,0,3,0,42,14,-100,-100,0,18,452
1,0,0,0,0,0,0,0,0,0,0,10,0,0,0,0,0,10,0,10,0,0,0,0,60,40,40,0,0,0,30,40,70,20,40,0,0,0,35,0,-100,-100,0,41,-100,-100,0,14,-100,-100,0,18,451,6,0,0,0,0,0,0,0,0,0,0,20,0,0,0,0,0,20,10,20,0,0,0,0,60,50,40,0,0,0,30,40,70,20,40,0,0,0,15,0,-100,-100,0,41,-100,-100,0,14,-100,-100,0,18,451
2,60,50,40,0,0,0,0,40,70,20,40,0,0,0,0,20,50,0,50,30,0,10,0,10,50,50,10,30,0,0,0,0,20,30,0,0,0,42,14,-3,0,16,41,-100,-100,0,0,2,1,21,18,450,6,60,50,40,0,0,0,0,40,70,20,50,0,0,0,0,20,60,10,60,30,0,10,0,10,60,50,10,30,0,0,0,0,20,30,0,0,0,22,14,-3,0,16,41,-100,-100,0,0,2,1,21,18,450
3,20,50,0,0,0,0,0,60,10,60,30,0,0,0,10,60,50,10,30,0,0,0,0,20,30,0,0,0,0,0,0,0,0,0,0,0,0,21,18,-100,-100,0,41,-100,-100,0,0,-2,-1,22,14,449,6,20,50,0,0,0,0,0,60,10,60,40,0,0,0,10,60,60,20,40,0,0,0,0,20,40,0,0,0,0,0,0,0,0,0,0,0,0,1,18,-100,-100,0,41,-100,-100,0,0,-2,-1,22,14,449
0,0,0,0,60,50,40,0,0,0,30,40,70,20,50,0,0,10,0,20,60,10,0,0,0,10,0,10,60,0,0,0,0,0,0,0,0,0,16,41,-100,-100,0,0,3,0,22,14,-100,-100,0,18,448,2,0,0,60,50,40,0,0,0,30,40,70,20,50,0,0,10,0,20,60,10,60,0,0,10,0,10,60,60,0,0,0,0,0,0,20,0,0,15,41,-100,-100,0,0,2,0,22,14,-100,-100,0,18,448
1,0,0,0,0,0,0,0,0,0,0,20,0,0,0,0,0,20,10,20,0,0,0,0,60,50,40,0,0,0,30,40,70,20,50,0,0,0,15,0,-100,-100,0,41,-100,-100,0,14,-100,-100,0,18,447,1,0,0,0,0,0,0,0,0,0,0,0,0,0,0,0,0,0,20,0,0,0,0,0,20,10,20,0,0,0,0,60,50,40,0,0,0,0,14,0,-100,-100,0,41,-100,-100,0,14,-100,-100,0,18,447
2,60,50,40,0,0,0,0,40,70,20,50,0,0,0,0,20,60,10,60,40,0,10,0,10,60,60,20,40,0,0,0,0,20,40,0,0,0,22,14,-2,0,15,41,-100,-100,0,0,2,1,1,18,446,6,60,50,40,0,0,0,0,40,70,20,60,0,0,0,0,20,70,20,70,40,0,10,0,10,70,60,20,40,0,0,0,0,20,40,0,0,0,2,14,-2,0,15,41,-100,-100,0,0,2,1,1,18,446
3,20,60,0,0,0,0,0,70,20,70,40,0,0,0,10,70,60,20,40,0,0,0,0,20,40,0,0,0,0,0,0,0,0,0,0,0,0,1,18,-100,-100,0,41,-100,-100,0,0,-2,-1,2,14,445,1,40,0,0,0,0,0,0,20,60,0,0,0,0,0,70,20,70,40,0,0,0,10,70,60,20,40,0,0,0,0,20,40,0,0,0,0,0,0,18,-100,-100,0,41,-100,-100,0,0,-2,0,2,14,445
0,0,0,60,50,40,0,0,0,30,40,70,20,60,0,0,10,0,20,70,20,70,0,0,10,0,10,70,60,0,0,0,0,0,0,20,0,0,15,41,-100,-100,0,0,2,0,2,14,-100,-100,0,18,444,5,0,0,60,50,40,0,0,0,30,40,70,20,60,0,0,10,0,20,70,20,70,0,0,10,0,10,70,60,0,0,0,0,0,0,20,0,0,8,48,-100,-100,0,0,2,0,2,14,-100,-100,0,18,444
1,0,0,0,0,0,0,0,0,0,0,0,0,0,0,0,0,0,20,0,0,0,0,0,20,10,20,0,0,0,0,60,50,40,0,0,0,0,14,0,-100,-100,0,48,-100,-100,0,14,-100,-100,0,18,443,4,0,0,0,0,0,0,0,0,0,0,0,0,0,0,0,0,0,0,0,0,0,0,0,20,10,20,0,0,0,0,60,50,40,0,0,0,0,34,0,-100,-100,0,48,-100,-100,0,14,-100,-100,0,18,443
2,60,50,40,0,0,0,0,40,70,20,60,0,0,0,0,20,70,20,70,40,0,10,0,10,70,60,20,40,0,0,0,0,20,40,0,0,0,2,14,-2,0,8,48,-100,-100,0,0,2,0,0,18,442,1,20,10,20,0,0,0,0,60,50,40,0,0,0,0,40,70,20,60,0,0,0,0,20,70,20,70,40,0,10,0,10,70,60,20,40,0,0,1,14,-2,1,8,48,-100,-100,0,0,2,1,0,18,442
0,0,0,60,50,40,0,0,0,30,40,70,20,60,0,0,10,0,20,70,20,70,0,0,10,0,10,70,60,0,0,0,0,0,0,20,0,0,8,48,-100,-100,0,0,2,-1,1,14,-100,-100,0,18,441,4,0,0,60,50,40,0,0,0,30,40,70,20,60,0,0,10,0,0,70,20,70,0,0,10,0,10,70,60,0,0,0,0,0,0,20,0,0,28,48,-100,-100,0,0,2,-1,1,14,-100,-100,0,18,441
1,0,0,0,0,0,0,0,0,0,0,0,0,0,0,0,0,0,0,0,0,0,0,0,20,10,20,0,0,0,0,60,50,40,0,0,0,0,34,0,-100,-100,0,48,-100,-100,0,14,-100,-100,0,18,440,0,0,0,0,0,0,0,0,0,0,0,0,0,0,0,0,0,20,10,20,0,0,0,0,60,50,40,0,0,0,30,40,70,20,60,0,0,0,33,0,-100,-100,0,48,2,2,1,14,-100,-100,0,18,440
2,20,10,20,0,0,0,0,60,50,40,0,0,0,0,40,70,20,60,0,0,0,0,0,70,20,70,40,0,10,0,10,70,60,20,40,0,0,1,14,-2,1,28,48,-2,-2,33,0,2,1,0,18,439,3,0,20,10,20,0,0,0,0,60,50,40,0,0,0,30,40,70,20,60,0,0,10,0,0,70,20,70,40,0,10,0,10,70,60,20,0,0,0,14,-1,1,28,48,-1,-2,33,0,3,1,0,18,439
0,0,0,60,50,40,0,0,0,30,40,70,20,60,0,0,10,0,0,70,20,70,0,0,10,0,10,70,60,0,0,0,0,0,0,20,0,0,28,48,-100,-100,0,0,1,-1,0,14,-100,-100,0,18,438,1,0,0,20,10,20,0,0,0,0,60,50,40,0,0,0,30,40,70,20,60,0,0,10,0,0,70,20,70,0,0,10,0,10,70,60,0,0,27,48,0,-2,33,0,1,0,0,14,-100,-100,0,18,438
1,0,0,0,0,0,0,0,0,0,0,0,0,0,0,0,0,20,10,20,0,0,0,0,60,50,40,0,0,0,30,40,70,20,60,0,0,0,33,0,0,2,27,48,1,2,0,14,-100,-100,0,18,437,6,0,0,0,0,0,0,0,0,0,0,10,0,0,0,0,0,30,20,30,0,0,0,0,60,60,40,0,0,0,30,40,70,20,60,0,0,0,13,0,0,2,27,48,1,2,0,14,-100,-100,0,18,437
0,0,0,30,20,30,0,0,0,0,60,60,40,0,0,0,30,40,70,20,60,0,0,10,0,0,70,20,70,0,0,10,0,10,70,60,0,0,27,48,0,-2,13,0,1,0,0,14,-100,-100,0,18,436,1,0,0,0,10,0,0,0,0,0,30,20,30,0,0,0,0,60,60,40,0,0,0,30,40,70,20,60,0,0,10,0,0,70,20,70,0,0,26,48,0,-1,13,0,1,1,0,14,-100,-100,0,18,436
1,0,0,0,0,0,0,0,0,0,0,10,0,0,0,0,0,30,20,30,0,0,0,0,60,60,40,0,0,0,30,40,70,20,60,0,0,0,13,0,0,1,26,48,1,2,0,14,-100,-100,0,18,435,4,0,0,0,0,0,0,0,0,0,0,10,0,0,0,0,0,30,0,30,0,0,0,0,60,60,40,0,0,0,30,40,70,20,60,0,0,0,33,0,0,1,26,48,1,2,0,14,-100,-100,0,18,435
0,0,0,0,10,0,0,0,0,0,30,0,30,0,0,0,0,60,60,40,0,0,0,30,40,70,20,60,0,0,10,0,0,70,20,70,0,0,26,48,0,-1,33,0,1,1,0,14,-100,-100,0,18,434,6,0,0,0,10,0,0,0,0,0,30,10,30,0,0,0,0,70,70,50,0,0,0,30,40,80,20,60,0,0,10,0,0,70,20,70,0,0,6,48,0,-1,33,0,1,1,0,14,-100,-100,0,18,434
1,0,0,0,0,0,0,0,0,0,0,10,0,0,0,0,0,30,10,30,0,0,0,0,70,70,50,0,0,0,30,40,80,20,60,0,0,0,33,0,0,1,6,48,1,2,0,14,-100,-100,0,18,433,6,0,0,0,0,0,0,0,0,0,0,20,0,0,0,0,0,40,20,40,0,0,0,0,70,80,50,0,0,0,30,40,80,20,60,0,0,0,13,0,0,1,6,48,1,2,0,14,-100,-100,0,18,433
0,0,0,0,20,0,0,0,0,0,40,20,40,0,0,0,0,70,80,50,0,0,0,30,40,80,20,60,0,0,10,0,0,70,20,70,0,0,6,48,0,-1,13,0,1,1,0,14,-100,-100,0,18,432,5,0,0,0,20,0,0,0,0,0,40,20,40,0,0,0,0,70,80,50,0,0,0,30,40,80,20,60,0,0,10,0,0,70,20,70,0,0,3,51,0,-1,13,0,1,1,0,14,-100,-100,0,18,432
1,0,0,0,0,0,0,0,0,0,0,20,0,0,0,0,0,40,20,40,0,0,0,0,70,80,50,0,0,0,30,40,80,20,60,0,0,0,13,0,0,1,3,51,1,2,0,14,-100,-100,0,18,431,4,0,0,0,0,0,0,0,0,0,0,20,0,0,0,0,0,40,0,40,0,0,0,0,70,80,50,0,0,0,30,40,80,20,60,0,0,0,33,0,0,1,3,51,1,2,0,14,-100,-100,0,18,431
0,0,0,0,20,0,0,0,0,0,40,0,40,0,0,0,0,70,80,50,0,0,0,30,40,80,20,60,0,0,10,0,0,70,20,70,0,0,3,51,0,-1,33,0,1,1,0,14,-100,-100,0,18,430,5,0,0,0,20,0,0,0,0,0,40,0,40,0,0,0,0,70,80,50,0,0,0,30,40,80,20,60,0,0,10,0,0,70,20,70,0,0,2,52,0,-1,33,0,1,1,0,14,-100,-100,0,18,430
1,0,0,0,0,0,0,0,0,0,0,20,0,0,0,0,0,40,0,40,0,0,0,0,70,80,50,0,0,0,30,40,80,20,60,0,0,0,33,0,0,1,2,52,1,2,0,14,-100,-100,0,18,429,6,0,0,0,0,0,0,0,0,0,0,30,0,0,0,0,0,50,10,50,0,0,0,0,70,90,50,0,0,0,30,40,80,20,60,0,0,0,13,0,0,1,2,52,1,2,0,14,-100,-100,0,18,429
0,0,0,0,30,0,0,0,0,0,50,10,50,0,0,0,0,70,90,50,0,0,0,30,40,80,20,60,0,0,10,0,0,70,20,70,0,0,2,52,0,-1,13,0,1,1,0,14,-100,-100,0,18,428,5,0,0,0,30,0,0,0,0,0,50,10,50,0,0,0,0,70,90,50,0,0,0,30,40,80,20,60,0,0,10,0,0,70,20,70,0,0,1,53,0,-1,13,0,1,1,0,14,-100,-100,0,18,428
1,0,0,0,0,0,0,0,0,0,0,30,0,0,0,0,0,50,10,50,0,0,0,0,70,90,50,0,0,0,30,40,80,20,60,0,0,0,13,0,0,1,1,53,1,2,0,14,-100,-100,0,18,427,4,0,0,0,0,0,0,0,0,0,0,30,0,0,0,0,0,50,0,50,0,0,0,0,70,90,50,0,0,0,30,40,80,20,60,0,0,0,23,0,0,1,1,53,1,2,0,14,-100,-100,0,18,427
0,0,0,0,30,0,0,0,0,0,50,0,50,0,0,0,0,70,90,50,0,0,0,30,40,80,20,60,0,0,10,0,0,70,20,70,0,0,1,53,0,-1,23,0,1,1,0,14,-100,-100,0,18,426,3,0,0,0,0,30,0,0,0,0,0,50,0,50,0,0,0,0,70,90,50,0,0,0,30,40,80,20,60,0,0,10,0,0,70,20,0,0,0,53,1,-1,23,0,2,1,0,14,-100,-100,0,18,426
1,0,0,0,0,0,0,0,0,0,0,30,0,0,0,0,0,50,0,50,0,0,0,0,70,90,50,0,0,0,30,40,80,20,60,0,0,0,23,0,-1,1,0,53,1,2,0,14,-100,-100,0,18,425,3,0,0,0,0,0,0,0,0,0,0,0,30,0,0,0,0,0,50,0,50,0,0,0,0,70,90,50,0,0,0,30,40,80,20,60,0,0,22,0,0,1,0,53,2,2,0,14,-100,-100,0,18,425
1,0,0,0,0,0,0,0,0,0,0,0,30,0,0,0,0,0,50,0,50,0,0,0,0,70,90,50,0,0,0,30,40,80,20,60,0,0,22,0,0,1,0,53,2,2,0,14,-100,-100,0,18,424,6,0,0,0,0,0,0,0,0,0,0,10,30,0,0,0,0,10,60,10,50,0,0,0,0,80,90,50,0,0,0,30,40,80,20,60,0,0,2,0,0,1,0,53,2,2,0,14,-100,-100,0,18,424
1,0,0,0,0,0,0,0,0,0,0,10,30,0,0,0,0,10,60,10,50,0,0,0,0,80,90,50,0,0,0,30,40,80,20,60,0,0,2,0,0,1,0,53,2,2,0,14,-100,-100,0,18,423,5,0,0,0,0,0,0,0,0,0,0,10,30,0,0,0,0,10,60,10,50,0,0,0,0,80,90,50,0,0,0,30,40,80,20,60,0,0,1,1,0,1,0,53,2,2,0,14,-100,-100,0,18,423
1,0,0,0,0,0,0,0,0,0,0,10,30,0,0,0,0,10,60,10,50,0,0,0,0,80,90,50,0,0,0,30,40,80,20,60,0,0,1,1,0,1,0,53,2,2,0,14,-100,-100,0,18,422,4,0,0,0,0,0,0,0,0,0,0,10,30,0,0,0,0,10,0,10,50,0,0,0,0,80,90,50,0,0,0,30,40,80,20,60,0,0,61,1,0,1,0,53,2,2,0,14,-100,-100,0,18,422
1,0,0,0,0,0,0,0,0,0,0,10,30,0,0,0,0,10,0,10,50,0,0,0,0,80,90,50,0,0,0,30,40,80,20,60,0,0,61,1,0,1,0,53,2,2,0,14,-100,-100,0,18,421,6,0,0,0,0,0,0,0,0,0,0,20,30,0,0,0,0,20,10,20,50,0,0,0,0,90,90,50,0,0,0,30,40,80,20,60,0,0,41,1,0,1,0,53,2,2,0,14,-100,-100,0,18,421
1,0,0,0,0,0,0,0,0,0,0,20,30,0,0,0,0,20,10,20,50,0,0,0,0,90,90,50,0,0,0,30,40,80,20,60,0,0,41,1,0,1,0,53,2,2,0,14,-100,-100,0,18,420,6,0,0,0,0,0,0,0,0,0,0,30,30,0,0,0,0,30,20,30,50,0,0,0,0,100,90,50,0,0,0,30,40,80,20,60,0,0,21,1,0,1,0,53,2,2,0,14,-100,-100,0,18,420
1,0,0,0,0,0,0,0,0,0,0,30,30,0,0,0,0,30,20,30,50,0,0,0,0,100,90,50,0,0,0,30,40,80,20,60,0,0,21,1,0,1,0,53,2,2,0,14,-100,-100,0,18,419,6,0,0,0,0,0,0,0,0,0,0,40,30,0,0,0,0,40,30,40,50,0,0,0,0,100,90,50,0,0,0,30,40,80,20,60,0,0,1,1,0,1,0,53,2,2,0,14,-100,-100,0,18,419
1,0,0,0,0,0,0,0,0,0,0,40,30,0,0,0,0,40,30,40,50,0,0,0,0,100,90,50,0,0,0,30,40,80,20,60,0,0,1,1,0,1,0,53,2,2,0,14,-100,-100,0,18,418,4,0,0,0,0,0,0,0,0,0,0,40,30,0,0,0,0,40,0,40,50,0,0,0,0,100,90,50,0,0,0,30,40,80,20,60,0,0,31,1,0,1,0,53,2,2,0,14,-100,-100,0,18,418
1,0,0,0,0,0,0,0,0,0,0,40,30,0,0,0,0,40,0,40,50,0,0,0,0,100,90,50,0,0,0,30,40,80,20,60,0,0,31,1,0,1,0,53,2,2,0,14,-100,-100,0,18,417,6,0,0,0,0,0,0,0,0,0,0,50,30,0,0,0,0,50,10,50,50,0,0,0,0,100,90,50,0,0,0,30,40,80,20,60,0,0,11,1,0,1,0,53,2,2,0,14,-100,-100,0,18,417
1,0,0,0,0,0,0,0,0,0,0,50,30,0,0,0,0,50,10,50,50,0,0,0,0,100,90,50,0,0,0,30,40,80,20,60,0,0,11,1,0,1,0,53,2,2,0,14,-100,-100,0,18,416,4,0,0,0,0,0,0,0,0,0,0,50,30,0,0,0,0,50,0,50,50,0,0,0,0,100,90,50,0,0,0,30,40,80,20,60,0,0,21,1,0,1,0,53,2,2,0,14,-100,-100,0,18,416
1,0,0,0,0,0,0,0,0,0,0,50,30,0,0,0,0,50,0,50,50,0,0,0,0,100,90,50,0,0,0,30,40,80,20,60,0,0,21,1,0,1,0,53,2,2,0,14,-100,-100,0,18,415,6,0,0,0,0,0,0,0,0,0,0,60,30,0,0,0,0,60,10,60,50,0,0,0,0,100,90,50,0,0,0,30,40,80,20,60,0,0,1,1,0,1,0,53,2,2,0,14,-100,-100,0,18,415
1,0,0,0,0,0,0,0,0,0,0,60,30,0,0,0,0,60,10,60,50,0,0,0,0,100,90,50,0,0,0,30,40,80,20,60,0,0,1,1,0,1,0,53,2,2,0,14,-100,-100,0,18,414,4,0,0,0,0,0,0,0,0,0,0,60,30,0,0,0,0,60,0,60,50,0,0,0,0,100,90,50,0,0,0,30,40,80,20,60,0,0,11,1,0,1,0,53,2,2,0,14,-100,-100,0,18,414
1,0,0,0,0,0,0,0,0,0,0,60,30,0,0,0,0,60,0,60,50,0,0,0,0,100,90,50,0,0,0,30,40,80,20,60,0,0,11,1,0,1,0,53,2,2,0,14,-100,-100,0,18,413,2,0,0,0,0,0,0,0,0,0,60,30,0,0,0,0,60,0,60,50,0,0,0,0,100,90,50,0,0,0,30,40,80,20,60,0,0,0,10,1,-1,1,0,53,1,2,0,14,-100,-100,0,18,413
1,0,0,0,0,0,0,0,0,0,60,30,0,0,0,0,60,0,60,50,0,0,0,0,100,90,50,0,0,0,30,40,80,20,60,0,0,0,10,1,-1,1,0,53,1,2,0,14,-100,-100,0,18,412,4,0,0,0,0,0,0,0,0,0,60,30,0,0,0,0,60,0,0,50,0,0,0,0,100,90,50,0,0,0,30,40,80,20,60,0,0,0,70,1,-1,1,0,53,1,2,0,14,-100,-100,0,18,412
1,0,0,0,0,0,0,0,0,0,60,30,0,0,0,0,60,0,0,50,0,0,0,0,100,90,50,0,0,0,30,40,80,20,60,0,0,0,70,1,-1,1,0,53,1,2,0,14,-100,-100,0,18,411,6,0,0,0,0,0,0,0,0,0,60,40,0,0,0,0,60,10,10,60,0,0,0,0,100,100,50,0,0,0,30,40,80,20,60,0,0,0,50,1,-1,1,0,53,1,2,0,14,-100,-100,0,18,411
1,0,0,0,0,0,0,0,0,0,60,40,0,0,0,0,60,10,10,60,0,0,0,0,100,100,50,0,0,0,30,40,80,20,60,0,0,0,50,1,-1,1,0,53,1,2,0,14,-100,-100,0,18,410,6,0,0,0,0,0,0,0,0,0,60,50,0,0,0,0,60,20,20,70,0,0,0,0,100,100,50,0,0,0,30,40,80,20,60,0,0,0,30,1,-1,1,0,53,1,2,0,14,-100,-100,0,18,410
1,0,0,0,0,0,0,0,0,0,60,50,0,0,0,0,60,20,20,70,0,0,0,0,100,100,50,0,0,0,30,40,80,20,60,0,0,0,30,1,-1,1,0,53,1,2,0,14,-100,-100,0,18,409,6,0,0,0,0,0,0,0,0,0,60,60,0,0,0,0,60,30,30,80,0,0,0,0,100,100,50,0,0,0,30,40,80,20,60,0,0,0,10,1,-1,1,0,53,1,2,0,14,-100,-100,0,18,409
1,0,0,0,0,0,0,0,0,0,60,60,0,0,0,0,60,30,30,80,0,0,0,0,100,100,50,0,0,0,30,40,80,20,60,0,0,0,10,1,-1,1,0,53,1,2,0,14,-100,-100,0,18,408,4,0,0,0,0,0,0,0,0,0,60,60,0,0,0,0,60,30,0,80,0,0,0,0,100,100,50,0,0,0,30,40,80,20,60,0,0,0,40,1,-1,1,0,53,1,2,0,14,-100,-100,0,18,408
1,0,0,0,0,0,0,0,0,0,60,60,0,0,0,0,60,30,0,80,0,0,0,0,100,100,50,0,0,0,30,40,80,20,60,0,0,0,40,1,-1,1,0,53,1,2,0,14,-100,-100,0,18,407,6,0,0,0,0,0,0,0,0,0,60,70,0,0,0,0,60,40,10,90,0,0,0,0,100,100,50,0,0,0,30,40,80,20,60,0,0,0,20,1,-1,1,0,53,1,2,0,14,-100,-100,0,18,407
1,0,0,0,0,0,0,0,0,0,60,70,0,0,0,0,60,40,10,90,0,0,0,0,100,100,50,0,0,0,30,40,80,20,60,0,0,0,20,1,-1,1,0,53,1,2,0,14,-100,-100,0,18,406,4,0,0,0,0,0,0,0,0,0,60,70,0,0,0,0,60,40,0,90,0,0,0,0,100,100,50,0,0,0,30,40,80,20,60,0,0,0,30,1,-1,1,0,53,1,2,0,14,-100,-100,0,18,406
1,0,0,0,0,0,0,0,0,0,60,70,0,0,0,0,60,40,0,90,0,0,0,0,100,100,50,0,0,0,30,40,80,20,60,0,0,0,30,1,-1,1,0,53,1,2,0,14,-100,-100,0,18,405,6,0,0,0,0,0,0,0,0,0,60,80,0,0,0,0,60,50,10,100,0,0,0,0,100,100,50,0,0,0,30,40,80,20,60,0,0,0,10,1,-1,1,0,53,1,2,0,14,-100,-100,0,18,405
1,0,0,0,0,0,0,0,0,0,60,80,0,0,0,0,60,50,10,100,0,0,0,0,100,100,50,0,0,0,30,40,80,20,60,0,0,0,10,1,-1,1,0,53,1,2,0,14,-100,-100,0,18,404,4,0,0,0,0,0,0,0,0,0,60,80,0,0,0,0,60,50,0,100,0,0,0,0,100,100,50,0,0,0,30,40,80,20,60,0,0,0,20,1,-1,1,0,53,1,2,0,14,-100,-100,0,18,404
1,0,0,0,0,0,0,0,0,0,60,80,0,0,0,0,60,50,0,100,0,0,0,0,100,100,50,0,0,0,30,40,80,20,60,0,0,0,20,1,-1,1,0,53,1,2,0,14,-100,-100,0,18,403,2,0,0,0,0,0,0,0,0,60,80,0,0,0,0,60,50,0,100,0,0,0,0,100,100,50,0,0,0,30,40,80,20,60,0,0,0,0,19,1,-2,1,0,53,0,2,0,14,-100,-100,0,18,403
1,0,0,0,0,0,0,0,0,60,80,0,0,0,0,60,50,0,100,0,0,0,0,100,100,50,0,0,0,30,40,80,20,60,0,0,0,0,19,1,-2,1,0,53,0,2,0,14,-100,-100,0,18,402,4,0,0,0,0,0,0,0,0,60,80,0,0,0,0,60,50,0,19,0,0,0,0,100,100,50,0,0,0,30,40,80,20,60,0,0,0,0,100,1,-2,1,0,53,0,2,0,14,-100,-100,0,18,402
1,0,0,0,0,0,0,0,0,60,80,0,0,0,0,60,50,0,19,0,0,0,0,100,100,50,0,0,0,30,40,80,20,60,0,0,0,0,100,1,-2,1,0,53,0,2,0,14,-100,-100,0,18,401,6,0,0,0,0,0,0,0,0,60,80,10,0,0,0,60,50,10,29,10,0,0,0,100,100,60,0,0,0,30,40,80,20,60,0,0,0,0,80,1,-2,1,0,53,0,2,0,14,-100,-100,0,18,401
1,0,0,0,0,0,0,0,0,60,80,10,0,0,0,60,50,10,29,10,0,0,0,100,100,60,0,0,0,30,40,80,20,60,0,0,0,0,80,1,-2,1,0,53,0,2,0,14,-100,-100,0,18,400,6,0,0,0,0,0,0,0,0,60,80,20,0,0,0,60,50,20,39,20,0,0,0,100,100,70,0,0,0,30,40,80,20,60,0,0,0,0,60,1,-2,1,0,53,0,2,0,14,-100,-100,0,18,400
1,0,0,0,0,0,0,0,0,60,80,20,0,0,0,60,50,20,39,20,0,0,0,100,100,70,0,0,0,30,40,80,20,60,0,0,0,0,60,1,-2,1,0,53,0,2,0,14,-100,-100,0,18,399,6,0,0,0,0,0,0,0,0,60,80,30,0,0,0,60,50,30,49,30,0,0,0,100,100,80,0,0,0,30,40,80,20,60,0,0,0,0,40,1,-2,1,0,53,0,2,0,14,-100,-100,0,18,399
1,0,0,0,0,0,0,0,0,60,80,30,0,0,0,60,50,30,49,30,0,0,0,100,100,80,0,0,0,30,40,80,20,60,0,0,0,0,40,1,-2,1,0,53,0,2,0,14,-100,-100,0,18,398,6,0,0,0,0,0,0,0,0,60,80,40,0,0,0,60,50,40,59,40,0,0,0,100,100,90,0,0,0,30,40,80,20,60,0,0,0,0,20,1,-2,1,0,53,0,2,0,14,-100,-100,0,18,398
1,0,0,0,0,0,0,0,0,60,80,40,0,0,0,60,50,40,59,40,0,0,0,100,100,90,0,0,0,30,40,80,20,60,0,0,0,0,20,1,-2,1,0,53,0,2,0,14,-100,-100,0,18,397,4,0,0,0,0,0,0,0,0,60,80,40,0,0,0,60,50,40,0,40,0,0,0,100,100,90,0,0,0,30,40,80,20,60,0,0,0,0,79,1,-2,1,0,53,0,2,0,14,-100,-100,0,18,397
1,0,0,0,0,0,0,0,0,60,80,40,0,0,0,60,50,40,0,40,0,0,0,100,100,90,0,0,0,30,40,80,20,60,0,0,0,0,79,1,-2,1,0,53,0,2,0,14,-100,-100,0,18,396,6,0,0,0,0,0,0,0,0,60,80,50,0,0,0,60,50,50,10,50,0,0,0,100,100,100,0,0,0,30,40,80,20,60,0,0,0,0,59,1,-2,1,0,53,0,2,0,14,-100,-100,0,18,396
1,0,0,0,0,0,0,0,0,60,80,50,0,0,0,60,50,50,10,50,0,0,0,100,100,100,0,0,0,30,40,80,20,60,0,0,0,0,59,1,-2,1,0,53,0,2,0,14,-100,-100,0,18,395,6,0,0,0,0,0,0,0,0,60,80,60,0,0,0,60,50,60,20,60,0,0,0,100,100,100,0,0,0,30,40,80,20,60,0,0,0,0,39,1,-2,1,0,53,0,2,0,14,-100,-100,0,18,395
1,0,0,0,0,0,0,0,0,60,80,60,0,0,0,60,50,60,20,60,0,0,0,100,100,100,0,0,0,30,40,80,20,60,0,0,0,0,39,1,-2,1,0,53,0,2,0,14,-100,-100,0,18,394,6,0,0,0,0,0,0,0,0,60,80,70,0,0,0,60,50,70,30,70,0,0,0,100,100,100,0,0,0,30,40,80,20,60,0,0,0,0,19,1,-2,1,0,53,0,2,0,14,-100,-100,0,18,394
1,0,0,0,0,0,0,0,0,60,80,70,0,0,0,60,50,70,30,70,0,0,0,100,100,100,0,0,0,30,40,80,20,60,0,0,0,0,19,1,-2,1,0,53,0,2,0,14,-100,-100,0,18,393,4,0,0,0,0,0,0,0,0,60,80,70,0,0,0,60,50,70,0,70,0,0,0,100,100,100,0,0,0,30,40,80,20,60,0,0,0,0,49,1,-2,1,0,53,0,2,0,14,-100,-100,0,18,393
1,0,0,0,0,0,0,0,0,60,80,70,0,0,0,60,50,70,0,70,0,0,0,100,100,100,0,0,0,30,40,80,20,60,0,0,0,0,49,1,-2,1,0,53,0,2,0,14,-100,-100,0,18,392,6,0,0,0,0,0,0,0,0,60,80,80,0,0,0,60,50,80,10,80,0,0,0,100,100,100,0,0,0,30,40,80,20,60,0,0,0,0,29,1,-2,1,0,53,0,2,0,14,-100,-100,0,18,392
1,0,0,0,0,0,0,0,0,60,80,80,0,0,0,60,50,80,10,80,0,0,0,100,100,100,0,0,0,30,40,80,20,60,0,0,0,0,29,1,-2,1,0,53,0,2,0,14,-100,-100,0,18,391,0,0,60,80,80,0,0,0,60,50,80,10,80,0,0,0,100,100,100,0,0,0,30,40,80,20,60,0,0,10,0,0,70,20,70,40,0,0,28,1,-2,0,0,53,0,1,0,14,3,2,0,18,391
1,0,60,80,80,0,0,0,60,50,80,10,80,0,0,0,100,100,100,0,0,0,30,40,80,20,60,0,0,10,0,0,70,20,70,40,0,0,28,1,-2,0,0,53,0,1,0,14,3,2,0,18,390,4,0,60,80,80,0,0,0,60,50,80,10,80,0,0,0,100,100,28,0,0,0,30,40,80,20,60,0,0,10,0,0,70,20,70,40,0,0,100,1,-2,0,0,53,0,1,0,14,3,2,0,18,390
1,0,60,80,80,0,0,0,60,50,80,10,80,0,0,0,100,100,28,0,0,0,30,40,80,20,60,0,0,10,0,0,70,20,70,40,0,0,100,1,-2,0,0,53,0,1,0,14,3,2,0,18,389,6,0,60,80,80,0,0,0,60,50,80,20,80,0,0,0,100,100,38,10,0,0,30,40,80,30,60,0,0,10,0,0,70,20,70,40,0,0,80,1,-2,0,0,53,0,1,0,14,3,2,0,18,389
1,0,60,80,80,0,0,0,60,50,80,20,80,0,0,0,100,100,38,10,0,0,30,40,80,30,60,0,0,10,0,0,70,20,70,40,0,0,80,1,-2,0,0,53,0,1,0,14,3,2,0,18,388,6,0,60,80,80,0,0,0,60,50,80,30,80,0,0,0,100,100,48,20,0,0,30,40,80,40,60,0,0,10,0,0,70,20,70,40,0,0,60,1,-2,0,0,53,0,1,0,14,3,2,0,18,388
1,0,60,80,80,0,0,0,60,50,80,30,80,0,0,0,100,100,48,20,0,0,30,40,80,40,60,0,0,10,0,0,70,20,70,40,0,0,60,1,-2,0,0,53,0,1,0,14,3,2,0,18,387,0,60,50,80,30,80,0,0,0,100,100,48,20,0,0,30,40,80,40,60,0,0,10,0,0,70,20,70,40,0,10,0,10,70,60,20,0,0,59,1,-2,-1,0,53,0,0,0,14,3,1,0,18,387
1,60,50,80,30,80,0,0,0,100,100,48,20,0,0,30,40,80,40,60,0,0,10,0,0,70,20,70,40,0,10,0,10,70,60,20,0,0,59,1,-2,-1,0,53,0,0,0,14,3,1,0,18,386,6,60,50,80,30,80,0,0,0,100,100,58,20,0,0,30,40,90,50,70,0,0,10,0,0,80,20,70,40,0,10,0,10,70,60,20,0,0,39,1,-2,-1,0,53,0,0,0,14,3,1,0,18,386
1,60,50,80,30,80,0,0,0,100,100,58,20,0,0,30,40,90,50,70,0,0,10,0,0,80,20,70,40,0,10,0,10,70,60,20,0,0,39,1,-2,-1,0,53,0,0,0,14,3,1,0,18,385,5,60,50,80,30,80,0,0,0,100,100,58,20,0,0,30,40,90,50,70,0,0,10,0,0,80,20,70,40,0,10,0,10,70,60,20,0,0,20,20,-2,-1,0,53,0,0,0,14,3,1,0,18,385
1,60,50,80,30,80,0,0,0,100,100,58,20,0,0,30,40,90,50,70,0,0,10,0,0,80,20,70,40,0,10,0,10,70,60,20,0,0,20,20,-2,-1,0,53,0,0,0,14,3,1,0,18,384,4,60,50,80,30,80,0,0,0,100,100,58,20,0,0,30,40,90,0,70,0,0,10,0,0,80,20,70,40,0,10,0,10,70,60,20,0,0,70,20,-2,-1,0,53,0,0,0,14,3,1,0,18,384
1,60,50,80,30,80,0,0,0,100,100,58,20,0,0,30,40,90,0,70,0,0,10,0,0,80,20,70,40,0,10,0,10,70,60,20,0,0,70,20,-2,-1,0,53,0,0,0,14,3,1,0,18,383,6,60,50,80,30,80,0,0,0,100,100,68,20,0,0,30,40,100,10,80,0,0,10,0,0,90,20,70,40,0,10,0,10,70,60,20,0,0,50,20,-2,-1,0,53,0,0,0,14,3,1,0,18,383
1,60,50,80,30,80,0,0,0,100,100,68,20,0,0,30,40,100,10,80,0,0,10,0,0,90,20,70,40,0,10,0,10,70,60,20,0,0,50,20,-2,-1,0,53,0,0,0,14,3,1,0,18,382,6,60,50,80,30,80,0,0,0,100,100,78,20,0,0,30,40,100,20,90,0,0,10,0,0,100,20,70,40,0,10,0,10,70,60,20,0,0,30,20,-2,-1,0,53,0,0,0,14,3,1,0,18,382
1,60,50,80,30,80,0,0,0,100,100,78,20,0,0,30,40,100,20,90,0,0,10,0,0,100,20,70,40,0,10,0,10,70,60,20,0,0,30,20,-2,-1,0,53,0,0,0,14,3,1,0,18,381,2,50,80,30,80,0,0,0,100,100,78,20,0,0,0,40,100,20,90,0,0,0,0,0,100,20,70,40,0,10,0,10,70,60,20,40,0,0,29,20,-3,-1,0,53,-1,0,0,14,2,1,0,18,381
1,50,80,30,80,0,0,0,100,100,78,20,0,0,0,40,100,20,90,0,0,0,0,0,100,20,70,40,0,10,0,10,70,60,20,40,0,0,29,20,-3,-1,0,53,-1,0,0,14,2,1,0,18,380,4,50,80,30,80,0,0,0,100,100,78,20,0,0,0,40,100,20,19,0,0,0,0,0,100,20,70,40,0,10,0,10,70,60,20,40,0,0,100,20,-3,-1,0,53,-1,0,0,14,2,1,0,18,380
1,50,80,30,80,0,0,0,100,100,78,20,0,0,0,40,100,20,19,0,0,0,0,0,100,20,70,40,0,10,0,10,70,60,20,40,0,0,100,20,-3,-1,0,53,-1,0,0,14,2,1,0,18,379,6,50,80,30,80,0,0,0,100,100,78,30,0,0,0,40,100,30,29,10,0,0,0,0,100,30,70,40,0,10,0,10,70,60,20,40,0,0,80,20,-3,-1,0,53,-1,0,0,14,2,1,0,18,379
1,50,80,30,80,0,0,0,100,100,78,30,0,0,0,40,100,30,29,10,0,0,0,0,100,30,70,40,0,10,0,10,70,60,20,40,0,0,80,20,-3,-1,0,53,-1,0,0,14,2,1,0,18,378,6,50,80,30,80,0,0,0,100,100,78,40,0,0,0,40,100,40,39,20,0,0,0,0,100,40,70,40,0,10,0,10,70,60,20,40,0,0,60,20,-3,-1,0,53,-1,0,0,14,2,1,0,18,378
1,50,80,30,80,0,0,0,100,100,78,40,0,0,0,40,100,40,39,20,0,0,0,0,100,40,70,40,0,10,0,10,70,60,20,40,0,0,60,20,-3,-1,0,53,-1,0,0,14,2,1,0,18,377,6,50,80,30,80,0,0,0,100,100,78,50,0,0,0,40,100,50,49,30,0,0,0,0,100,50,70,40,0,10,0,10,70,60,20,40,0,0,40,20,-3,-1,0,53,-1,0,0,14,2,1,0,18,377
1,50,80,30,80,0,0,0,100,100,78,50,0,0,0,40,100,50,49,30,0,0,0,0,100,50,70,40,0,10,0,10,70,60,20,40,0,0,40,20,-3,-1,0,53,-1,0,0,14,2,1,0,18,376,6,50,80,30,80,0,0,0,100,100,78,60,0,0,0,40,100,60,59,40,0,0,0,0,100,60,70,40,0,10,0,10,70,60,20,40,0,0,20,20,-3,-1,0,53,-1,0,0,14,2,1,0,18,376
1,50,80,30,80,0,0,0,100,100,78,60,0,0,0,40,100,60,59,40,0,0,0,0,100,60,70,40,0,10,0,10,70,60,20,40,0,0,20,20,-3,-1,0,53,-1,0,0,14,2,1,0,18,375,4,50,80,30,80,0,0,0,100,100,78,60,0,0,0,40,100,60,0,40,0,0,0,0,100,60,70,40,0,10,0,10,70,60,20,40,0,0,79,20,-3,-1,0,53,-1,0,0,14,2,1,0,18,375
1,50,80,30,80,0,0,0,100,100,78,60,0,0,0,40,100,60,0,40,0,0,0,0,100,60,70,40,0,10,0,10,70,60,20,40,0,0,79,20,-3,-1,0,53,-1,0,0,14,2,1,0,18,374,6,50,80,30,80,0,0,0,100,100,78,70,0,0,0,40,100,70,10,50,0,0,0,0,100,70,70,40,0,10,0,10,70,60,20,40,0,0,59,20,-3,-1,0,53,-1,0,0,14,2,1,0,18,374
1,50,80,30,80,0,0,0,100,100,78,70,0,0,0,40,100,70,10,50,0,0,0,0,100,70,70,40,0,10,0,10,70,60,20,40,0,0,59,20,-3,-1,0,53,-1,0,0,14,2,1,0,18,373,6,50,80,30,80,0,0,0,100,100,78,80,0,0,0,40,100,80,20,60,0,0,0,0,100,80,70,40,0,10,0,10,70,60,20,40,0,0,39,20,-3,-1,0,53,-1,0,0,14,2,1,0,18,373
1,50,80,30,80,0,0,0,100,100,78,80,0,0,0,40,100,80,20,60,0,0,0,0,100,80,70,40,0,10,0,10,70,60,20,40,0,0,39,20,-3,-1,0,53,-1,0,0,14,2,1,0,18,372,6,50,80,30,80,0,0,0,100,100,78,90,0,0,0,40,100,90,30,70,0,0,0,0,100,90,70,40,0,10,0,10,70,60,20,40,0,0,19,20,-3,-1,0,53,-1,0,0,14,2,1,0,18,372
1,50,80,30,80,0,0,0,100,100,78,90,0,0,0,40,100,90,30,70,0,0,0,0,100,90,70,40,0,10,0,10,70,60,20,40,0,0,19,20,-3,-1,0,53,-1,0,0,14,2,1,0,18,371,4,50,80,30,80,0,0,0,100,100,78,90,0,0,0,40,100,90,0,70,0,0,0,0,100,90,70,40,0,10,0,10,70,60,20,40,0,0,49,20,-3,-1,0,53,-1,0,0,14,2,1,0,18,371
1,50,80,30,80,0,0,0,100,100,78,90,0,0,0,40,100,90,0,70,0,0,0,0,100,90,70,40,0,10,0,10,70,60,20,40,0,0,49,20,-3,-1,0,53,-1,0,0,14,2,1,0,18,370,0,100,100,78,90,0,0,0,40,100,90,0,70,0,0,0,0,100,90,70,40,0,10,0,10,70,60,20,40,0,0,0,0,20,40,0,0,0,48,20,-3,-2,0,53,-1,-1,0,14,2,0,0,18,370
1,100,100,78,90,0,0,0,40,100,90,0,70,0,0,0,0,100,90,70,40,0,10,0,10,70,60,20,40,0,0,0,0,20,40,0,0,0,48,20,-3,-2,0,53,-1,-1,0,14,2,0,0,18,369,4,100,100,78,90,0,0,0,40,100,90,0,70,0,0,0,0,100,38,70,40,0,10,0,10,70,60,20,40,0,0,0,0,20,40,0,0,0,100,20,-3,-2,0,53,-1,-1,0,14,2,0,0,18,369
1,100,100,78,90,0,0,0,40,100,90,0,70,0,0,0,0,100,38,70,40,0,10,0,10,70,60,20,40,0,0,0,0,20,40,0,0,0,100,20,-3,-2,0,53,-1,-1,0,14,2,0,0,18,368,6,100,100,78,90,0,0,0,40,100,90,10,70,0,0,0,0,100,48,80,40,0,10,0,10,80,60,20,40,0,0,0,0,20,40,0,0,0,80,20,-3,-2,0,53,-1,-1,0,14,2,0,0,18,368
1,100,100,78,90,0,0,0,40,100,90,10,70,0,0,0,0,100,48,80,40,0,10,0,10,80,60,20,40,0,0,0,0,20,40,0,0,0,80,20,-3,-2,0,53,-1,-1,0,14,2,0,0,18,367,6,100,100,78,90,0,0,0,40,100,90,20,70,0,0,0,0,100,58,90,40,0,10,0,10,90,60,20,40,0,0,0,0,20,40,0,0,0,60,20,-3,-2,0,53,-1,-1,0,14,2,0,0,18,367
1,100,100,78,90,0,0,0,40,100,90,20,70,0,0,0,0,100,58,90,40,0,10,0,10,90,60,20,40,0,0,0,0,20,40,0,0,0,60,20,-3,-2,0,53,-1,-1,0,14,2,0,0,18,366,6,100,100,78,90,0,0,0,40,100,90,30,70,0,0,0,0,100,68,100,40,0,10,0,10,100,60,20,40,0,0,0,0,20,40,0,0,0,40,20,-3,-2,0,53,-1,-1,0,14,2,0,0,18,366
1,100,100,78,90,0,0,0,40,100,90,30,70,0,0,0,0,100,68,100,40,0,10,0,10,100,60,20,40,0,0,0,0,20,40,0,0,0,40,20,-3,-2,0,53,-1,-1,0,14,2,0,0,18,365,3,0,100,100,78,90,0,0,30,40,100,90,30,70,0,10,0,0,100,68,100,40,0,10,0,10,100,60,20,0,0,0,0,0,20,40,0,0,39,20,-2,-2,0,53,0,-1,0,14,3,0,0,18,365
1,0,100,100,78,90,0,0,30,40,100,90,30,70,0,10,0,0,100,68,100,40,0,10,0,10,100,60,20,0,0,0,0,0,20,40,0,0,39,20,-2,-2,0,53,0,-1,0,14,3,0,0,18,364,4,0,100,100,78,90,0,0,30,40,100,90,30,70,0,10,0,0,39,68,100,40,0,10,0,10,100,60,20,0,0,0,0,0,20,40,0,0,100,20,-2,-2,0,53,0,-1,0,14,3,0,0,18,364
1,0,100,100,78,90,0,0,30,40,100,90,30,70,0,10,0,0,39,68,100,40,0,10,0,10,100,60,20,0,0,0,0,0,20,40,0,0,100,20,-2,-2,0,53,0,-1,0,14,3,0,0,18,363,6,0,100,100,78,90,0,0,30,40,100,100,30,70,0,10,0,10,49,78,100,40,0,10,0,20,100,60,20,0,0,0,0,0,20,40,0,0,80,20,-2,-2,0,53,0,-1,0,14,3,0,0,18,363
1,0,100,100,78,90,0,0,30,40,100,100,30,70,0,10,0,10,49,78,100,40,0,10,0,20,100,60,20,0,0,0,0,0,20,40,0,0,80,20,-2,-2,0,53,0,-1,0,14,3,0,0,18,362,6,0,100,100,78,90,0,0,30,40,100,100,30,70,0,10,0,20,59,88,100,40,0,10,0,30,100,60,20,0,0,0,0,0,20,40,0,0,60,20,-2,-2,0,53,0,-1,0,14,3,0,0,18,362
1,0,100,100,78,90,0,0,30,40,100,100,30,70,0,10,0,20,59,88,100,40,0,10,0,30,100,60,20,0,0,0,0,0,20,40,0,0,60,20,-2,-2,0,53,0,-1,0,14,3,0,0,18,361,6,0,100,100,78,90,0,0,30,40,100,100,30,70,0,10,0,30,69,98,100,40,0,10,0,40,100,60,20,0,0,0,0,0,20,40,0,0,40,20,-2,-2,0,53,0,-1,0,14,3,0,0,18,361
1,0,100,100,78,90,0,0,30,40,100,100,30,70,0,10,0,30,69,98,100,40,0,10,0,40,100,60,20,0,0,0,0,0,20,40,0,0,40,20,-2,-2,0,53,0,-1,0,14,3,0,0,18,360,3,0,0,100,100,78,90,0,0,30,40,100,100,30,70,0,10,0,30,69,98,100,0,0,10,0,40,100,60,0,0,0,0,0,0,20,0,0,39,20,-1,-2,0,53,1,-1,0,14,-100,-100,0,18,360
1,0,0,100,100,78,90,0,0,30,40,100,100,30,70,0,10,0,30,69,98,100,0,0,10,0,40,100,60,0,0,0,0,0,0,20,0,0,39,20,-1,-2,0,53,1,-1,0,14,-100,-100,0,18,359,4,0,0,100,100,78,90,0,0,30,40,100,100,30,70,0,10,0,0,69,98,100,0,0,10,0,40,100,60,0,0,0,0,0,0,20,0,0,69,20,-1,-2,0,53,1,-1,0,14,-100,-100,0,18,359
1,0,0,100,100,78,90,0,0,30,40,100,100,30,70,0,10,0,0,69,98,100,0,0,10,0,40,100,60,0,0,0,0,0,0,20,0,0,69,20,-1,-2,0,53,1,-1,0,14,-100,-100,0,18,358,6,0,0,100,100,78,90,0,0,30,40,100,100,30,70,0,10,10,10,79,98,100,0,0,10,10,40,100,60,0,0,0,0,0,0,20,0,0,49,20,-1,-2,0,53,1,-1,0,14,-100,-100,0,18,358
1,0,0,100,100,78,90,0,0,30,40,100,100,30,70,0,10,10,10,79,98,100,0,0,10,10,40,100,60,0,0,0,0,0,0,20,0,0,49,20,-1,-2,0,53,1,-1,0,14,-100,-100,0,18,357,3,0,0,0,100,100,78,90,0,0,30,40,100,100,30,0,0,10,10,10,79,98,0,0,0,10,10,40,100,0,0,0,0,0,0,0,0,0,48,20,0,-2,0,53,2,-1,0,14,-100,-100,0,18,357
1,0,0,0,100,100,78,90,0,0,30,40,100,100,30,0,0,10,10,10,79,98,0,0,0,10,10,40,100,0,0,0,0,0,0,0,0,0,48,20,0,-2,0,53,2,-1,0,14,-100,-100,0,18,356,4,0,0,0,100,100,78,90,0,0,30,40,100,100,30,0,0,10,0,10,79,98,0,0,0,10,10,40,100,0,0,0,0,0,0,0,0,0,58,20,0,-2,0,53,2,-1,0,14,-100,-100,0,18,356
1,0,0,0,100,100,78,90,0,0,30,40,100,100,30,0,0,10,0,10,79,98,0,0,0,10,10,40,100,0,0,0,0,0,0,0,0,0,58,20,0,-2,0,53,2,-1,0,14,-100,-100,0,18,355,6,0,0,0,100,100,78,90,0,0,30,50,100,100,30,0,0,20,10,20,79,98,0,0,0,20,10,40,100,0,0,0,0,0,0,0,0,0,38,20,0,-2,0,53,2,-1,0,14,-100,-100,0,18,355
1,0,0,0,100,100,78,90,0,0,30,50,100,100,30,0,0,20,10,20,79,98,0,0,0,20,10,40,100,0,0,0,0,0,0,0,0,0,38,20,0,-2,0,53,2,-1,0,14,-100,-100,0,18,354,0,0,0,30,50,100,100,30,0,0,20,10,20,79,98,0,0,0,20,10,40,100,0,0,0,0,0,0,0,0,0,0,0,0,0,0,0,0,37,20,-100,-100,0,53,2,-2,0,14,-100,-100,0,18,354
1,0,0,30,50,100,100,30,0,0,20,10,20,79,98,0,0,0,20,10,40,100,0,0,0,0,0,0,0,0,0,0,0,0,0,0,0,0,37,20,-100,-100,0,53,2,-2,0,14,-100,-100,0,18,353,0,0,0,20,10,20,79,98,0,0,0,20,10,40,100,0,0,0,0,0,0,0,0,0,0,0,0,0,0,0,0,0,0,0,0,0,0,0,36,20,-100,-100,0,53,-100,-100,0,14,-100,-100,0,18,353
1,0,0,20,10,20,79,98,0,0,0,20,10,40,100,0,0,0,0,0,0,0,0,0,0,0,0,0,0,0,0,0,0,0,0,0,0,0,36,20,-100,-100,0,53,-100,-100,0,14,-100,-100,0,18,352,6,0,0,20,10,20,79,98,0,0,0,30,10,40,100,0,0,10,10,10,0,0,0,0,0,10,0,0,0,0,0,0,0,0,0,0,0,0,16,20,-100,-100,0,53,-100,-100,0,14,-100,-100,0,18,352
1,0,0,20,10,20,79,98,0,0,0,30,10,40,100,0,0,10,10,10,0,0,0,0,0,10,0,0,0,0,0,0,0,0,0,0,0,0,16,20,-100,-100,0,53,-100,-100,0,14,-100,-100,0,18,351,4,0,0,20,10,20,79,98,0,0,0,30,10,40,100,0,0,10,0,10,0,0,0,0,0,10,0,0,0,0,0,0,0,0,0,0,0,0,26,20,-100,-100,0,53,-100,-100,0,14,-100,-100,0,18,351
1,0,0,20,10,20,79,98,0,0,0,30,10,40,100,0,0,10,0,10,0,0,0,0,0,10,0,0,0,0,0,0,0,0,0,0,0,0,26,20,-100,-100,0,53,-100,-100,0,14,-100,-100,0,18,350,6,0,0,20,10,20,79,98,0,0,0,40,10,40,100,0,0,20,10,20,0,0,0,0,0,20,0,0,0,0,0,0,0,0,0,0,0,0,6,20,-100,-100,0,53,-100,-100,0,14,-100,-100,0,18,350
1,0,0,20,10,20,79,98,0,0,0,40,10,40,100,0,0,20,10,20,0,0,0,0,0,20,0,0,0,0,0,0,0,0,0,0,0,0,6,20,-100,-100,0,53,-100,-100,0,14,-100,-100,0,18,349,4,0,0,20,10,20,79,98,0,0,0,40,10,40,100,0,0,20,0,20,0,0,0,0,0,20,0,0,0,0,0,0,0,0,0,0,0,0,16,20,-100,-100,0,53,-100,-100,0,14,-100,-100,0,18,349
1,0,0,20,10,20,79,98,0,0,0,40,10,40,100,0,0,20,0,20,0,0,0,0,0,20,0,0,0,0,0,0,0,0,0,0,0,0,16,20,-100,-100,0,53,-100,-100,0,14,-100,-100,0,18,348,2,0,20,10,20,79,98,100,0,0,40,10,40,100,60,0,20,0,20,0,0,20,0,0,20,0,0,0,0,0,0,0,0,0,0,0,0,0,15,20,-100,-100,0,53,-100,-100,0,14,-100,-100,0,18,348
1,0,20,10,20,79,98,100,0,0,40,10,40,100,60,0,20,0,20,0,0,20,0,0,20,0,0,0,0,0,0,0,0,0,0,0,0,0,15,20,-100,-100,0,53,-100,-100,0,14,-100,-100,0,18,347,4,0,20,10,20,79,98,100,0,0,40,10,40,100,60,0,20,0,0,0,0,20,0,0,20,0,0,0,0,0,0,0,0,0,0,0,0,0,35,20,-100,-100,0,53,-100,-100,0,14,-100,-100,0,18,347
1,0,20,10,20,79,98,100,0,0,40,10,40,100,60,0,20,0,0,0,0,20,0,0,20,0,0,0,0,0,0,0,0,0,0,0,0,0,35,20,-100,-100,0,53,-100,-100,0,14,-100,-100,0,18,346,6,0,20,10,20,79,98,100,0,0,40,20,40,100,60,0,20,10,10,10,0,20,0,0,20,10,0,0,0,0,0,0,0,0,0,0,0,0,15,20,-100,-100,0,53,-100,-100,0,14,-100,-100,0,18,346
1,0,20,10,20,79,98,100,0,0,40,20,40,100,60,0,20,10,10,10,0,20,0,0,20,10,0,0,0,0,0,0,0,0,0,0,0,0,15,20,-100,-100,0,53,-100,-100,0,14,-100,-100,0,18,345,4,0,20,10,20,79,98,100,0,0,40,20,40,100,60,0,20,10,0,10,0,20,0,0,20,10,0,0,0,0,0,0,0,0,0,0,0,0,25,20,-100,-100,0,53,-100,-100,0,14,-100,-100,0,18,345
1,0,20,10,20,79,98,100,0,0,40,20,40,100,60,0,20,10,0,10,0,20,0,0,20,10,0,0,0,0,0,0,0,0,0,0,0,0,25,20,-100,-100,0,53,-100,-100,0,14,-100,-100,0,18,344,6,0,20,10,20,79,98,100,0,0,40,30,40,100,60,0,20,20,10,20,0,20,0,0,20,20,0,0,0,0,0,0,0,0,0,0,0,0,5,20,-100,-100,0,53,-100,-100,0,14,-100,-100,0,18,344
1,0,20,10,20,79,98,100,0,0,40,30,40,100,60,0,20,20,10,20,0,20,0,0,20,20,0,0,0,0,0,0,0,0,0,0,0,0,5,20,-100,-100,0,53,-100,-100,0,14,-100,-100,0,18,343,4,0,20,10,20,79,98,100,0,0,40,30,40,100,60,0,20,20,0,20,0,20,0,0,20,20,0,0,0,0,0,0,0,0,0,0,0,0,15,20,-100,-100,0,53,-100,-100,0,14,-100,-100,0,18,343
1,0,20,10,20,79,98,100,0,0,40,30,40,100,60,0,20,20,0,20,0,20,0,0,20,20,0,0,0,0,0,0,0,0,0,0,0,0,15,20,-100,-100,0,53,-100,-100,0,14,-100,-100,0,18,342,2,20,10,20,79,98,100,40,0,40,30,40,100,60,20,20,20,0,20,0,20,40,0,20,20,0,0,0,0,0,0,0,0,0,0,0,0,0,14,20,-100,-100,0,53,-100,-100,0,14,3,-2,0,18,342
1,20,10,20,79,98,100,40,0,40,30,40,100,60,20,20,20,0,20,0,20,40,0,20,20,0,0,0,0,0,0,0,0,0,0,0,0,0,14,20,-100,-100,0,53,-100,-100,0,14,3,-2,0,18,341,4,20,10,20,79,98,100,40,0,40,30,40,100,60,20,20,20,0,0,0,20,40,0,20,20,0,0,0,0,0,0,0,0,0,0,0,0,0,34,20,-100,-100,0,53,-100,-100,0,14,3,-2,0,18,341
1,20,10,20,79,98,100,40,0,40,30,40,100,60,20,20,20,0,0,0,20,40,0,20,20,0,0,0,0,0,0,0,0,0,0,0,0,0,34,20,-100,-100,0,53,-100,-100,0,14,3,-2,0,18,340,6,20,10,20,79,98,100,40,0,40,30,50,100,60,20,20,20,10,10,10,20,40,0,20,20,10,0,0,0,0,0,0,0,0,0,0,0,0,14,20,-100,-100,0,53,-100,-100,0,14,3,-2,0,18,340
1,20,10,20,79,98,100,40,0,40,30,50,100,60,20,20,20,10,10,10,20,40,0,20,20,10,0,0,0,0,0,0,0,0,0,0,0,0,14,20,-100,-100,0,53,-100,-100,0,14,3,-2,0,18,339,4,20,10,20,79,98,100,40,0,40,30,50,100,60,20,20,20,10,0,10,20,40,0,20,20,10,0,0,0,0,0,0,0,0,0,0,0,0,24,20,-100,-100,0,53,-100,-100,0,14,3,-2,0,18,339
1,20,10,20,79,98,100,40,0,40,30,50,100,60,20,20,20,10,0,10,20,40,0,20,20,10,0,0,0,0,0,0,0,0,0,0,0,0,24,20,-100,-100,0,53,-100,-100,0,14,3,-2,0,18,338,6,20,10,20,79,98,100,40,0,40,30,60,100,60,20,20,20,20,10,20,20,40,0,20,20,20,0,0,0,0,0,0,0,0,0,0,0,0,4,20,-100,-100,0,53,-100,-100,0,14,3,-2,0,18,338
1,20,10,20,79,98,100,40,0,40,30,60,100,60,20,20,20,20,10,20,20,40,0,20,20,20,0,0,0,0,0,0,0,0,0,0,0,0,4,20,-100,-100,0,53,-100,-100,0,14,3,-2,0,18,337,1,30,50,100,100,30,70,0,20,10,20,79,98,100,40,0,40,30,60,100,60,20,20,20,20,10,20,20,40,0,20,20,20,0,0,0,0,0,3,20,-100,-100,0,53,0,-2,0,14,3,-1,0,18,337
1,30,50,100,100,30,70,0,20,10,20,79,98,100,40,0,40,30,60,100,60,20,20,20,20,10,20,20,40,0,20,20,20,0,0,0,0,0,3,20,-100,-100,0,53,0,-2,0,14,3,-1,0,18,336,2,50,100,100,30,70,0,0,10,20,79,98,100,40,0,40,30,60,100,60,20,40,20,20,10,20,20,40,0,20,20,20,0,0,0,0,0,0,2,20,-100,-100,0,53,-1,-2,0,14,2,-1,0,18,336
1,50,100,100,30,70,0,0,10,20,79,98,100,40,0,40,30,60,100,60,20,40,20,20,10,20,20,40,0,20,20,20,0,0,0,0,0,0,2,20,-100,-100,0,53,-1,-2,0,14,2,-1,0,18,335,4,50,100,100,30,70,0,0,10,20,79,98,100,40,0,40,30,60,2,60,20,40,20,20,10,20,20,40,0,20,20,20,0,0,0,0,0,0,100,20,-100,-100,0,53,-1,-2,0,14,2,-1,0,18,335
1,50,100,100,30,70,0,0,10,20,79,98,100,40,0,40,30,60,2,60,20,40,20,20,10,20,20,40,0,20,20,20,0,0,0,0,0,0,100,20,-100,-100,0,53,-1,-2,0,14,2,-1,0,18,334,6,50,100,100,30,70,0,0,10,20,79,100,100,40,0,40,30,70,12,70,20,40,20,20,10,30,20,40,0,20,20,20,0,0,0,0,0,0,80,20,-100,-100,0,53,-1,-2,0,14,2,-1,0,18,334
1,50,100,100,30,70,0,0,10,20,79,100,100,40,0,40,30,70,12,70,20,40,20,20,10,30,20,40,0,20,20,20,0,0,0,0,0,0,80,20,-100,-100,0,53,-1,-2,0,14,2,-1,0,18,333,6,50,100,100,30,70,0,0,10,20,79,100,100,40,0,40,30,80,22,80,20,40,20,20,10,40,20,40,0,20,20,20,0,0,0,0,0,0,60,20,-100,-100,0,53,-1,-2,0,14,2,-1,0,18,333
1,50,100,100,30,70,0,0,10,20,79,100,100,40,0,40,30,80,22,80,20,40,20,20,10,40,20,40,0,20,20,20,0,0,0,0,0,0,60,20,-100,-100,0,53,-1,-2,0,14,2,-1,0,18,332,6,50,100,100,30,70,0,0,10,20,79,100,100,40,0,40,30,90,32,90,20,40,20,20,10,50,20,40,0,20,20,20,0,0,0,0,0,0,40,20,-100,-100,0,53,-1,-2,0,14,2,-1,0,18,332
1,50,100,100,30,70,0,0,10,20,79,100,100,40,0,40,30,90,32,90,20,40,20,20,10,50,20,40,0,20,20,20,0,0,0,0,0,0,40,20,-100,-100,0,53,-1,-2,0,14,2,-1,0,18,331,6,50,100,100,30,70,0,0,10,20,79,100,100,40,0,40,30,100,42,100,20,40,20,20,10,60,20,40,0,20,20,20,0,0,0,0,0,0,20,20,-100,-100,0,53,-1,-2,0,14,2,-1,0,18,331
1,50,100,100,30,70,0,0,10,20,79,100,100,40,0,40,30,100,42,100,20,40,20,20,10,60,20,40,0,20,20,20,0,0,0,0,0,0,20,20,-100,-100,0,53,-1,-2,0,14,2,-1,0,18,330,4,50,100,100,30,70,0,0,10,20,79,100,100,40,0,40,30,100,0,100,20,40,20,20,10,60,20,40,0,20,20,20,0,0,0,0,0,0,62,20,-100,-100,0,53,-1,-2,0,14,2,-1,0,18,330
1,50,100,100,30,70,0,0,10,20,79,100,100,40,0,40,30,100,0,100,20,40,20,20,10,60,20,40,0,20,20,20,0,0,0,0,0,0,62,20,-100,-100,0,53,-1,-2,0,14,2,-1,0,18,329,6,50,100,100,30,70,0,0,10,20,79,100,100,40,0,40,30,100,10,100,20,40,20,20,10,70,20,40,0,20,20,20,0,0,0,0,0,0,42,20,-100,-100,0,53,-1,-2,0,14,2,-1,0,18,329
1,50,100,100,30,70,0,0,10,20,79,100,100,40,0,40,30,100,10,100,20,40,20,20,10,70,20,40,0,20,20,20,0,0,0,0,0,0,42,20,-100,-100,0,53,-1,-2,0,14,2,-1,0,18,328,6,50,100,100,30,70,0,0,10,20,79,100,100,40,0,40,30,100,20,100,20,40,20,20,10,80,20,40,0,20,20,20,0,0,0,0,0,0,22,20,-100,-100,0,53,-1,-2,0,14,2,-1,0,18,328
1,50,100,100,30,70,0,0,10,20,79,100,100,40,0,40,30,100,20,100,20,40,20,20,10,80,20,40,0,20,20,20,0,0,0,0,0,0,22,20,-100,-100,0,53,-1,-2,0,14,2,-1,0,18,327,6,50,100,100,30,70,0,0,10,20,79,100,100,40,0,40,30,100,30,100,20,40,20,20,10,90,20,40,0,20,20,20,0,0,0,0,0,0,2,20,-100,-100,0,53,-1,-2,0,14,2,-1,0,18,327
1,50,100,100,30,70,0,0,10,20,79,100,100,40,0,40,30,100,30,100,20,40,20,20,10,90,20,40,0,20,20,20,0,0,0,0,0,0,2,20,-100,-100,0,53,-1,-2,0,14,2,-1,0,18,326,1,100,100,78,90,0,0,0,50,100,100,30,70,0,0,10,20,79,100,100,40,0,40,30,100,30,100,20,40,20,20,10,90,20,40,0,0,0,1,20,-3,-2,0,53,-1,-1,0,14,2,0,0,18,326
1,100,100,78,90,0,0,0,50,100,100,30,70,0,0,10,20,79,100,100,40,0,40,30,100,30,100,20,40,20,20,10,90,20,40,0,0,0,1,20,-3,-2,0,53,-1,-1,0,14,2,0,0,18,325,4,100,100,78,90,0,0,0,50,100,100,30,70,0,0,10,20,79,1,100,40,0,40,30,100,30,100,20,40,20,20,10,90,20,40,0,0,0,100,20,-3,-2,0,53,-1,-1,0,14,2,0,0,18,325
1,100,100,78,90,0,0,0,50,100,100,30,70,0,0,10,20,79,1,100,40,0,40,30,100,30,100,20,40,20,20,10,90,20,40,0,0,0,100,20,-3,-2,0,53,-1,-1,0,14,2,0,0,18,324,6,100,100,78,90,0,0,0,50,100,100,40,70,0,0,10,20,89,11,100,40,0,40,30,100,40,100,20,40,20,20,10,90,20,40,0,0,0,80,20,-3,-2,0,53,-1,-1,0,14,2,0,0,18,324
1,100,100,78,90,0,0,0,50,100,100,40,70,0,0,10,20,89,11,100,40,0,40,30,100,40,100,20,40,20,20,10,90,20,40,0,0,0,80,20,-3,-2,0,53,-1,-1,0,14,2,0,0,18,323,6,100,100,78,90,0,0,0,50,100,100,50,70,0,0,10,20,99,21,100,40,0,40,30,100,50,100,20,40,20,20,10,90,20,40,0,0,0,60,20,-3,-2,0,53,-1,-1,0,14,2,0,0,18,323
1,100,100,78,90,0,0,0,50,100,100,50,70,0,0,10,20,99,21,100,40,0,40,30,100,50,100,20,40,20,20,10,90,20,40,0,0,0,60,20,-3,-2,0,53,-1,-1,0,14,2,0,0,18,322,6,100,100,78,90,0,0,0,50,100,100,60,70,0,0,10,20,100,31,100,40,0,40,30,100,60,100,20,40,20,20,10,90,20,40,0,0,0,40,20,-3,-2,0,53,-1,-1,0,14,2,0,0,18,322
1,100,100,78,90,0,0,0,50,100,100,60,70,0,0,10,20,100,31,100,40,0,40,30,100,60,100,20,40,20,20,10,90,20,40,0,0,0,40,20,-3,-2,0,53,-1,-1,0,14,2,0,0,18,321,6,100,100,78,90,0,0,0,50,100,100,70,70,0,0,10,20,100,41,100,40,0,40,30,100,70,100,20,40,20,20,10,90,20,40,0,0,0,20,20,-3,-2,0,53,-1,-1,0,14,2,0,0,18,321
1,100,100,78,90,0,0,0,50,100,100,70,70,0,0,10,20,100,41,100,40,0,40,30,100,70,100,20,40,20,20,10,90,20,40,0,0,0,20,20,-3,-2,0,53,-1,-1,0,14,2,0,0,18,320,4,100,100,78,90,0,0,0,50,100,100,70,70,0,0,10,20,100,0,100,40,0,40,30,100,70,100,20,40,20,20,10,90,20,40,0,0,0,61,20,-3,-2,0,53,-1,-1,0,14,2,0,0,18,320
1,100,100,78,90,0,0,0,50,100,100,70,70,0,0,10,20,100,0,100,40,0,40,30,100,70,100,20,40,20,20,10,90,20,40,0,0,0,61,20,-3,-2,0,53,-1,-1,0,14,2,0,0,18,319,0,50,100,100,70,70,0,0,10,20,100,0,100,40,0,40,30,100,70,100,20,40,20,20,10,90,20,40,0,20,20,20,0,0,0,0,0,0,60,20,-100,-100,0,53,-1,-2,0,14,2,-1,0,18,319
1,50,100,100,70,70,0,0,10,20,100,0,100,40,0,40,30,100,70,100,20,40,20,20,10,90,20,40,0,20,20,20,0,0,0,0,0,0,60,20,-100,-100,0,53,-1,-2,0,14,2,-1,0,18,318,6,50,100,100,70,70,0,0,10,20,100,10,100,40,0,40,30,100,80,100,20,40,20,20,10,100,20,40,0,20,20,20,0,0,0,0,0,0,40,20,-100,-100,0,53,-1,-2,0,14,2,-1,0,18,318
1,50,100,100,70,70,0,0,10,20,100,10,100,40,0,40,30,100,80,100,20,40,20,20,10,100,20,40,0,20,20,20,0,0,0,0,0,0,40,20,-100,-100,0,53,-1,-2,0,14,2,-1,0,18,317,4,50,100,100,70,70,0,0,10,20,100,10,100,40,0,40,30,100,20,100,20,40,20,20,10,100,20,40,0,20,20,20,0,0,0,0,0,0,100,20,-100,-100,0,53,-1,-2,0,14,2,-1,0,18,317
1,50,100,100,70,70,0,0,10,20,100,10,100,40,0,40,30,100,20,100,20,40,20,20,10,100,20,40,0,20,20,20,0,0,0,0,0,0,100,20,-100,-100,0,53,-1,-2,0,14,2,-1,0,18,316,1,100,100,78,90,0,0,0,50,100,100,70,70,0,0,10,20,100,10,100,40,0,40,30,100,20,100,20,40,20,20,10,100,20,40,0,0,0,99,20,-3,-2,0,53,-1,-1,0,14,2,0,0,18,316
1,100,100,78,90,0,0,0,50,100,100,70,70,0,0,10,20,100,10,100,40,0,40,30,100,20,100,20,40,20,20,10,100,20,40,0,0,0,99,20,-3,-2,0,53,-1,-1,0,14,2,0,0,18,315,6,100,100,78,90,0,0,0,50,100,100,80,70,0,0,10,20,100,20,100,40,0,40,30,100,30,100,20,40,20,20,10,100,20,40,0,0,0,79,20,-3,-2,0,53,-1,-1,0,14,2,0,0,18,315
1,100,100,78,90,0,0,0,50,100,100,80,70,0,0,10,20,100,20,100,40,0,40,30,100,30,100,20,40,20,20,10,100,20,40,0,0,0,79,20,-3,-2,0,53,-1,-1,0,14,2,0,0,18,314,6,100,100,78,90,0,0,0,50,100,100,90,70,0,0,10,20,100,30,100,40,0,40,30,100,40,100,20,40,20,20,10,100,20,40,0,0,0,59,20,-3,-2,0,53,-1,-1,0,14,2,0,0,18,314
1,100,100,78,90,0,0,0,50,100,100,90,70,0,0,10,20,100,30,100,40,0,40,30,100,40,100,20,40,20,20,10,100,20,40,0,0,0,59,20,-3,-2,0,53,-1,-1,0,14,2,0,0,18,313,6,100,100,78,90,0,0,0,50,100,100,100,70,0,0,10,20,100,40,100,40,0,40,30,100,50,100,20,40,20,20,10,100,20,40,0,0,0,39,20,-3,-2,0,53,-1,-1,0,14,2,0,0,18,313
1,100,100,78,90,0,0,0,50,100,100,100,70,0,0,10,20,100,40,100,40,0,40,30,100,50,100,20,40,20,20,10,100,20,40,0,0,0,39,20,-3,-2,0,53,-1,-1,0,14,2,0,0,18,312,6,100,100,78,90,0,0,0,50,100,100,100,70,0,0,10,20,100,50,100,40,0,40,30,100,60,100,20,40,20,20,10,100,20,40,0,0,0,19,20,-3,-2,0,53,-1,-1,0,14,2,0,0,18,312
1,100,100,78,90,0,0,0,50,100,100,100,70,0,0,10,20,100,50,100,40,0,40,30,100,60,100,20,40,20,20,10,100,20,40,0,0,0,19,20,-3,-2,0,53,-1,-1,0,14,2,0,0,18,311,4,100,100,78,90,0,0,0,50,100,100,100,70,0,0,10,20,100,0,100,40,0,40,30,100,60,100,20,40,20,20,10,100,20,40,0,0,0,69,20,-3,-2,0,53,-1,-1,0,14,2,0,0,18,311
1,100,100,78,90,0,0,0,50,100,100,100,70,0,0,10,20,100,0,100,40,0,40,30,100,60,100,20,40,20,20,10,100,20,40,0,0,0,69,20,-3,-2,0,53,-1,-1,0,14,2,0,0,18,310,6,100,100,78,90,0,0,0,50,100,100,100,70,0,0,10,20,100,10,100,40,0,40,30,100,70,100,20,40,20,20,10,100,20,40,0,0,0,49,20,-3,-2,0,53,-1,-1,0,14,2,0,0,18,310
1,100,100,78,90,0,0,0,50,100,100,100,70,0,0,10,20,100,10,100,40,0,40,30,100,70,100,20,40,20,20,10,100,20,40,0,0,0,49,20,-3,-2,0,53,-1,-1,0,14,2,0,0,18,309,4,100,100,78,90,0,0,0,50,100,100,100,70,0,0,10,20,100,0,100,40,0,40,30,100,70,100,20,40,20,20,10,100,20,40,0,0,0,59,20,-3,-2,0,53,-1,-1,0,14,2,0,0,18,309
1,100,100,78,90,0,0,0,50,100,100,100,70,0,0,10,20,100,0,100,40,0,40,30,100,70,100,20,40,20,20,10,100,20,40,0,0,0,59,20,-3,-2,0,53,-1,-1,0,14,2,0,0,18,308,6,100,100,78,90,0,0,0,50,100,100,100,70,0,0,10,20,100,10,100,40,0,40,30,100,80,100,20,40,20,20,10,100,20,40,0,0,0,39,20,-3,-2,0,53,-1,-1,0,14,2,0,0,18,308
1,100,100,78,90,0,0,0,50,100,100,100,70,0,0,10,20,100,10,100,40,0,40,30,100,80,100,20,40,20,20,10,100,20,40,0,0,0,39,20,-3,-2,0,53,-1,-1,0,14,2,0,0,18,307,4,100,100,78,90,0,0,0,50,100,100,100,70,0,0,10,20,100,0,100,40,0,40,30,100,80,100,20,40,20,20,10,100,20,40,0,0,0,49,20,-3,-2,0,53,-1,-1,0,14,2,0,0,18,307
1,100,100,78,90,0,0,0,50,100,100,100,70,0,0,10,20,100,0,100,40,0,40,30,100,80,100,20,40,20,20,10,100,20,40,0,0,0,49,20,-3,-2,0,53,-1,-1,0,14,2,0,0,18,306,6,100,100,78,90,0,0,0,50,100,100,100,70,0,0,10,20,100,10,100,40,0,40,30,100,90,100,20,40,20,20,10,100,20,40,0,0,0,29,20,-3,-2,0,53,-1,-1,0,14,2,0,0,18,306
1,100,100,78,90,0,0,0,50,100,100,100,70,0,0,10,20,100,10,100,40,0,40,30,100,90,100,20,40,20,20,10,100,20,40,0,0,0,29,20,-3,-2,0,53,-1,-1,0,14,2,0,0,18,305,4,100,100,78,90,0,0,0,50,100,100,100,70,0,0,10,20,100,0,100,40,0,40,30,100,90,100,20,40,20,20,10,100,20,40,0,0,0,39,20,-3,-2,0,53,-1,-1,0,14,2,0,0,18,305
1,100,100,78,90,0,0,0,50,100,100,100,70,0,0,10,20,100,0,100,40,0,40,30,100,90,100,20,40,20,20,10,100,20,40,0,0,0,39,20,-3,-2,0,53,-1,-1,0,14,2,0,0,18,304,2,100,78,90,0,0,0,0,100,100,100,70,0,0,0,20,100,0,100,40,0,0,30,100,90,100,20,40,0,20,10,100,20,40,0,0,0,0,38,20,-100,-100,0,53,-2,-1,0,14,1,0,0,18,304
1,100,78,90,0,0,0,0,100,100,100,70,0,0,0,20,100,0,100,40,0,0,30,100,90,100,20,40,0,20,10,100,20,40,0,0,0,0,38,20,-100,-100,0,53,-2,-1,0,14,1,0,0,18,303,3,100,100,78,90,0,0,0,50,100,100,100,70,0,0,10,20,100,0,100,40,0,40,30,100,90,100,20,40,20,20,10,100,20,40,0,0,0,37,20,-3,-2,0,53,-1,-1,0,14,2,0,0,18,303
1,100,100,78,90,0,0,0,50,100,100,100,70,0,0,10,20,100,0,100,40,0,40,30,100,90,100,20,40,20,20,10,100,20,40,0,0,0,37,20,-3,-2,0,53,-1,-1,0,14,2,0,0,18,302,0,50,100,100,100,70,0,0,10,20,100,0,100,40,0,40,30,100,90,100,20,40,20,20,10,100,20,40,0,20,20,20,0,0,0,0,0,0,36,20,-100,-100,0,53,-1,-2,0,14,2,-1,0,18,302
1,50,100,100,100,70,0,0,10,20,100,0,100,40,0,40,30,100,90,100,20,40,20,20,10,100,20,40,0,20,20,20,0,0,0,0,0,0,36,20,-100,-100,0,53,-1,-2,0,14,2,-1,0,18,301,2,100,100,100,70,0,0,0,20,100,0,100,40,0,0,30,100,90,100,20,40,0,20,10,100,20,40,0,0,20,20,0,0,0,0,0,0,0,35,20,-100,-100,0,53,-2,-2,0,14,1,-1,0,18,301
1,100,100,100,70,0,0,0,20,100,0,100,40,0,0,30,100,90,100,20,40,0,20,10,100,20,40,0,0,20,20,0,0,0,0,0,0,0,35,20,-100,-100,0,53,-2,-2,0,14,1,-1,0,18,300,4,100,100,100,70,0,0,0,20,100,0,100,40,0,0,30,100,90,35,20,40,0,20,10,100,20,40,0,0,20,20,0,0,0,0,0,0,0,100,20,-100,-100,0,53,-2,-2,0,14,1,-1,0,18,300
1,100,100,100,70,0,0,0,20,100,0,100,40,0,0,30,100,90,35,20,40,0,20,10,100,20,40,0,0,20,20,0,0,0,0,0,0,0,100,20,-100,-100,0,53,-2,-2,0,14,1,-1,0,18,299,6,100,100,100,70,0,0,0,20,100,0,100,40,0,0,30,100,100,45,30,40,0,20,10,100,30,40,0,0,20,20,0,0,0,0,0,0,0,80,20,-100,-100,0,53,-2,-2,0,14,1,-1,0,18,299
1,100,100,100,70,0,0,0,20,100,0,100,40,0,0,30,100,100,45,30,40,0,20,10,100,30,40,0,0,20,20,0,0,0,0,0,0,0,80,20,-100,-100,0,53,-2,-2,0,14,1,-1,0,18,298,6,100,100,100,70,0,0,0,20,100,0,100,40,0,0,30,100,100,55,40,40,0,20,10,100,40,40,0,0,20,20,0,0,0,0,0,0,0,60,20,-100,-100,0,53,-2,-2,0,14,1,-1,0,18,298
1,100,100,100,70,0,0,0,20,100,0,100,40,0,0,30,100,100,55,40,40,0,20,10,100,40,40,0,0,20,20,0,0,0,0,0,0,0,60,20,-100,-100,0,53,-2,-2,0,14,1,-1,0,18,297,6,100,100,100,70,0,0,0,20,100,0,100,40,0,0,30,100,100,65,50,40,0,20,10,100,50,40,0,0,20,20,0,0,0,0,0,0,0,40,20,-100,-100,0,53,-2,-2,0,14,1,-1,0,18,297
1,100,100,100,70,0,0,0,20,100,0,100,40,0,0,30,100,100,65,50,40,0,20,10,100,50,40,0,0,20,20,0,0,0,0,0,0,0,40,20,-100,-100,0,53,-2,-2,0,14,1,-1,0,18,296,2,100,100,70,0,0,0,0,100,0,100,40,0,0,0,100,100,65,50,40,0,0,10,100,50,40,0,0,0,20,0,0,0,0,0,0,0,0,39,20,-100,-100,0,53,-3,-2,0,14,0,-1,0,18,296
1,100,100,70,0,0,0,0,100,0,100,40,0,0,0,100,100,65,50,40,0,0,10,100,50,40,0,0,0,20,0,0,0,0,0,0,0,0,39,20,-100,-100,0,53,-3,-2,0,14,0,-1,0,18,295,5,100,100,70,0,0,0,0,100,0,100,40,0,0,0,100,100,65,50,40,0,0,10,100,50,40,0,0,0,20,0,0,0,0,0,0,0,0,20,39,-100,-100,0,53,-3,-2,0,14,0,-1,0,18,295
1,100,100,70,0,0,0,0,100,0,100,40,0,0,0,100,100,65,50,40,0,0,10,100,50,40,0,0,0,20,0,0,0,0,0,0,0,0,20,39,-100,-100,0,53,-3,-2,0,14,0,-1,0,18,294,4,100,100,70,0,0,0,0,100,0,100,40,0,0,0,100,100,65,0,40,0,0,10,100,50,40,0,0,0,20,0,0,0,0,0,0,0,0,70,39,-100,-100,0,53,-3,-2,0,14,0,-1,0,18,294
1,100,100,70,0,0,0,0,100,0,100,40,0,0,0,100,100,65,0,40,0,0,10,100,50,40,0,0,0,20,0,0,0,0,0,0,0,0,70,39,-100,-100,0,53,-3,-2,0,14,0,-1,0,18,293,6,100,100,70,0,0,0,0,100,0,100,50,0,0,0,100,100,75,10,50,0,0,10,100,50,50,0,0,0,20,0,0,0,0,0,0,0,0,50,39,-100,-100,0,53,-3,-2,0,14,0,-1,0,18,293
1,100,100,70,0,0,0,0,100,0,100,50,0,0,0,100,100,75,10,50,0,0,10,100,50,50,0,0,0,20,0,0,0,0,0,0,0,0,50,39,-100,-100,0,53,-3,-2,0,14,0,-1,0,18,292,6,100,100,70,0,0,0,0,100,0,100,60,0,0,0,100,100,85,20,60,0,0,10,100,50,60,0,0,0,20,0,0,0,0,0,0,0,0,30,39,-100,-100,0,53,-3,-2,0,14,0,-1,0,18,292
1,100,100,70,0,0,0,0,100,0,100,60,0,0,0,100,100,85,20,60,0,0,10,100,50,60,0,0,0,20,0,0,0,0,0,0,0,0,30,39,-100,-100,0,53,-3,-2,0,14,0,-1,0,18,291,6,100,100,70,0,0,0,0,100,0,100,70,0,0,0,100,100,95,30,70,0,0,10,100,50,70,0,0,0,20,0,0,0,0,0,0,0,0,10,39,-100,-100,0,53,-3,-2,0,14,0,-1,0,18,291
1,100,100,70,0,0,0,0,100,0,100,70,0,0,0,100,100,95,30,70,0,0,10,100,50,70,0,0,0,20,0,0,0,0,0,0,0,0,10,39,-100,-100,0,53,-3,-2,0,14,0,-1,0,18,290,4,100,100,70,0,0,0,0,100,0,100,70,0,0,0,100,100,95,0,70,0,0,10,100,50,70,0,0,0,20,0,0,0,0,0,0,0,0,40,39,-100,-100,0,53,-3,-2,0,14,0,-1,0,18,290
1,100,100,70,0,0,0,0,100,0,100,70,0,0,0,100,100,95,0,70,0,0,10,100,50,70,0,0,0,20,0,0,0,0,0,0,0,0,40,39,-100,-100,0,53,-3,-2,0,14,0,-1,0,18,289,6,100,100,70,0,0,0,0,100,0,100,80,0,0,0,100,100,100,10,80,0,0,10,100,50,80,0,0,0,20,0,0,0,0,0,0,0,0,20,39,-100,-100,0,53,-3,-2,0,14,0,-1,0,18,289
1,100,100,70,0,0,0,0,100,0,100,80,0,0,0,100,100,100,10,80,0,0,10,100,50,80,0,0,0,20,0,0,0,0,0,0,0,0,20,39,-100,-100,0,53,-3,-2,0,14,0,-1,0,18,288,4,100,100,70,0,0,0,0,100,0,100,80,0,0,0,100,100,100,0,80,0,0,10,100,50,80,0,0,0,20,0,0,0,0,0,0,0,0,30,39,-100,-100,0,53,-3,-2,0,14,0,-1,0,18,288
1,100,100,70,0,0,0,0,100,0,100,80,0,0,0,100,100,100,0,80,0,0,10,100,50,80,0,0,0,20,0,0,0,0,0,0,0,0,30,39,-100,-100,0,53,-3,-2,0,14,0,-1,0,18,287,6,100,100,70,0,0,0,0,100,0,100,90,0,0,0,100,100,100,10,90,0,0,10,100,50,90,0,0,0,20,0,0,0,0,0,0,0,0,10,39,-100,-100,0,53,-3,-2,0,14,0,-1,0,18,287
1,100,100,70,0,0,0,0,100,0,100,90,0,0,0,100,100,100,10,90,0,0,10,100,50,90,0,0,0,20,0,0,0,0,0,0,0,0,10,39,-100,-100,0,53,-3,-2,0,14,0,-1,0,18,286,4,100,100,70,0,0,0,0,100,0,100,90,0,0,0,100,100,100,0,90,0,0,10,100,50,90,0,0,0,20,0,0,0,0,0,0,0,0,20,39,-100,-100,0,53,-3,-2,0,14,0,-1,0,18,286
1,100,100,70,0,0,0,0,100,0,100,90,0,0,0,100,100,100,0,90,0,0,10,100,50,90,0,0,0,20,0,0,0,0,0,0,0,0,20,39,-100,-100,0,53,-3,-2,0,14,0,-1,0,18,285,2,100,70,0,0,0,0,0,0,100,90,0,0,0,0,100,100,0,90,0,0,0,100,50,90,0,0,0,0,0,0,0,0,0,0,0,0,0,19,39,-100,-100,0,53,-100,-100,0,14,-1,-1,0,18,285
1,100,70,0,0,0,0,0,0,100,90,0,0,0,0,100,100,0,90,0,0,0,100,50,90,0,0,0,0,0,0,0,0,0,0,0,0,0,19,39,-100,-100,0,53,-100,-100,0,14,-1,-1,0,18,284,2,70,0,0,0,0,0,0,100,90,0,0,0,0,0,100,0,90,0,0,0,0,50,90,0,0,0,0,0,0,0,0,0,0,0,0,0,0,18,39,-100,-100,0,53,-100,-100,0,14,-2,-1,0,18,284
1,70,0,0,0,0,0,0,100,90,0,0,0,0,0,100,0,90,0,0,0,0,50,90,0,0,0,0,0,0,0,0,0,0,0,0,0,0,18,39,-100,-100,0,53,-100,-100,0,14,-2,-1,0,18,283,3,100,70,0,0,0,0,0,0,100,90,0,0,0,0,100,100,0,90,0,0,0,100,50,90,0,0,0,0,0,0,0,0,0,0,0,0,0,17,39,-100,-100,0,53,-100,-100,0,14,-1,-1,0,18,283
1,100,70,0,0,0,0,0,0,100,90,0,0,0,0,100,100,0,90,0,0,0,100,50,90,0,0,0,0,0,0,0,0,0,0,0,0,0,17,39,-100,-100,0,53,-100,-100,0,14,-1,-1,0,18,282,4,100,70,0,0,0,0,0,0,100,90,0,0,0,0,100,100,0,7,0,0,0,100,50,90,0,0,0,0,0,0,0,0,0,0,0,0,0,100,39,-100,-100,0,53,-100,-100,0,14,-1,-1,0,18,282
1,100,70,0,0,0,0,0,0,100,90,0,0,0,0,100,100,0,7,0,0,0,100,50,90,0,0,0,0,0,0,0,0,0,0,0,0,0,100,39,-100,-100,0,53,-100,-100,0,14,-1,-1,0,18,281,6,100,70,0,0,0,0,0,0,100,90,10,0,0,0,100,100,10,17,10,0,0,100,50,90,10,0,0,0,0,0,0,0,0,0,0,0,0,80,39,-100,-100,0,53,-100,-100,0,14,-1,-1,0,18,281
1,100,70,0,0,0,0,0,0,100,90,10,0,0,0,100,100,10,17,10,0,0,100,50,90,10,0,0,0,0,0,0,0,0,0,0,0,0,80,39,-100,-100,0,53,-100,-100,0,14,-1,-1,0,18,280,6,100,70,0,0,0,0,0,0,100,90,20,0,0,0,100,100,20,27,20,0,0,100,50,90,20,0,0,0,0,0,0,0,0,0,0,0,0,60,39,-100,-100,0,53,-100,-100,0,14,-1,-1,0,18,280
1,100,70,0,0,0,0,0,0,100,90,20,0,0,0,100,100,20,27,20,0,0,100,50,90,20,0,0,0,0,0,0,0,0,0,0,0,0,60,39,-100,-100,0,53,-100,-100,0,14,-1,-1,0,18,279,6,100,70,0,0,0,0,0,0,100,90,30,0,0,0,100,100,30,37,30,0,0,100,50,90,30,0,0,0,0,0,0,0,0,0,0,0,0,40,39,-100,-100,0,53,-100,-100,0,14,-1,-1,0,18,279
1,100,70,0,0,0,0,0,0,100,90,30,0,0,0,100,100,30,37,30,0,0,100,50,90,30,0,0,0,0,0,0,0,0,0,0,0,0,40,39,-100,-100,0,53,-100,-100,0,14,-1,-1,0,18,278,6,100,70,0,0,0,0,0,0,100,90,40,0,0,0,100,100,40,47,40,0,0,100,50,90,40,0,0,0,0,0,0,0,0,0,0,0,0,20,39,-100,-100,0,53,-100,-100,0,14,-1,-1,0,18,278
1,100,70,0,0,0,0,0,0,100,90,40,0,0,0,100,100,40,47,40,0,0,100,50,90,40,0,0,0,0,0,0,0,0,0,0,0,0,20,39,-100,-100,0,53,-100,-100,0,14,-1,-1,0,18,277,3,100,100,70,0,0,0,0,100,0,100,90,40,0,0,100,100,100,40,47,40,0,10,100,50,90,40,0,0,20,0,0,0,0,0,0,0,0,19,39,-100,-100,0,53,-3,-2,0,14,0,-1,0,18,277
1,100,100,70,0,0,0,0,100,0,100,90,40,0,0,100,100,100,40,47,40,0,10,100,50,90,40,0,0,20,0,0,0,0,0,0,0,0,19,39,-100,-100,0,53,-3,-2,0,14,0,-1,0,18,276,3,100,100,100,70,0,0,0,20,100,0,100,90,40,0,30,100,100,100,40,47,40,20,10,100,50,90,40,0,20,20,0,0,0,0,0,0,0,18,39,-100,-100,0,53,-2,-2,0,14,1,-1,0,18,276
1,100,100,100,70,0,0,0,20,100,0,100,90,40,0,30,100,100,100,40,47,40,20,10,100,50,90,40,0,20,20,0,0,0,0,0,0,0,18,39,-100,-100,0,53,-2,-2,0,14,1,-1,0,18,275,2,100,100,70,0,0,0,0,100,0,100,90,40,0,0,100,100,100,40,47,40,0,10,100,50,90,40,0,0,20,0,0,0,0,0,0,0,0,17,39,-100,-100,0,53,-3,-2,0,14,0,-1,0,18,275
1,100,100,70,0,0,0,0,100,0,100,90,40,0,0,100,100,100,40,47,40,0,10,100,50,90,40,0,0,20,0,0,0,0,0,0,0,0,17,39,-100,-100,0,53,-3,-2,0,14,0,-1,0,18,274,3,100,100,100,70,0,0,0,20,100,0,100,90,40,0,30,100,100,100,40,47,40,20,10,100,50,90,40,0,20,20,0,0,0,0,0,0,0,16,39,-100,-100,0,53,-2,-2,0,14,1,-1,0,18,274
1,100,100,100,70,0,0,0,20,100,0,100,90,40,0,30,100,100,100,40,47,40,20,10,100,50,90,40,0,20,20,0,0,0,0,0,0,0,16,39,-100,-100,0,53,-2,-2,0,14,1,-1,0,18,273,2,100,100,70,0,0,0,0,100,0,100,90,40,0,0,100,100,100,40,47,40,0,10,100,50,90,40,0,0,20,0,0,0,0,0,0,0,0,15,39,-100,-100,0,53,-3,-2,0,14,0,-1,0,18,273
1,100,100,70,0,0,0,0,100,0,100,90,40,0,0,100,100,100,40,47,40,0,10,100,50,90,40,0,0,20,0,0,0,0,0,0,0,0,15,39,-100,-100,0,53,-3,-2,0,14,0,-1,0,18,272,4,100,100,70,0,0,0,0,100,0,100,90,40,0,0,100,100,100,0,47,40,0,10,100,50,90,40,0,0,20,0,0,0,0,0,0,0,0,55,39,-100,-100,0,53,-3,-2,0,14,0,-1,0,18,272
1,100,100,70,0,0,0,0,100,0,100,90,40,0,0,100,100,100,0,47,40,0,10,100,50,90,40,0,0,20,0,0,0,0,0,0,0,0,55,39,-100,-100,0,53,-3,-2,0,14,0,-1,0,18,271,6,100,100,70,0,0,0,0,100,0,100,100,40,0,0,100,100,100,10,57,40,0,10,100,50,100,40,0,0,20,0,0,0,0,0,0,0,0,35,39,-100,-100,0,53,-3,-2,0,14,0,-1,0,18,271
1,100,100,70,0,0,0,0,100,0,100,100,40,0,0,100,100,100,10,57,40,0,10,100,50,100,40,0,0,20,0,0,0,0,0,0,0,0,35,39,-100,-100,0,53,-3,-2,0,14,0,-1,0,18,270,4,100,100,70,0,0,0,0,100,0,100,100,40,0,0,100,100,100,0,57,40,0,10,100,50,100,40,0,0,20,0,0,0,0,0,0,0,0,45,39,-100,-100,0,53,-3,-2,0,14,0,-1,0,18,270
1,100,100,70,0,0,0,0,100,0,100,100,40,0,0,100,100,100,0,57,40,0,10,100,50,100,40,0,0,20,0,0,0,0,0,0,0,0,45,39,-100,-100,0,53,-3,-2,0,14,0,-1,0,18,269,3,100,100,100,70,0,0,0,20,100,0,100,100,40,0,30,100,100,100,0,57,40,20,10,100,50,100,40,0,20,20,0,0,0,0,0,0,0,44,39,-100,-100,0,53,-2,-2,0,14,1,-1,0,18,269
1,100,100,100,70,0,0,0,20,100,0,100,100,40,0,30,100,100,100,0,57,40,20,10,100,50,100,40,0,20,20,0,0,0,0,0,0,0,44,39,-100,-100,0,53,-2,-2,0,14,1,-1,0,18,268,2,100,100,70,0,0,0,0,100,0,100,100,40,0,0,100,100,100,0,57,40,0,10,100,50,100,40,0,0,20,0,0,0,0,0,0,0,0,43,39,-100,-100,0,53,-3,-2,0,14,0,-1,0,18,268
1,100,100,70,0,0,0,0,100,0,100,100,40,0,0,100,100,100,0,57,40,0,10,100,50,100,40,0,0,20,0,0,0,0,0,0,0,0,43,39,-100,-100,0,53,-3,-2,0,14,0,-1,0,18,267,3,100,100,100,70,0,0,0,20,100,0,100,100,40,0,30,100,100,100,0,57,40,20,10,100,50,100,40,0,20,20,0,0,0,0,0,0,0,42,39,-100,-100,0,53,-2,-2,0,14,1,-1,0,18,267
1,100,100,100,70,0,0,0,20,100,0,100,100,40,0,30,100,100,100,0,57,40,20,10,100,50,100,40,0,20,20,0,0,0,0,0,0,0,42,39,-100,-100,0,53,-2,-2,0,14,1,-1,0,18,266,2,100,100,70,0,0,0,0,100,0,100,100,40,0,0,100,100,100,0,57,40,0,10,100,50,100,40,0,0,20,0,0,0,0,0,0,0,0,41,39,-100,-100,0,53,-3,-2,0,14,0,-1,0,18,266
1,100,100,70,0,0,0,0,100,0,100,100,40,0,0,100,100,100,0,57,40,0,10,100,50,100,40,0,0,20,0,0,0,0,0,0,0,0,41,39,-100,-100,0,53,-3,-2,0,14,0,-1,0,18,265,5,100,100,70,0,0,0,0,100,0,100,100,40,0,0,100,100,100,0,57,40,0,10,100,50,100,40,0,0,20,0,0,0,0,0,0,0,0,21,59,-100,-100,0,53,-3,-2,0,14,0,-1,0,18,265
1,100,100,70,0,0,0,0,100,0,100,100,40,0,0,100,100,100,0,57,40,0,10,100,50,100,40,0,0,20,0,0,0,0,0,0,0,0,21,59,-100,-100,0,53,-3,-2,0,14,0,-1,0,18,264,3,100,100,100,70,0,0,0,20,100,0,100,100,40,0,30,100,100,100,0,57,40,20,10,100,50,100,40,0,20,20,0,0,0,0,0,0,0,20,59,-100,-100,0,53,-2,-2,0,14,1,-1,0,18,264
1,100,100,100,70,0,0,0,20,100,0,100,100,40,0,30,100,100,100,0,57,40,20,10,100,50,100,40,0,20,20,0,0,0,0,0,0,0,20,59,-100,-100,0,53,-2,-2,0,14,1,-1,0,18,263,3,50,100,100,100,70,0,0,10,20,100,0,100,100,40,40,30,100,100,100,0,57,20,20,10,100,50,100,40,20,20,20,0,0,0,0,0,0,19,59,-100,-100,0,53,-1,-2,0,14,2,-1,0,18,263
1,50,100,100,100,70,0,0,10,20,100,0,100,100,40,40,30,100,100,100,0,57,20,20,10,100,50,100,40,20,20,20,0,0,0,0,0,0,19,59,-100,-100,0,53,-1,-2,0,14,2,-1,0,18,262,2,100,100,100,70,0,0,0,20,100,0,100,100,40,0,30,100,100,100,0,57,40,20,10,100,50,100,40,0,20,20,0,0,0,0,0,0,0,18,59,-100,-100,0,53,-2,-2,0,14,1,-1,0,18,262
1,100,100,100,70,0,0,0,20,100,0,100,100,40,0,30,100,100,100,0,57,40,20,10,100,50,100,40,0,20,20,0,0,0,0,0,0,0,18,59,-100,-100,0,53,-2,-2,0,14,1,-1,0,18,261,3,50,100,100,100,70,0,0,10,20,100,0,100,100,40,40,30,100,100,100,0,57,20,20,10,100,50,100,40,20,20,20,0,0,0,0,0,0,17,59,-100,-100,0,53,-1,-2,0,14,2,-1,0,18,261
1,50,100,100,100,70,0,0,10,20,100,0,100,100,40,40,30,100,100,100,0,57,20,20,10,100,50,100,40,20,20,20,0,0,0,0,0,0,17,59,-100,-100,0,53,-1,-2,0,14,2,-1,0,18,260,2,100,100,100,70,0,0,0,20,100,0,100,100,40,0,30,100,100,100,0,57,40,20,10,100,50,100,40,0,20,20,0,0,0,0,0,0,0,16,59,-100,-100,0,53,-2,-2,0,14,1,-1,0,18,260
1,100,100,100,70,0,0,0,20,100,0,100,100,40,0,30,100,100,100,0,57,40,20,10,100,50,100,40,0,20,20,0,0,0,0,0,0,0,16,59,-100,-100,0,53,-2,-2,0,14,1,-1,0,18,259,2,100,100,70,0,0,0,0,100,0,100,100,40,0,0,100,100,100,0,57,40,0,10,100,50,100,40,0,0,20,0,0,0,0,0,0,0,0,15,59,-100,-100,0,53,-3,-2,0,14,0,-1,0,18,259
1,100,100,70,0,0,0,0,100,0,100,100,40,0,0,100,100,100,0,57,40,0,10,100,50,100,40,0,0,20,0,0,0,0,0,0,0,0,15,59,-100,-100,0,53,-3,-2,0,14,0,-1,0,18,258,3,100,100,100,70,0,0,0,20,100,0,100,100,40,0,30,100,100,100,0,57,40,20,10,100,50,100,40,0,20,20,0,0,0,0,0,0,0,14,59,-100,-100,0,53,-2,-2,0,14,1,-1,0,18,258
1,100,100,100,70,0,0,0,20,100,0,100,100,40,0,30,100,100,100,0,57,40,20,10,100,50,100,40,0,20,20,0,0,0,0,0,0,0,14,59,-100,-100,0,53,-2,-2,0,14,1,-1,0,18,257,3,50,100,100,100,70,0,0,10,20,100,0,100,100,40,40,30,100,100,100,0,57,20,20,10,100,50,100,40,20,20,20,0,0,0,0,0,0,13,59,-100,-100,0,53,-1,-2,0,14,2,-1,0,18,257
1,50,100,100,100,70,0,0,10,20,100,0,100,100,40,40,30,100,100,100,0,57,20,20,10,100,50,100,40,20,20,20,0,0,0,0,0,0,13,59,-100,-100,0,53,-1,-2,0,14,2,-1,0,18,256,2,100,100,100,70,0,0,0,20,100,0,100,100,40,0,30,100,100,100,0,57,40,20,10,100,50,100,40,0,20,20,0,0,0,0,0,0,0,12,59,-100,-100,0,53,-2,-2,0,14,1,-1,0,18,256
1,100,100,100,70,0,0,0,20,100,0,100,100,40,0,30,100,100,100,0,57,40,20,10,100,50,100,40,0,20,20,0,0,0,0,0,0,0,12,59,-100,-100,0,53,-2,-2,0,14,1,-1,0,18,255,3,50,100,100,100,70,0,0,10,20,100,0,100,100,40,40,30,100,100,100,0,57,20,20,10,100,50,100,40,20,20,20,0,0,0,0,0,0,11,59,-100,-100,0,53,-1,-2,0,14,2,-1,0,18,255
1,50,100,100,100,70,0,0,10,20,100,0,100,100,40,40,30,100,100,100,0,57,20,20,10,100,50,100,40,20,20,20,0,0,0,0,0,0,11,59,-100,-100,0,53,-1,-2,0,14,2,-1,0,18,254,3,30,50,100,100,100,70,0,20,10,20,100,0,100,100,0,40,30,100,100,100,0,20,20,20,10,100,50,100,0,20,20,20,0,0,0,0,0,10,59,-100,-100,0,53,0,-2,0,14,3,-1,0,18,254
1,30,50,100,100,100,70,0,20,10,20,100,0,100,100,0,40,30,100,100,100,0,20,20,20,10,100,50,100,0,20,20,20,0,0,0,0,0,10,59,-100,-100,0,53,0,-2,0,14,3,-1,0,18,253,2,50,100,100,100,70,0,0,10,20,100,0,100,100,40,40,30,100,100,100,0,57,20,20,10,100,50,100,40,20,20,20,0,0,0,0,0,0,9,59,-100,-100,0,53,-1,-2,0,14,2,-1,0,18,253
1,50,100,100,100,70,0,0,10,20,100,0,100,100,40,40,30,100,100,100,0,57,20,20,10,100,50,100,40,20,20,20,0,0,0,0,0,0,9,59,-100,-100,0,53,-1,-2,0,14,2,-1,0,18,252,3,30,50,100,100,100,70,0,20,10,20,100,0,100,100,0,40,30,100,100,100,0,20,20,20,10,100,50,100,0,20,20,20,0,0,0,0,0,8,59,-100,-100,0,53,0,-2,0,14,3,-1,0,18,252
1,30,50,100,100,100,70,0,20,10,20,100,0,100,100,0,40,30,100,100,100,0,20,20,20,10,100,50,100,0,20,20,20,0,0,0,0,0,8,59,-100,-100,0,53,0,-2,0,14,3,-1,0,18,251,3,0,30,50,100,100,100,70,0,20,10,20,100,0,100,0,0,40,30,100,100,100,0,20,20,20,10,100,50,0,0,20,20,20,0,0,0,0,7,59,-100,-100,0,53,1,-2,0,14,-100,-100,0,18,251
1,0,30,50,100,100,100,70,0,20,10,20,100,0,100,0,0,40,30,100,100,100,0,20,20,20,10,100,50,0,0,20,20,20,0,0,0,0,7,59,-100,-100,0,53,1,-2,0,14,-100,-100,0,18,250,3,0,0,30,50,100,100,100,0,0,20,10,20,100,0,0,0,0,40,30,100,100,0,0,20,20,20,10,100,0,0,0,20,20,20,0,0,0,6,59,-100,-100,0,53,2,-2,0,14,-100,-100,0,18,250
1,0,0,30,50,100,100,100,0,0,20,10,20,100,0,0,0,0,40,30,100,100,0,0,20,20,20,10,100,0,0,0,20,20,20,0,0,0,6,59,-100,-100,0,53,2,-2,0,14,-100,-100,0,18,249,4,0,0,30,50,100,100,100,0,0,20,10,20,100,0,0,0,0,0,30,100,100,0,0,20,20,20,10,100,0,0,0,20,20,20,0,0,0,46,59,-100,-100,0,53,2,-2,0,14,-100,-100,0,18,249
1,0,0,30,50,100,100,100,0,0,20,10,20,100,0,0,0,0,0,30,100,100,0,0,20,20,20,10,100,0,0,0,20,20,20,0,0,0,46,59,-100,-100,0,53,2,-2,0,14,-100,-100,0,18,248,2,0,30,50,100,100,100,70,0,20,10,20,100,0,100,0,0,0,30,100,100,100,0,20,20,20,10,100,50,0,0,20,20,20,0,0,0,0,45,59,-100,-100,0,53,1,-2,0,14,-100,-100,0,18,248
1,0,30,50,100,100,100,70,0,20,10,20,100,0,100,0,0,0,30,100,100,100,0,20,20,20,10,100,50,0,0,20,20,20,0,0,0,0,45,59,-100,-100,0,53,1,-2,0,14,-100,-100,0,18,247,3,0,0,30,50,100,100,100,0,0,20,10,20,100,0,0,0,0,0,30,100,100,0,0,20,20,20,10,100,0,0,0,20,20,20,0,0,0,44,59,-100,-100,0,53,2,-2,0,14,-100,-100,0,18,247
1,0,0,30,50,100,100,100,0,0,20,10,20,100,0,0,0,0,0,30,100,100,0,0,20,20,20,10,100,0,0,0,20,20,20,0,0,0,44,59,-100,-100,0,53,2,-2,0,14,-100,-100,0,18,246,2,0,30,50,100,100,100,70,0,20,10,20,100,0,100,0,0,0,30,100,100,100,0,20,20,20,10,100,50,0,0,20,20,20,0,0,0,0,43,59,-100,-100,0,53,1,-2,0,14,-100,-100,0,18,246
1,0,30,50,100,100,100,70,0,20,10,20,100,0,100,0,0,0,30,100,100,100,0,20,20,20,10,100,50,0,0,20,20,20,0,0,0,0,43,59,-100,-100,0,53,1,-2,0,14,-100,-100,0,18,245,5,0,30,50,100,100,100,70,0,20,10,20,100,0,100,0,0,0,30,100,100,100,0,20,20,20,10,100,50,0,0,20,20,20,0,0,0,0,22,80,-100,-100,0,53,1,-2,0,14,-100,-100,0,18,245
1,0,30,50,100,100,100,70,0,20,10,20,100,0,100,0,0,0,30,100,100,100,0,20,20,20,10,100,50,0,0,20,20,20,0,0,0,0,22,80,-100,-100,0,53,1,-2,0,14,-100,-100,0,18,244,2,30,50,100,100,100,70,0,20,10,20,100,0,100,100,0,0,30,100,100,100,0,20,20,20,10,100,50,100,0,20,20,20,0,0,0,0,0,21,80,-100,-100,0,53,0,-2,0,14,3,-1,0,18,244
1,30,50,100,100,100,70,0,20,10,20,100,0,100,100,0,0,30,100,100,100,0,20,20,20,10,100,50,100,0,20,20,20,0,0,0,0,0,21,80,-100,-100,0,53,0,-2,0,14,3,-1,0,18,243,3,0,30,50,100,100,100,70,0,20,10,20,100,0,100,0,0,0,30,100,100,100,0,20,20,20,10,100,50,0,0,20,20,20,0,0,0,0,20,80,-100,-100,0,53,1,-2,0,14,-100,-100,0,18,243
1,0,30,50,100,100,100,70,0,20,10,20,100,0,100,0,0,0,30,100,100,100,0,20,20,20,10,100,50,0,0,20,20,20,0,0,0,0,20,80,-100,-100,0,53,1,-2,0,14,-100,-100,0,18,242,2,30,50,100,100,100,70,0,20,10,20,100,0,100,100,0,0,30,100,100,100,0,20,20,20,10,100,50,100,0,20,20,20,0,0,0,0,0,19,80,-100,-100,0,53,0,-2,0,14,3,-1,0,18,242
1,30,50,100,100,100,70,0,20,10,20,100,0,100,100,0,0,30,100,100,100,0,20,20,20,10,100,50,100,0,20,20,20,0,0,0,0,0,19,80,-100,-100,0,53,0,-2,0,14,3,-1,0,18,241,2,50,100,100,100,70,0,0,10,20,100,0,100,100,40,0,30,100,100,100,0,57,20,20,10,100,50,100,40,20,20,20,0,0,0,0,0,0,18,80,-100,-100,0,53,-1,-2,0,14,2,-1,0,18,241
1,50,100,100,100,70,0,0,10,20,100,0,100,100,40,0,30,100,100,100,0,57,20,20,10,100,50,100,40,20,20,20,0,0,0,0,0,0,18,80,-100,-100,0,53,-1,-2,0,14,2,-1,0,18,240,3,30,50,100,100,100,70,0,20,10,20,100,0,100,100,0,0,30,100,100,100,0,20,20,20,10,100,50,100,0,20,20,20,0,0,0,0,0,17,80,-100,-100,0,53,0,-2,0,14,3,-1,0,18,240
1,30,50,100,100,100,70,0,20,10,20,100,0,100,100,0,0,30,100,100,100,0,20,20,20,10,100,50,100,0,20,20,20,0,0,0,0,0,17,80,-100,-100,0,53,0,-2,0,14,3,-1,0,18,239,3,0,30,50,100,100,100,70,0,20,10,20,100,0,100,0,0,0,30,100,100,100,0,20,20,20,10,100,50,0,0,20,20,20,0,0,0,0,16,80,-100,-100,0,53,1,-2,0,14,-100,-100,0,18,239
1,0,30,50,100,100,100,70,0,20,10,20,100,0,100,0,0,0,30,100,100,100,0,20,20,20,10,100,50,0,0,20,20,20,0,0,0,0,16,80,-100,-100,0,53,1,-2,0,14,-100,-100,0,18,238,5,0,30,50,100,100,100,70,0,20,10,20,100,0,100,0,0,0,30,100,100,100,0,20,20,20,10,100,50,0,0,20,20,20,0,0,0,0,8,88,-100,-100,0,53,1,-2,0,14,-100,-100,0,18,238
1,0,30,50,100,100,100,70,0,20,10,20,100,0,100,0,0,0,30,100,100,100,0,20,20,20,10,100,50,0,0,20,20,20,0,0,0,0,8,88,-100,-100,0,53,1,-2,0,14,-100,-100,0,18,237,2,30,50,100,100,100,70,0,20,10,20,100,0,100,100,0,0,30,100,100,100,0,20,20,20,10,100,50,100,0,20,20,20,0,0,0,0,0,7,88,-100,-100,0,53,0,-2,0,14,3,-1,0,18,237
1,30,50,100,100,100,70,0,20,10,20,100,0,100,100,0,0,30,100,100,100,0,20,20,20,10,100,50,100,0,20,20,20,0,0,0,0,0,7,88,-100,-100,0,53,0,-2,0,14,3,-1,0,18,236,3,0,30,50,100,100,100,70,0,20,10,20,100,0,100,0,0,0,30,100,100,100,0,20,20,20,10,100,50,0,0,20,20,20,0,0,0,0,6,88,-100,-100,0,53,1,-2,0,14,-100,-100,0,18,236
1,0,30,50,100,100,100,70,0,20,10,20,100,0,100,0,0,0,30,100,100,100,0,20,20,20,10,100,50,0,0,20,20,20,0,0,0,0,6,88,-100,-100,0,53,1,-2,0,14,-100,-100,0,18,235,2,30,50,100,100,100,70,0,20,10,20,100,0,100,100,0,0,30,100,100,100,0,20,20,20,10,100,50,100,0,20,20,20,0,0,0,0,0,5,88,-100,-100,0,53,0,-2,0,14,3,-1,0,18,235
1,30,50,100,100,100,70,0,20,10,20,100,0,100,100,0,0,30,100,100,100,0,20,20,20,10,100,50,100,0,20,20,20,0,0,0,0,0,5,88,-100,-100,0,53,0,-2,0,14,3,-1,0,18,234,3,0,30,50,100,100,100,70,0,20,10,20,100,0,100,0,0,0,30,100,100,100,0,20,20,20,10,100,50,0,0,20,20,20,0,0,0,0,4,88,-100,-100,0,53,1,-2,0,14,-100,-100,0,18,234
1,0,30,50,100,100,100,70,0,20,10,20,100,0,100,0,0,0,30,100,100,100,0,20,20,20,10,100,50,0,0,20,20,20,0,0,0,0,4,88,-100,-100,0,53,1,-2,0,14,-100,-100,0,18,233,2,30,50,100,100,100,70,0,20,10,20,100,0,100,100,0,0,30,100,100,100,0,20,20,20,10,100,50,100,0,20,20,20,0,0,0,0,0,3,88,-100,-100,0,53,0,-2,0,14,3,-1,0,18,233
1,30,50,100,100,100,70,0,20,10,20,100,0,100,100,0,0,30,100,100,100,0,20,20,20,10,100,50,100,0,20,20,20,0,0,0,0,0,3,88,-100,-100,0,53,0,-2,0,14,3,-1,0,18,232,3,0,30,50,100,100,100,70,0,20,10,20,100,0,100,0,0,0,30,100,100,100,0,20,20,20,10,100,50,0,0,20,20,20,0,0,0,0,2,88,-100,-100,0,53,1,-2,0,14,-100,-100,0,18,232
1,0,30,50,100,100,100,70,0,20,10,20,100,0,100,0,0,0,30,100,100,100,0,20,20,20,10,100,50,0,0,20,20,20,0,0,0,0,2,88,-100,-100,0,53,1,-2,0,14,-100,-100,0,18,231,1,0,0,100,100,78,90,0,0,30,50,100,100,100,70,0,20,10,20,100,0,100,0,0,0,30,100,100,100,0,20,20,20,10,100,50,0,0,1,88,-1,-2,0,53,1,-1,0,14,-100,-100,0,18,231
1,0,0,100,100,78,90,0,0,30,50,100,100,100,70,0,20,10,20,100,0,100,0,0,0,30,100,100,100,0,20,20,20,10,100,50,0,0,1,88,-1,-2,0,53,1,-1,0,14,-100,-100,0,18,230,2,0,100,100,78,90,0,0,30,50,100,100,100,70,0,20,10,20,100,0,100,100,0,0,30,100,100,100,0,20,20,20,10,100,50,100,0,0,0,88,-2,-2,0,53,0,-1,0,14,3,0,0,18,230
