0,0,0,0,0,0,0,0,0,0,0,0,0,0,0,0,0,0,0,0,0,0,0,0,0,0,0,0,0,0,0,0,0,0,0,0,0,0,100,0,1,1,100,0,2,2,100,0,-100,-100,0,0,500,6,0,0,0,0,0,0,0,0,0,0,10,0,0,0,0,0,10,10,10,0,0,0,0,0,10,0,0,0,0,0,0,0,0,0,0,0,0,80,0,1,1,100,0,2,2,100,0,-100,-100,0,0,500
1,0,0,10,0,0,0,0,0,10,10,10,0,0,0,0,0,10,0,0,0,0,0,0,0,0,0,0,0,0,0,0,0,0,0,0,0,0,100,0,-1,-1,80,0,1,1,100,0,2,2,100,0,499,6,0,0,10,0,0,0,0,0,10,10,20,0,0,0,0,0,20,10,10,0,0,0,0,0,10,0,0,0,0,0,0,0,0,0,0,0,0,80,0,-1,-1,80,0,1,1,100,0,2,2,100,0,499
2,10,10,20,0,0,0,0,0,20,10,10,0,0,0,0,0,10,0,0,0,0,0,0,0,0,0,0,0,0,0,0,0,0,0,0,0,0,100,0,-2,-2,80,0,-1,-1,80,0,1,1,100,0,498,6,10,10,20,0,0,0,0,0,20,10,20,0,0,0,0,0,20,10,10,0,0,0,0,0,10,0,0,0,0,0,0,0,0,0,0,0,0,80,0,-2,-2,80,0,-1,-1,80,0,1,1,100,0,498
3,20,10,20,0,0,0,0,0,20,10,10,0,0,0,0,0,10,0,0,0,0,0,0,0,0,0,0,0,0,0,0,0,0,0,0,0,0,100,0,-100,-100,0,0,-2,-2,80,0,-1,-1,80,0,497,6,20,10,20,0,0,0,0,0,20,10,20,0,0,0,0,0,20,10,10,0,0,0,0,0,10,0,0,0,0,0,0,0,0,0,0,0,0,80,0,-100,-100,0,0,-2,-2,80,0,-1,-1,80,0,497
0,0,0,0,0,0,0,0,0,0,0,10,0,0,0,0,0,10,10,20,0,0,0,0,0,20,10,20,0,0,0,0,0,20,10,20,0,0,80,0,1,1,80,0,2,2,80,0,-100,-100,0,0,496,6,0,0,0,0,0,0,0,0,0,0,20,0,0,0,0,0,20,20,30,0,0,0,0,0,30,10,20,0,0,0,0,0,20,10,20,0,0,60,0,1,1,80,0,2,2,80,0,-100,-100,0,0,496
1,0,0,20,0,0,0,0,0,20,20,30,0,0,0,0,0,30,10,20,0,0,0,0,0,20,10,20,0,0,0,0,0,20,10,10,0,0,80,0,-1,-1,60,0,1,1,80,0,2,2,80,0,495,4,0,0,20,0,0,0,0,0,20,20,30,0,0,0,0,0,30,0,20,0,0,0,0,0,20,10,20,0,0,0,0,0,20,10,10,0,0,90,0,-1,-1,60,0,1,1,80,0,2,2,80,0,495
2,20,20,30,0,0,0,0,0,30,0,20,0,0,0,0,0,20,10,20,0,0,0,0,0,20,10,10,0,0,0,0,0,10,0,0,0,0,80,0,-2,-2,60,0,-1,-1,90,0,1,1,80,0,494,6,20,20,30,0,0,0,0,0,30,0,30,0,0,0,0,0,30,20,30,0,0,0,0,0,30,10,10,0,0,0,0,0,10,0,0,0,0,60,0,-2,-2,60,0,-1,-1,90,0,1,1,80,0,494
3,30,0,30,0,0,0,0,0,30,20,30,0,0,0,0,0,30,10,10,0,0,0,0,0,10,0,0,0,0,0,0,0,0,0,0,0,0,80,0,-100,-100,0,0,-2,-2,90,0,-1,-1,60,0,493,6,30,0,30,0,0,0,0,0,30,20,40,0,0,0,0,0,40,20,20,0,0,0,0,0,20,0,0,0,0,0,0,0,0,0,0,0,0,60,0,-100,-100,0,0,-2,-2,90,0,-1,-1,60,0,493
0,0,0,0,0,0,0,0,0,0,0,20,0,0,0,0,0,20,20,30,0,0,0,0,0,30,0,30,0,0,0,0,0,30,20,40,0,0,60,0,1,1,90,0,2,2,60,0,-100,-100,0,0,492,3,0,0,0,0,0,0,0,0,0,0,0,20,0,0,0,0,0,20,20,30,0,0,0,0,0,30,0,30,0,0,0,0,0,30,20,0,0,59,0,2,1,90,0,3,2,60,0,-100,-100,0,0,492
1,0,0,20,0,0,0,0,0,20,20,30,0,0,0,0,0,30,0,30,0,0,0,0,0,30,20,40,0,0,0,0,0,40,20,20,0,0,90,0,-2,-1,59,0,1,1,60,0,2,2,60,0,491,6,0,0,20,0,0,0,0,0,20,20,40,0,0,0,0,0,40,10,40,0,0,0,0,0,40,20,40,0,0,0,0,0,40,20,20,0,0,70,0,-2,-1,59,0,1,1,60,0,2,2,60,0,491
2,20,20,40,0,0,0,0,0,40,10,40,0,0,0,0,0,40,20,40,0,0,0,0,0,40,20,20,0,0,0,0,0,20,0,0,0,0,60,0,-3,-2,59,0,-1,-1,70,0,1,1,60,0,490,3,0,20,20,40,0,0,0,0,0,40,10,40,0,0,0,0,0,40,20,40,0,0,0,0,0,40,20,20,0,0,0,0,0,20,0,0,0,59,0,-2,-2,59,0,0,-1,70,0,2,1,60,0,490
3,40,10,40,0,0,0,0,0,40,20,40,0,0,0,0,0,40,20,20,0,0,0,0,0,20,0,0,0,0,0,0,0,0,0,0,0,0,60,0,-100,-100,0,0,-2,-2,70,0,-2,-1,59,0,489,6,40,10,40,0,0,0,0,0,40,20,50,0,0,0,0,0,50,30,30,0,0,0,0,0,30,0,0,0,0,0,0,0,0,0,0,0,0,40,0,-100,-100,0,0,-2,-2,70,0,-2,-1,59,0,489
0,0,0,0,0,0,0,0,0,0,0,0,20,0,0,0,0,0,20,20,40,0,0,0,0,0,40,10,40,0,0,0,0,0,40,20,0,0,59,0,2,1,70,0,2,2,59,0,-100,-100,0,0,488,6,0,0,0,0,0,0,0,0,0,0,10,20,0,0,0,0,10,30,30,40,0,0,0,0,10,40,10,40,0,0,0,0,0,40,20,0,0,39,0,2,1,70,0,2,2,59,0,-100,-100,0,0,488
1,0,10,20,0,0,0,0,10,30,30,40,0,0,0,0,10,40,10,40,0,0,0,0,0,40,20,50,0,0,0,0,0,50,30,30,0,0,70,0,-2,-1,39,0,0,1,59,0,2,2,40,0,487,2,10,20,0,0,0,0,0,30,30,40,0,0,0,0,10,40,10,40,0,0,0,0,0,40,20,50,0,0,0,0,0,50,30,30,0,0,0,69,0,-3,-1,39,0,-1,1,59,0,1,2,40,0,487
2,10,30,30,40,0,0,0,0,10,40,10,40,0,0,0,0,0,40,20,50,0,0,0,0,0,50,30,30,0,0,0,0,0,30,0,0,0,59,0,-2,-2,39,0,1,-1,69,0,2,1,40,0,486,0,0,10,40,10,40,0,0,0,0,0,40,20,50,0,0,0,0,0,50,30,30,0,0,0,0,0,30,0,0,0,0,0,0,0,0,0,0,58,0,-100,-100,0,0,1,-2,69,0,2,0,40,0,486
3,40,10,40,0,0,0,0,0,40,20,50,0,0,0,0,0,50,30,30,0,0,0,0,0,30,0,0,0,0,0,0,0,0,0,0,0,0,40,0,-100,-100,0,0,-1,-2,69,0,-2,0,58,0,485,6,40,10,40,0,0,0,0,0,40,20,60,0,0,0,0,0,60,40,40,0,0,0,0,0,40,0,0,0,0,0,0,0,0,0,0,0,0,20,0,-100,-100,0,0,-1,-2,69,0,-2,0,58,0,485
0,0,0,0,0,0,0,0,0,0,0,10,20,0,0,0,0,10,30,30,40,0,0,0,0,10,40,10,40,0,0,0,0,0,40,20,0,0,39,0,3,1,69,0,-100,-100,0,0,-100,-100,0,0,484,3,0,0,0,0,0,0,0,0,0,0,0,10,20,0,0,0,0,10,30,30,40,0,0,0,0,10,40,10,0,0,0,0,0,0,40,0,0,38,0,-100,-100,0,0,-100,-100,0,0,-100,-100,0,0,484
1,10,20,0,0,0,0,0,30,30,40,0,0,0,0,10,40,10,40,0,0,0,0,0,40,20,60,0,0,0,0,0,60,40,40,0,0,0,69,0,-100,-100,0,0,-1,2,58,0,1,2,20,0,483,6,10,20,0,0,0,0,0,30,30,40,10,0,0,0,10,40,20,50,10,0,0,0,0,40,30,60,0,0,0,0,0,60,40,40,0,0,0,49,0,-100,-100,0,0,-1,2,58,0,1,2,20,0,483
2,0,10,40,20,50,10,0,0,0,0,40,30,60,0,0,0,0,0,60,40,40,0,0,0,0,0,40,0,0,0,0,0,0,0,0,0,0,58,0,-100,-100,0,0,1,-2,49,0,2,0,20,0,482,6,0,10,40,20,50,10,0,0,0,0,50,30,60,0,0,0,10,10,70,40,40,0,0,0,10,0,40,0,0,0,0,0,0,0,0,0,0,38,0,-100,-100,0,0,1,-2,49,0,2,0,20,0,482
3,40,20,50,10,0,0,0,0,50,30,60,0,0,0,10,10,70,40,40,0,0,0,10,0,40,0,0,0,0,0,0,0,0,0,0,0,0,20,0,-100,-100,0,0,-1,-2,49,0,-2,0,38,0,481,5,40,20,50,10,0,0,0,0,50,30,60,0,0,0,10,10,70,40,40,0,0,0,10,0,40,0,0,0,0,0,0,0,0,0,0,0,0,10,10,-100,-100,0,0,-1,-2,49,0,-2,0,38,0,481
0,0,0,0,0,0,0,0,0,0,0,0,10,20,0,0,0,0,10,30,30,40,0,0,0,0,10,40,20,0,0,0,0,0,0,50,0,0,38,0,-100,-100,0,0,-100,-100,0,0,-100,-100,0,10,480,6,0,0,0,0,0,0,0,0,0,0,10,10,20,0,0,0,10,20,40,30,40,0,0,0,10,10,40,20,0,0,0,0,0,0,50,0,0,18,0,-100,-100,0,0,-100,-100,0,0,-100,-100,0,10,480
1,10,20,0,0,0,0,0,40,30,40,10,0,0,0,10,40,20,50,10,0,0,0,0,50,30,60,0,0,0,10,10,70,40,40,0,0,0,49,0,-100,-100,0,0,-1,2,38,0,1,2,10,10,479,6,10,20,0,0,0,0,0,40,30,40,20,0,0,0,10,40,30,60,20,0,0,0,0,50,40,60,0,0,0,10,10,70,40,40,0,0,0,29,0,-100,-100,0,0,-1,2,38,0,1,2,10,10,479
2,10,10,40,30,60,20,0,0,0,0,50,40,60,0,0,0,10,10,70,40,40,0,0,0,10,0,40,0,0,0,0,0,0,0,0,0,0,38,0,-100,-100,0,0,1,-2,29,0,2,0,10,10,478,6,10,10,40,30,60,20,0,0,0,0,60,40,60,0,0,0,20,20,80,40,40,0,0,0,20,0,40,0,0,0,0,0,0,0,0,0,0,18,0,-100,-100,0,0,1,-2,29,0,2,0,10,10,478
3,40,30,60,20,0,0,0,0,60,40,60,0,0,0,20,20,80,40,40,0,0,0,20,0,40,0,0,0,0,0,0,0,0,0,0,0,0,10,10,-100,-100,0,0,-1,-2,29,0,-2,0,18,0,477,5,40,30,60,20,0,0,0,0,60,40,60,0,0,0,20,20,80,40,40,0,0,0,20,0,40,0,0,0,0,0,0,0,0,0,0,0,0,5,15,-100,-100,0,0,-1,-2,29,0,-2,0,18,0,477
0,0,0,0,0,0,0,0,0,0,0,10,10,20,0,0,0,10,20,40,30,40,0,0,0,10,10,40,30,0,0,0,0,0,0,60,0,0,18,0,-100,-100,0,0,-100,-100,0,0,-100,-100,0,15,476,5,0,0,0,0,0,0,0,0,0,0,10,10,20,0,0,0,10,20,40,30,40,0,0,0,10,10,40,30,0,0,0,0,0,0,60,0,0,9,9,-100,-100,0,0,-100,-100,0,0,-100,-100,0,15,476
1,10,20,0,0,0,0,0,40,30,40,20,0,0,0,10,40,30,60,20,0,0,0,0,60,40,60,0,0,0,20,20,80,40,40,0,0,0,29,0,-100,-100,0,9,-1,2,18,0,1,2,5,15,475,6,10,20,0,0,0,0,0,40,30,40,30,0,0,0,10,40,40,70,30,0,0,0,0,60,50,60,0,0,0,20,20,80,40,40,0,0,0,9,0,-100,-100,0,9,-1,2,18,0,1,2,5,15,475
2,10,10,40,40,70,30,0,0,0,0,60,50,60,0,0,0,20,20,80,40,40,0,0,0,20,0,40,0,0,0,0,0,0,0,0,0,0,18,0,-100,-100,0,9,1,-2,9,0,2,0,5,15,474,4,10,10,40,40,70,30,0,0,0,0,60,50,60,0,0,0,20,0,80,40,40,0,0,0,20,0,40,0,0,0,0,0,0,0,0,0,0,38,0,-100,-100,0,9,1,-2,9,0,2,0,5,15,474
3,40,40,70,30,0,0,0,0,60,50,60,0,0,0,20,0,80,40,40,0,0,0,20,0,40,0,0,0,0,0,0,0,0,0,0,0,0,5,15,-100,-100,0,9,-1,-2,9,0,-2,0,38,0,473,5,40,40,70,30,0,0,0,0,60,50,60,0,0,0,20,0,80,40,40,0,0,0,20,0,40,0,0,0,0,0,0,0,0,0,0,0,0,3,17,-100,-100,0,9,-1,-2,9,0,-2,0,38,0,473
0,0,0,0,0,0,0,0,0,0,0,10,10,20,0,0,0,10,20,40,30,40,0,0,0,10,10,40,40,0,0,0,0,0,0,60,0,0,9,9,-100,-100,0,0,-100,-100,0,0,-100,-100,0,17,472,4,0,0,0,0,0,0,0,0,0,0,10,10,20,0,0,0,10,0,40,30,40,0,0,0,10,10,40,40,0,0,0,0,0,0,60,0,0,29,9,-100,-100,0,0,-100,-100,0,0,-100,-100,0,17,472
1,10,20,0,0,0,0,0,40,30,40,30,0,0,0,10,40,40,70,30,0,0,0,0,60,50,60,0,0,0,20,0,80,40,40,0,0,0,9,0,-100,-100,0,9,-1,2,38,0,1,2,3,17,471,2,20,0,0,0,0,0,0,30,40,30,0,0,0,0,40,40,70,30,0,0,0,0,60,50,60,0,0,0,20,0,80,40,40,0,0,0,0,8,0,-100,-100,0,9,-2,2,38,0,0,2,3,17,471
2,10,10,40,40,70,30,0,0,0,0,60,50,60,0,0,0,20,0,80,40,40,0,0,0,20,0,40,0,0,0,0,0,0,0,0,0,0,38,0,-100,-100,0,9,2,-2,8,0,2,0,3,17,470,6,10,10,40,40,70,30,0,0,0,0,70,50,60,0,0,0,30,10,90,40,40,0,0,0,30,0,40,0,0,0,0,0,0,0,0,0,0,18,0,-100,-100,0,9,2,-2,8,0,2,0,3,17,470
3,40,40,70,30,0,0,0,0,70,50,60,0,0,0,30,10,90,40,40,0,0,0,30,0,40,0,0,0,0,0,0,0,0,0,0,0,0,3,17,-100,-100,0,9,0,-2,8,0,-2,0,18,0,469,5,40,40,70,30,0,0,0,0,70,50,60,0,0,0,30,10,90,40,40,0,0,0,30,0,40,0,0,0,0,0,0,0,0,0,0,0,0,2,18,-100,-100,0,9,0,-2,8,0,-2,0,18,0,469
0,0,0,0,0,0,0,0,0,0,0,10,10,20,0,0,0,10,0,40,30,40,0,0,0,10,10,40,40,0,0,0,0,0,0,70,0,0,29,9,-100,-100,0,0,-100,-100,0,0,-100,-100,0,18,468,6,0,0,0,0,0,0,0,0,0,0,20,10,20,0,0,0,20,10,50,30,40,0,0,0,20,10,40,40,0,0,0,0,0,0,70,0,0,9,9,-100,-100,0,0,-100,-100,0,0,-100,-100,0,18,468
1,20,0,0,0,0,0,0,30,40,30,0,0,0,0,40,40,70,30,0,0,0,0,70,50,60,0,0,0,30,10,90,40,40,0,0,0,0,8,0,-100,-100,0,9,-2,2,18,0,0,2,2,18,467,5,20,0,0,0,0,0,0,30,40,30,0,0,0,0,40,40,70,30,0,0,0,0,70,50,60,0,0,0,30,10,90,40,40,0,0,0,0,4,4,-100,-100,0,9,-2,2,18,0,0,2,2,18,467
2,20,10,40,40,70,30,0,0,0,0,70,50,60,0,0,0,30,10,90,40,40,0,0,0,30,0,40,0,0,0,0,0,0,0,0,0,0,18,0,-100,-100,0,9,2,-2,4,4,2,0,2,18,466,5,20,10,40,40,70,30,0,0,0,0,70,50,60,0,0,0,30,10,90,40,40,0,0,0,30,0,40,0,0,0,0,0,0,0,0,0,0,9,9,-100,-100,0,9,2,-2,4,4,2,0,2,18,466
3,40,40,70,30,0,0,0,0,70,50,60,0,0,0,30,10,90,40,40,0,0,0,30,0,40,0,0,0,0,0,0,0,0,0,0,0,0,2,18,-100,-100,0,9,0,-2,4,4,-2,0,9,9,465,0,0,70,50,60,0,0,0,30,10,90,40,40,0,0,0,30,0,40,0,0,0,0,0,0,0,0,0,0,0,0,0,0,0,0,0,0,0,1,18,-100,-100,0,9,-100,-100,0,4,-2,-1,9,9,465
0,0,0,0,0,0,0,0,0,0,0,20,10,20,0,0,0,20,10,50,30,40,0,0,0,20,10,40,40,0,0,0,0,0,0,70,0,0,9,9,-100,-100,0,4,-100,-100,0,9,-100,-100,0,18,464,5,0,0,0,0,0,0,0,0,0,0,20,10,20,0,0,0,20,10,50,30,40,0,0,0,20,10,40,40,0,0,0,0,0,0,70,0,0,5,13,-100,-100,0,4,-100,-100,0,9,-100,-100,0,18,464
1,20,0,0,0,0,0,0,30,40,30,0,0,0,0,40,40,70,30,0,0,0,0,70,50,60,0,0,0,30,10,90,40,40,0,0,0,0,4,4,-100,-100,0,13,-2,2,9,9,-100,-100,0,18,463,5,20,0,0,0,0,0,0,30,40,30,0,0,0,0,40,40,70,30,0,0,0,0,70,50,60,0,0,0,30,10,90,40,40,0,0,0,0,2,6,-100,-100,0,13,-2,2,9,9,-100,-100,0,18,463
2,20,10,40,40,70,30,0,0,0,0,70,50,60,0,0,0,30,10,90,40,40,0,0,0,30,0,40,0,0,0,0,0,0,0,0,0,0,9,9,-100,-100,0,13,2,-2,2,6,2,1,1,18,462,4,20,10,40,40,70,30,0,0,0,0,70,50,60,0,0,0,30,0,90,40,40,0,0,0,30,0,40,0,0,0,0,0,0,0,0,0,0,19,9,-100,-100,0,13,2,-2,2,6,2,1,1,18,462
3,0,70,50,60,0,0,0,30,0,90,40,40,0,0,0,30,0,40,0,0,0,0,0,0,0,0,0,0,0,0,0,0,0,0,0,0,0,1,18,-100,-100,0,13,-100,-100,0,6,-2,-1,19,9,461,2,70,50,60,0,0,0,0,0,90,40,40,0,0,0,30,0,40,0,0,0,0,0,0,0,0,0,0,0,0,0,0,0,0,0,0,0,0,0,18,-100,-100,0,13,-100,-100,0,6,-3,-1,19,9,461
0,0,0,0,0,0,0,0,0,0,0,20,10,20,0,0,0,20,10,50,30,40,0,0,0,20,10,40,40,0,0,0,0,0,0,70,0,0,5,13,-100,-100,0,6,-100,-100,0,9,-100,-100,0,18,460,0,0,0,0,20,10,20,0,0,0,20,10,50,30,40,0,0,0,20,10,40,40,0,0,0,0,0,0,70,0,0,0,0,0,30,0,0,0,4,13,-100,-100,0,6,3,2,19,9,-100,-100,0,18,460
1,20,0,0,0,0,0,0,30,40,30,0,0,0,0,40,40,70,30,0,0,0,0,70,50,60,0,0,0,30,0,90,40,40,0,0,0,0,2,6,-100,-100,0,13,-2,2,19,9,-100,-100,0,18,459,5,20,0,0,0,0,0,0,30,40,30,0,0,0,0,40,40,70,30,0,0,0,0,70,50,60,0,0,0,30,0,90,40,40,0,0,0,0,1,7,-100,-100,0,13,-2,2,19,9,-100,-100,0,18,459
2,20,10,40,40,70,30,0,0,0,0,70,50,60,0,0,0,30,0,90,40,40,0,0,0,30,0,40,0,0,0,0,0,0,0,0,0,0,19,9,-3,-2,4,13,2,-2,1,7,3,1,0,18,458,2,10,40,40,70,30,0,0,0,0,70,50,60,0,0,0,30,0,90,40,40,0,0,0,30,0,40,0,0,0,0,0,0,0,0,0,0,0,18,9,-100,-100,0,13,1,-2,1,7,2,1,0,18,458
0,0,0,0,20,10,20,0,0,0,20,10,50,30,40,0,0,0,20,10,40,40,0,0,0,0,0,0,70,0,0,0,0,0,30,0,0,0,4,13,-100,-100,0,7,-100,-100,0,9,-100,-100,0,18,457,1,0,0,0,0,0,0,0,0,0,0,20,10,20,0,0,0,20,10,50,30,40,0,0,0,20,10,40,40,0,0,0,0,0,0,70,0,0,3,13,-100,-100,0,7,-100,-100,0,9,-100,-100,0,18,457
1,20,0,0,0,0,0,0,30,40,30,0,0,0,0,40,40,70,30,0,0,0,0,70,50,60,0,0,0,30,0,90,40,40,0,0,0,0,1,7,-100,-100,0,13,-1,2,18,9,-100,-100,0,18,456,3,10,20,0,0,0,0,0,50,30,40,30,0,0,0,10,40,40,70,30,0,0,0,0,70,50,60,0,0,0,30,0,90,40,40,0,0,0,0,7,-100,-100,0,13,0,2,18,9,-100,-100,0,18,456
2,10,40,40,70,30,0,0,0,0,70,50,60,0,0,0,30,0,90,40,40,0,0,0,30,0,40,0,0,0,0,0,0,0,0,0,0,0,18,9,-100,-100,0,13,0,-2,0,7,2,1,0,18,455,4,10,40,40,70,30,0,0,0,0,70,50,60,0,0,0,30,0,8,40,40,0,0,0,30,0,40,0,0,0,0,0,0,0,0,0,0,0,100,9,-100,-100,0,13,0,-2,0,7,2,1,0,18,455
0,0,0,0,0,0,0,0,0,0,0,20,10,20,0,0,0,20,10,50,30,40,0,0,0,20,10,40,40,0,0,0,0,0,0,70,0,0,3,13,-100,-100,0,7,-100,-100,0,9,-100,-100,0,18,454,5,0,0,0,0,0,0,0,0,0,0,20,10,20,0,0,0,20,10,50,30,40,0,0,0,20,10,40,40,0,0,0,0,0,0,70,0,0,2,14,-100,-100,0,7,-100,-100,0,9,-100,-100,0,18,454
2,10,40,40,70,30,0,0,0,0,70,50,60,0,0,0,30,0,8,40,40,0,0,0,30,0,40,0,0,0,0,0,0,0,0,0,0,0,100,9,-100,-100,0,14,0,-2,0,7,2,1,0,18,453,6,10,40,40,70,30,0,0,0,0,70,60,60,0,0,0,30,10,18,50,40,0,0,0,30,10,40,0,0,0,0,0,0,0,0,0,0,0,80,9,-100,-100,0,14,0,-2,0,7,2,1,0,18,453
0,0,0,0,0,0,0,0,0,0,0,20,10,20,0,0,0,20,10,50,30,40,0,0,0,20,10,40,40,0,0,0,0,0,0,70,0,0,2,14,-100,-100,0,7,-100,-100,0,9,-100,-100,0,18,452,0,0,0,0,20,10,20,0,0,0,20,10,50,30,40,0,0,0,20,10,40,40,0,0,0,0,0,0,70,0,0,0,0,0,30,10,0,0,1,14,-100,-100,0,7,-100,-100,0,9,-100,-100,0,18,452
2,10,40,40,70,30,0,0,0,0,70,60,60,0,0,0,30,10,18,50,40,0,0,0,30,10,40,0,0,0,0,0,0,0,0,0,0,0,80,9,-100,-100,0,14,0,-2,0,7,2,1,0,18,451,6,10,40,40,70,30,0,0,0,0,70,70,60,0,0,0,30,20,28,60,40,0,0,0,30,20,40,0,0,0,0,0,0,0,0,0,0,0,60,9,-100,-100,0,14,0,-2,0,7,2,1,0,18,451
0,0,0,0,20,10,20,0,0,0,20,10,50,30,40,0,0,0,20,10,40,40,0,0,0,0,0,0,70,0,0,0,0,0,30,20,0,0,1,14,-100,-100,0,7,-100,-100,0,9,-100,-100,0,18,450,0,0,0,20,10,50,30,40,0,0,0,20,10,40,40,0,0,0,0,0,0,70,0,0,0,0,0,30,20,0,0,0,0,0,0,30,0,0,0,14,-100,-100,0,7,-100,-100,0,9,-100,-100,0,18,450
2,10,40,40,70,30,0,0,0,0,70,70,60,0,0,0,30,20,28,60,40,0,0,0,30,20,40,0,0,0,0,0,0,0,0,0,0,0,60,9,-100,-100,0,14,0,-2,0,7,2,1,0,18,449,6,10,40,40,70,30,0,0,0,0,70,80,60,0,0,0,30,30,38,70,40,0,0,0,30,30,40,0,0,0,0,0,0,0,0,0,0,0,40,9,-100,-100,0,14,0,-2,0,7,2,1,0,18,449
2,10,40,40,70,30,0,0,0,0,70,80,60,0,0,0,30,30,38,70,40,0,0,0,30,30,40,0,0,0,0,0,0,0,0,0,0,0,40,9,-100,-100,0,14,0,-2,0,7,2,1,0,18,448,4,10,40,40,70,30,0,0,0,0,70,80,60,0,0,0,30,30,0,70,40,0,0,0,30,30,40,0,0,0,0,0,0,0,0,0,0,0,78,9,-100,-100,0,14,0,-2,0,7,2,1,0,18,448
2,10,40,40,70,30,0,0,0,0,70,80,60,0,0,0,30,30,0,70,40,0,0,0,30,30,40,0,0,0,0,0,0,0,0,0,0,0,78,9,-100,-100,0,14,0,-2,0,7,2,1,0,18,447,5,10,40,40,70,30,0,0,0,0,70,80,60,0,0,0,30,30,0,70,40,0,0,0,30,30,40,0,0,0,0,0,0,0,0,0,0,0,39,48,-100,-100,0,14,0,-2,0,7,2,1,0,18,447
2,10,40,40,70,30,0,0,0,0,70,80,60,0,0,0,30,30,0,70,40,0,0,0,30,30,40,0,0,0,0,0,0,0,0,0,0,0,39,48,-100,-100,0,14,0,-2,0,7,2,1,0,18,446,6,10,40,40,70,30,0,0,0,0,70,90,60,0,0,0,30,40,10,80,40,0,0,0,30,40,40,0,0,0,0,0,0,0,0,0,0,0,19,48,-100,-100,0,14,0,-2,0,7,2,1,0,18,446
2,10,40,40,70,30,0,0,0,0,70,90,60,0,0,0,30,40,10,80,40,0,0,0,30,40,40,0,0,0,0,0,0,0,0,0,0,0,19,48,-100,-100,0,14,0,-2,0,7,2,1,0,18,445,4,10,40,40,70,30,0,0,0,0,70,90,60,0,0,0,30,40,0,80,40,0,0,0,30,40,40,0,0,0,0,0,0,0,0,0,0,0,29,48,-100,-100,0,14,0,-2,0,7,2,1,0,18,445
2,10,40,40,70,30,0,0,0,0,70,90,60,0,0,0,30,40,0,80,40,0,0,0,30,40,40,0,0,0,0,0,0,0,0,0,0,0,29,48,-100,-100,0,14,0,-2,0,7,2,1,0,18,444,6,10,40,40,70,30,0,0,0,0,70,100,60,0,0,0,30,50,10,90,40,0,0,0,30,50,40,0,0,0,0,0,0,0,0,0,0,0,9,48,-100,-100,0,14,0,-2,0,7,2,1,0,18,444
2,10,40,40,70,30,0,0,0,0,70,100,60,0,0,0,30,50,10,90,40,0,0,0,30,50,40,0,0,0,0,0,0,0,0,0,0,0,9,48,-100,-100,0,14,0,-2,0,7,2,1,0,18,443,4,10,40,40,70,30,0,0,0,0,70,100,60,0,0,0,30,50,0,90,40,0,0,0,30,50,40,0,0,0,0,0,0,0,0,0,0,0,19,48,-100,-100,0,14,0,-2,0,7,2,1,0,18,443
2,10,40,40,70,30,0,0,0,0,70,100,60,0,0,0,30,50,0,90,40,0,0,0,30,50,40,0,0,0,0,0,0,0,0,0,0,0,19,48,-100,-100,0,14,0,-2,0,7,2,1,0,18,442,1,50,30,40,30,0,0,0,10,40,40,70,30,0,0,0,0,70,100,60,0,0,0,30,50,0,90,40,0,0,0,30,50,40,0,0,0,0,18,48,-100,-100,0,14,0,-1,0,7,2,2,0,18,442
2,50,30,40,30,0,0,0,10,40,40,70,30,0,0,0,0,70,100,60,0,0,0,30,50,0,90,40,0,0,0,30,50,40,0,0,0,0,18,48,-100,-100,0,14,0,-1,0,7,2,2,0,18,441,4,50,30,40,30,0,0,0,10,40,40,70,30,0,0,0,0,70,18,60,0,0,0,30,50,0,90,40,0,0,0,30,50,40,0,0,0,0,100,48,-100,-100,0,14,0,-1,0,7,2,2,0,18,441
2,50,30,40,30,0,0,0,10,40,40,70,30,0,0,0,0,70,18,60,0,0,0,30,50,0,90,40,0,0,0,30,50,40,0,0,0,0,100,48,-100,-100,0,14,0,-1,0,7,2,2,0,18,440,6,50,30,40,30,0,0,0,10,40,40,80,30,0,0,0,0,80,28,70,0,0,0,30,50,10,90,40,0,0,0,30,50,40,0,0,0,0,80,48,-100,-100,0,14,0,-1,0,7,2,2,0,18,440
2,50,30,40,30,0,0,0,10,40,40,80,30,0,0,0,0,80,28,70,0,0,0,30,50,10,90,40,0,0,0,30,50,40,0,0,0,0,80,48,-100,-100,0,14,0,-1,0,7,2,2,0,18,439,6,50,30,40,30,0,0,0,10,40,40,90,30,0,0,0,0,90,38,80,0,0,0,30,50,20,90,40,0,0,0,30,50,40,0,0,0,0,60,48,-100,-100,0,14,0,-1,0,7,2,2,0,18,439
2,50,30,40,30,0,0,0,10,40,40,90,30,0,0,0,0,90,38,80,0,0,0,30,50,20,90,40,0,0,0,30,50,40,0,0,0,0,60,48,-100,-100,0,14,0,-1,0,7,2,2,0,18,438,6,50,30,40,30,0,0,0,10,40,40,100,30,0,0,0,0,100,48,90,0,0,0,30,50,30,90,40,0,0,0,30,50,40,0,0,0,0,40,48,-100,-100,0,14,0,-1,0,7,2,2,0,18,438
2,50,30,40,30,0,0,0,10,40,40,100,30,0,0,0,0,100,48,90,0,0,0,30,50,30,90,40,0,0,0,30,50,40,0,0,0,0,40,48,-100,-100,0,14,0,-1,0,7,2,2,0,18,437,1,10,20,0,0,0,0,0,50,30,40,30,0,0,0,10,40,40,100,30,0,0,0,0,100,48,90,0,0,0,30,50,30,90,40,0,0,0,39,48,-100,-100,0,14,0,0,0,7,-100,-100,0,18,437
2,10,20,0,0,0,0,0,50,30,40,30,0,0,0,10,40,40,100,30,0,0,0,0,100,48,90,0,0,0,30,50,30,90,40,0,0,0,39,48,-100,-100,0,14,0,0,0,7,-100,-100,0,18,436,4,10,20,0,0,0,0,0,50,30,40,30,0,0,0,10,40,40,39,30,0,0,0,0,100,48,90,0,0,0,30,50,30,90,40,0,0,0,100,48,-100,-100,0,14,0,0,0,7,-100,-100,0,18,436
2,10,20,0,0,0,0,0,50,30,40,30,0,0,0,10,40,40,39,30,0,0,0,0,100,48,90,0,0,0,30,50,30,90,40,0,0,0,100,48,-100,-100,0,14,0,0,0,7,-100,-100,0,18,435,3,20,10,20,0,0,0,0,10,50,30,40,30,0,0,20,10,40,40,39,30,0,0,0,0,100,48,90,0,0,0,30,50,30,90,40,0,0,99,48,-3,1,0,14,1,0,0,7,-100,-100,0,18,435
2,20,10,20,0,0,0,0,10,50,30,40,30,0,0,20,10,40,40,39,30,0,0,0,0,100,48,90,0,0,0,30,50,30,90,40,0,0,99,48,-3,1,0,14,1,0,0,7,-100,-100,0,18,434,6,20,10,20,0,0,0,0,10,50,30,50,30,0,0,20,10,50,50,49,30,0,0,0,0,100,48,90,0,0,0,30,50,30,90,40,0,0,79,48,-3,1,0,14,1,0,0,7,-100,-100,0,18,434
2,20,10,20,0,0,0,0,10,50,30,50,30,0,0,20,10,50,50,49,30,0,0,0,0,100,48,90,0,0,0,30,50,30,90,40,0,0,79,48,-3,1,0,14,1,0,0,7,-100,-100,0,18,433,6,20,10,20,0,0,0,0,10,50,30,60,30,0,0,20,10,60,60,59,30,0,0,0,0,100,48,90,0,0,0,30,50,30,90,40,0,0,59,48,-3,1,0,14,1,0,0,7,-100,-100,0,18,433
2,20,10,20,0,0,0,0,10,50,30,60,30,0,0,20,10,60,60,59,30,0,0,0,0,100,48,90,0,0,0,30,50,30,90,40,0,0,59,48,-3,1,0,14,1,0,0,7,-100,-100,0,18,432,6,20,10,20,0,0,0,0,10,50,30,70,30,0,0,20,10,70,70,69,30,0,0,0,0,100,48,90,0,0,0,30,50,30,90,40,0,0,39,48,-3,1,0,14,1,0,0,7,-100,-100,0,18,432
2,20,10,20,0,0,0,0,10,50,30,70,30,0,0,20,10,70,70,69,30,0,0,0,0,100,48,90,0,0,0,30,50,30,90,40,0,0,39,48,-3,1,0,14,1,0,0,7,-100,-100,0,18,431,2,10,20,0,0,0,0,0,50,30,70,30,0,0,0,10,70,70,69,30,0,0,0,0,100,48,90,0,0,0,30,50,30,90,40,0,0,0,38,48,-100,-100,0,14,0,0,0,7,-100,-100,0,18,431
2,10,20,0,0,0,0,0,50,30,70,30,0,0,0,10,70,70,69,30,0,0,0,0,100,48,90,0,0,0,30,50,30,90,40,0,0,0,38,48,-100,-100,0,14,0,0,0,7,-100,-100,0,18,430,6,10,20,0,0,0,0,0,50,30,70,40,0,0,0,10,70,80,79,40,0,0,0,0,100,58,90,0,0,0,30,50,30,90,40,0,0,0,18,48,-100,-100,0,14,0,0,0,7,-100,-100,0,18,430
2,10,20,0,0,0,0,0,50,30,70,40,0,0,0,10,70,80,79,40,0,0,0,0,100,58,90,0,0,0,30,50,30,90,40,0,0,0,18,48,-100,-100,0,14,0,0,0,7,-100,-100,0,18,429,4,10,20,0,0,0,0,0,50,30,70,40,0,0,0,10,70,80,0,40,0,0,0,0,100,58,90,0,0,0,30,50,30,90,40,0,0,0,97,48,-100,-100,0,14,0,0,0,7,-100,-100,0,18,429
2,10,20,0,0,0,0,0,50,30,70,40,0,0,0,10,70,80,0,40,0,0,0,0,100,58,90,0,0,0,30,50,30,90,40,0,0,0,97,48,-100,-100,0,14,0,0,0,7,-100,-100,0,18,428,6,10,20,0,0,0,0,0,50,30,70,50,0,0,0,10,70,90,10,50,0,0,0,0,100,68,90,0,0,0,30,50,30,90,40,0,0,0,77,48,-100,-100,0,14,0,0,0,7,-100,-100,0,18,428
2,10,20,0,0,0,0,0,50,30,70,50,0,0,0,10,70,90,10,50,0,0,0,0,100,68,90,0,0,0,30,50,30,90,40,0,0,0,77,48,-100,-100,0,14,0,0,0,7,-100,-100,0,18,427,6,10,20,0,0,0,0,0,50,30,70,60,0,0,0,10,70,100,20,60,0,0,0,0,100,78,90,0,0,0,30,50,30,90,40,0,0,0,57,48,-100,-100,0,14,0,0,0,7,-100,-100,0,18,427
2,10,20,0,0,0,0,0,50,30,70,60,0,0,0,10,70,100,20,60,0,0,0,0,100,78,90,0,0,0,30,50,30,90,40,0,0,0,57,48,-100,-100,0,14,0,0,0,7,-100,-100,0,18,426,2,20,0,0,0,0,0,0,30,70,60,0,0,0,0,70,100,20,60,0,0,0,0,100,78,90,0,0,0,30,50,30,90,40,0,0,0,0,56,48,-100,-100,0,14,-1,0,0,7,-100,-100,0,18,426
2,20,0,0,0,0,0,0,30,70,60,0,0,0,0,70,100,20,60,0,0,0,0,100,78,90,0,0,0,30,50,30,90,40,0,0,0,0,56,48,-100,-100,0,14,-1,0,0,7,-100,-100,0,18,425,6,20,0,0,0,0,0,0,30,70,60,10,0,0,0,70,100,30,70,10,0,0,0,100,78,100,0,0,0,30,50,30,90,40,0,0,0,0,36,48,-100,-100,0,14,-1,0,0,7,-100,-100,0,18,425
2,20,0,0,0,0,0,0,30,70,60,10,0,0,0,70,100,30,70,10,0,0,0,100,78,100,0,0,0,30,50,30,90,40,0,0,0,0,36,48,-100,-100,0,14,-1,0,0,7,-100,-100,0,18,424,4,20,0,0,0,0,0,0,30,70,60,10,0,0,0,70,100,30,6,10,0,0,0,100,78,100,0,0,0,30,50,30,90,40,0,0,0,0,100,48,-100,-100,0,14,-1,0,0,7,-100,-100,0,18,424
2,20,0,0,0,0,0,0,30,70,60,10,0,0,0,70,100,30,6,10,0,0,0,100,78,100,0,0,0,30,50,30,90,40,0,0,0,0,100,48,-100,-100,0,14,-1,0,0,7,-100,-100,0,18,423,6,20,0,0,0,0,0,0,30,70,60,20,0,0,0,70,100,40,16,20,0,0,0,100,78,100,0,0,0,30,50,30,90,40,0,0,0,0,80,48,-100,-100,0,14,-1,0,0,7,-100,-100,0,18,423
2,20,0,0,0,0,0,0,30,70,60,20,0,0,0,70,100,40,16,20,0,0,0,100,78,100,0,0,0,30,50,30,90,40,0,0,0,0,80,48,-100,-100,0,14,-1,0,0,7,-100,-100,0,18,422,6,20,0,0,0,0,0,0,30,70,60,30,0,0,0,70,100,50,26,30,0,0,0,100,78,100,0,0,0,30,50,30,90,40,0,0,0,0,60,48,-100,-100,0,14,-1,0,0,7,-100,-100,0,18,422
2,20,0,0,0,0,0,0,30,70,60,30,0,0,0,70,100,50,26,30,0,0,0,100,78,100,0,0,0,30,50,30,90,40,0,0,0,0,60,48,-100,-100,0,14,-1,0,0,7,-100,-100,0,18,421,6,20,0,0,0,0,0,0,30,70,60,40,0,0,0,70,100,60,36,40,0,0,0,100,78,100,0,0,0,30,50,30,90,40,0,0,0,0,40,48,-100,-100,0,14,-1,0,0,7,-100,-100,0,18,421
2,20,0,0,0,0,0,0,30,70,60,40,0,0,0,70,100,60,36,40,0,0,0,100,78,100,0,0,0,30,50,30,90,40,0,0,0,0,40,48,-100,-100,0,14,-1,0,0,7,-100,-100,0,18,420,1,0,0,0,0,0,0,0,20,0,0,0,0,0,0,30,70,60,40,0,0,0,70,100,60,36,40,0,0,0,100,78,100,0,0,0,0,0,39,48,-100,-100,0,14,-1,1,0,7,-100,-100,0,18,420
2,0,0,0,0,0,0,0,20,0,0,0,0,0,0,30,70,60,40,0,0,0,70,100,60,36,40,0,0,0,100,78,100,0,0,0,0,0,39,48,-100,-100,0,14,-1,1,0,7,-100,-100,0,18,419,4,0,0,0,0,0,0,0,20,0,0,0,0,0,0,30,70,60,0,0,0,0,70,100,60,36,40,0,0,0,100,78,100,0,0,0,0,0,79,48,-100,-100,0,14,-1,1,0,7,-100,-100,0,18,419
2,0,0,0,0,0,0,0,20,0,0,0,0,0,0,30,70,60,0,0,0,0,70,100,60,36,40,0,0,0,100,78,100,0,0,0,0,0,79,48,-100,-100,0,14,-1,1,0,7,-100,-100,0,18,418,6,0,0,0,0,0,0,0,20,0,0,10,0,0,0,30,70,70,10,10,0,0,70,100,60,46,40,0,0,0,100,78,100,0,0,0,0,0,59,48,-100,-100,0,14,-1,1,0,7,-100,-100,0,18,418
2,0,0,0,0,0,0,0,20,0,0,10,0,0,0,30,70,70,10,10,0,0,70,100,60,46,40,0,0,0,100,78,100,0,0,0,0,0,59,48,-100,-100,0,14,-1,1,0,7,-100,-100,0,18,417,6,0,0,0,0,0,0,0,20,0,0,20,0,0,0,30,70,80,20,20,0,0,70,100,60,56,40,0,0,0,100,78,100,0,0,0,0,0,39,48,-100,-100,0,14,-1,1,0,7,-100,-100,0,18,417
2,0,0,0,0,0,0,0,20,0,0,20,0,0,0,30,70,80,20,20,0,0,70,100,60,56,40,0,0,0,100,78,100,0,0,0,0,0,39,48,-100,-100,0,14,-1,1,0,7,-100,-100,0,18,416,5,0,0,0,0,0,0,0,20,0,0,20,0,0,0,30,70,80,20,20,0,0,70,100,60,56,40,0,0,0,100,78,100,0,0,0,0,0,20,67,-100,-100,0,14,-1,1,0,7,-100,-100,0,18,416
2,0,0,0,0,0,0,0,20,0,0,20,0,0,0,30,70,80,20,20,0,0,70,100,60,56,40,0,0,0,100,78,100,0,0,0,0,0,20,67,-100,-100,0,14,-1,1,0,7,-100,-100,0,18,415,4,0,0,0,0,0,0,0,20,0,0,20,0,0,0,30,70,80,0,20,0,0,70,100,60,56,40,0,0,0,100,78,100,0,0,0,0,0,40,67,-100,-100,0,14,-1,1,0,7,-100,-100,0,18,415
2,0,0,0,0,0,0,0,20,0,0,20,0,0,0,30,70,80,0,20,0,0,70,100,60,56,40,0,0,0,100,78,100,0,0,0,0,0,40,67,-100,-100,0,14,-1,1,0,7,-100,-100,0,18,414,6,0,0,0,0,0,0,0,20,0,0,30,0,0,0,30,70,90,10,30,0,0,70,100,60,66,40,0,0,0,100,78,100,0,0,0,0,0,20,67,-100,-100,0,14,-1,1,0,7,-100,-100,0,18,414
2,0,0,0,0,0,0,0,20,0,0,30,0,0,0,30,70,90,10,30,0,0,70,100,60,66,40,0,0,0,100,78,100,0,0,0,0,0,20,67,-100,-100,0,14,-1,1,0,7,-100,-100,0,18,413,4,0,0,0,0,0,0,0,20,0,0,30,0,0,0,30,70,90,0,30,0,0,70,100,60,66,40,0,0,0,100,78,100,0,0,0,0,0,30,67,-100,-100,0,14,-1,1,0,7,-100,-100,0,18,413
2,0,0,0,0,0,0,0,20,0,0,30,0,0,0,30,70,90,0,30,0,0,70,100,60,66,40,0,0,0,100,78,100,0,0,0,0,0,30,67,-100,-100,0,14,-1,1,0,7,-100,-100,0,18,412,6,0,0,0,0,0,0,0,20,0,0,40,0,0,0,30,70,100,10,40,0,0,70,100,60,76,40,0,0,0,100,78,100,0,0,0,0,0,10,67,-100,-100,0,14,-1,1,0,7,-100,-100,0,18,412
2,0,0,0,0,0,0,0,20,0,0,40,0,0,0,30,70,100,10,40,0,0,70,100,60,76,40,0,0,0,100,78,100,0,0,0,0,0,10,67,-100,-100,0,14,-1,1,0,7,-100,-100,0,18,411,4,0,0,0,0,0,0,0,20,0,0,40,0,0,0,30,70,100,0,40,0,0,70,100,60,76,40,0,0,0,100,78,100,0,0,0,0,0,20,67,-100,-100,0,14,-1,1,0,7,-100,-100,0,18,411
2,0,0,0,0,0,0,0,20,0,0,40,0,0,0,30,70,100,0,40,0,0,70,100,60,76,40,0,0,0,100,78,100,0,0,0,0,0,20,67,-100,-100,0,14,-1,1,0,7,-100,-100,0,18,410,1,0,0,0,0,0,0,0,0,0,0,0,0,0,0,20,0,0,40,0,0,0,30,70,100,0,40,0,0,70,100,60,76,40,0,0,0,0,19,67,-100,-100,0,14,-1,2,0,7,-100,-100,0,18,410
2,0,0,0,0,0,0,0,0,0,0,0,0,0,0,20,0,0,40,0,0,0,30,70,100,0,40,0,0,70,100,60,76,40,0,0,0,0,19,67,-100,-100,0,14,-1,2,0,7,-100,-100,0,18,409,4,0,0,0,0,0,0,0,0,0,0,0,0,0,0,20,0,0,0,0,0,0,30,70,100,0,40,0,0,70,100,60,76,40,0,0,0,0,59,67,-100,-100,0,14,-1,2,0,7,-100,-100,0,18,409
2,0,0,0,0,0,0,0,0,0,0,0,0,0,0,20,0,0,0,0,0,0,30,70,100,0,40,0,0,70,100,60,76,40,0,0,0,0,59,67,-100,-100,0,14,-1,2,0,7,-100,-100,0,18,408,6,0,0,0,0,0,0,0,0,0,0,10,0,0,0,20,0,10,10,10,0,0,30,70,100,10,40,0,0,70,100,60,76,40,0,0,0,0,39,67,-100,-100,0,14,-1,2,0,7,-100,-100,0,18,408
2,0,0,0,0,0,0,0,0,0,0,10,0,0,0,20,0,10,10,10,0,0,30,70,100,10,40,0,0,70,100,60,76,40,0,0,0,0,39,67,-100,-100,0,14,-1,2,0,7,-100,-100,0,18,407,4,0,0,0,0,0,0,0,0,0,0,10,0,0,0,20,0,10,0,10,0,0,30,70,100,10,40,0,0,70,100,60,76,40,0,0,0,0,49,67,-100,-100,0,14,-1,2,0,7,-100,-100,0,18,407
2,0,0,0,0,0,0,0,0,0,0,10,0,0,0,20,0,10,0,10,0,0,30,70,100,10,40,0,0,70,100,60,76,40,0,0,0,0,49,67,-100,-100,0,14,-1,2,0,7,-100,-100,0,18,406,6,0,0,0,0,0,0,0,0,0,0,20,0,0,0,20,0,20,10,20,0,0,30,70,100,20,40,0,0,70,100,60,76,40,0,0,0,0,29,67,-100,-100,0,14,-1,2,0,7,-100,-100,0,18,406
2,0,0,0,0,0,0,0,0,0,0,20,0,0,0,20,0,20,10,20,0,0,30,70,100,20,40,0,0,70,100,60,76,40,0,0,0,0,29,67,-100,-100,0,14,-1,2,0,7,-100,-100,0,18,405,4,0,0,0,0,0,0,0,0,0,0,20,0,0,0,20,0,20,0,20,0,0,30,70,100,20,40,0,0,70,100,60,76,40,0,0,0,0,39,67,-100,-100,0,14,-1,2,0,7,-100,-100,0,18,405
2,0,0,0,0,0,0,0,0,0,0,20,0,0,0,20,0,20,0,20,0,0,30,70,100,20,40,0,0,70,100,60,76,40,0,0,0,0,39,67,-100,-100,0,14,-1,2,0,7,-100,-100,0,18,404,6,0,0,0,0,0,0,0,0,0,0,30,0,0,0,20,0,30,10,30,0,0,30,70,100,30,40,0,0,70,100,60,76,40,0,0,0,0,19,67,-100,-100,0,14,-1,2,0,7,-100,-100,0,18,404
2,0,0,0,0,0,0,0,0,0,0,30,0,0,0,20,0,30,10,30,0,0,30,70,100,30,40,0,0,70,100,60,76,40,0,0,0,0,19,67,-100,-100,0,14,-1,2,0,7,-100,-100,0,18,403,4,0,0,0,0,0,0,0,0,0,0,30,0,0,0,20,0,30,0,30,0,0,30,70,100,30,40,0,0,70,100,60,76,40,0,0,0,0,29,67,-100,-100,0,14,-1,2,0,7,-100,-100,0,18,403
2,0,0,0,0,0,0,0,0,0,0,30,0,0,0,20,0,30,0,30,0,0,30,70,100,30,40,0,0,70,100,60,76,40,0,0,0,0,29,67,-100,-100,0,14,-1,2,0,7,-100,-100,0,18,402,6,0,0,0,0,0,0,0,0,0,0,40,0,0,0,20,0,40,10,40,0,0,30,70,100,40,40,0,0,70,100,60,76,40,0,0,0,0,9,67,-100,-100,0,14,-1,2,0,7,-100,-100,0,18,402
2,0,0,0,0,0,0,0,0,0,0,40,0,0,0,20,0,40,10,40,0,0,30,70,100,40,40,0,0,70,100,60,76,40,0,0,0,0,9,67,-100,-100,0,14,-1,2,0,7,-100,-100,0,18,401,0,0,0,0,40,0,0,0,20,0,40,10,40,0,0,30,70,100,40,40,0,0,70,100,60,76,40,0,0,0,100,78,100,0,0,0,0,0,8,67,-100,-100,0,14,-1,1,0,7,-100,-100,0,18,401
2,0,0,0,40,0,0,0,20,0,40,10,40,0,0,30,70,100,40,40,0,0,70,100,60,76,40,0,0,0,100,78,100,0,0,0,0,0,8,67,-100,-100,0,14,-1,1,0,7,-100,-100,0,18,400,4,0,0,0,40,0,0,0,20,0,40,10,40,0,0,30,70,100,0,40,0,0,70,100,60,76,40,0,0,0,100,78,100,0,0,0,0,0,48,67,-100,-100,0,14,-1,1,0,7,-100,-100,0,18,400
2,0,0,0,40,0,0,0,20,0,40,10,40,0,0,30,70,100,0,40,0,0,70,100,60,76,40,0,0,0,100,78,100,0,0,0,0,0,48,67,-100,-100,0,14,-1,1,0,7,-100,-100,0,18,399,0,20,0,40,10,40,0,0,30,70,100,0,40,0,0,70,100,60,76,40,0,0,0,100,78,100,0,0,0,30,50,30,90,40,0,0,0,0,47,67,-100,-100,0,14,-1,0,0,7,-100,-100,0,18,399
2,20,0,40,10,40,0,0,30,70,100,0,40,0,0,70,100,60,76,40,0,0,0,100,78,100,0,0,0,30,50,30,90,40,0,0,0,0,47,67,-100,-100,0,14,-1,0,0,7,-100,-100,0,18,398,0,30,70,100,0,40,0,0,70,100,60,76,40,0,0,0,100,78,100,0,0,0,30,50,30,90,40,0,0,0,30,50,40,0,0,0,0,0,46,67,-100,-100,0,14,-1,-1,0,7,1,2,0,18,398
2,30,70,100,0,40,0,0,70,100,60,76,40,0,0,0,100,78,100,0,0,0,30,50,30,90,40,0,0,0,30,50,40,0,0,0,0,0,46,67,-100,-100,0,14,-1,-1,0,7,1,2,0,18,397,4,30,70,100,0,40,0,0,70,100,60,76,40,0,0,0,100,78,46,0,0,0,30,50,30,90,40,0,0,0,30,50,40,0,0,0,0,0,100,67,-100,-100,0,14,-1,-1,0,7,1,2,0,18,397
2,30,70,100,0,40,0,0,70,100,60,76,40,0,0,0,100,78,46,0,0,0,30,50,30,90,40,0,0,0,30,50,40,0,0,0,0,0,100,67,-100,-100,0,14,-1,-1,0,7,1,2,0,18,396,6,30,70,100,0,40,0,0,70,100,60,86,40,0,0,0,100,88,56,10,0,0,30,50,30,100,40,0,0,0,30,50,40,0,0,0,0,0,80,67,-100,-100,0,14,-1,-1,0,7,1,2,0,18,396
2,30,70,100,0,40,0,0,70,100,60,86,40,0,0,0,100,88,56,10,0,0,30,50,30,100,40,0,0,0,30,50,40,0,0,0,0,0,80,67,-100,-100,0,14,-1,-1,0,7,1,2,0,18,395,4,30,70,100,0,40,0,0,70,100,60,86,40,0,0,0,100,88,36,10,0,0,30,50,30,100,40,0,0,0,30,50,40,0,0,0,0,0,100,67,-100,-100,0,14,-1,-1,0,7,1,2,0,18,395
2,30,70,100,0,40,0,0,70,100,60,86,40,0,0,0,100,88,36,10,0,0,30,50,30,100,40,0,0,0,30,50,40,0,0,0,0,0,100,67,-100,-100,0,14,-1,-1,0,7,1,2,0,18,394,0,70,100,60,86,40,0,0,0,100,88,36,10,0,0,30,50,30,100,40,0,0,0,30,50,40,0,0,0,0,0,0,0,0,0,0,0,0,99,67,-100,-100,0,14,-1,-2,0,7,1,1,0,18,394
2,70,100,60,86,40,0,0,0,100,88,36,10,0,0,30,50,30,100,40,0,0,0,30,50,40,0,0,0,0,0,0,0,0,0,0,0,0,99,67,-100,-100,0,14,-1,-2,0,7,1,1,0,18,393,4,70,100,60,86,40,0,0,0,100,88,36,10,0,0,30,50,30,99,40,0,0,0,30,50,40,0,0,0,0,0,0,0,0,0,0,0,0,100,67,-100,-100,0,14,-1,-2,0,7,1,1,0,18,393
2,70,100,60,86,40,0,0,0,100,88,36,10,0,0,30,50,30,99,40,0,0,0,30,50,40,0,0,0,0,0,0,0,0,0,0,0,0,100,67,-100,-100,0,14,-1,-2,0,7,1,1,0,18,392,5,70,100,60,86,40,0,0,0,100,88,36,10,0,0,30,50,30,99,40,0,0,0,30,50,40,0,0,0,0,0,0,0,0,0,0,0,0,50,117,-100,-100,0,14,-1,-2,0,7,1,1,0,18,392
2,70,100,60,86,40,0,0,0,100,88,36,10,0,0,30,50,30,99,40,0,0,0,30,50,40,0,0,0,0,0,0,0,0,0,0,0,0,50,117,-100,-100,0,14,-1,-2,0,7,1,1,0,18,391,4,70,100,60,86,40,0,0,0,100,88,36,10,0,0,30,50,30,49,40,0,0,0,30,50,40,0,0,0,0,0,0,0,0,0,0,0,0,100,117,-100,-100,0,14,-1,-2,0,7,1,1,0,18,391
2,70,100,60,86,40,0,0,0,100,88,36,10,0,0,30,50,30,49,40,0,0,0,30,50,40,0,0,0,0,0,0,0,0,0,0,0,0,100,117,-100,-100,0,14,-1,-2,0,7,1,1,0,18,390,5,70,100,60,86,40,0,0,0,100,88,36,10,0,0,30,50,30,49,40,0,0,0,30,50,40,0,0,0,0,0,0,0,0,0,0,0,0,50,167,-100,-100,0,14,-1,-2,0,7,1,1,0,18,390
2,70,100,60,86,40,0,0,0,100,88,36,10,0,0,30,50,30,49,40,0,0,0,30,50,40,0,0,0,0,0,0,0,0,0,0,0,0,50,167,-100,-100,0,14,-1,-2,0,7,1,1,0,18,389,6,70,100,60,86,40,0,0,0,100,88,46,10,0,0,30,50,40,59,50,0,0,0,30,50,50,0,0,0,0,0,0,0,0,0,0,0,0,30,167,-100,-100,0,14,-1,-2,0,7,1,1,0,18,389
2,70,100,60,86,40,0,0,0,100,88,46,10,0,0,30,50,40,59,50,0,0,0,30,50,50,0,0,0,0,0,0,0,0,0,0,0,0,30,167,-100,-100,0,14,-1,-2,0,7,1,1,0,18,388,6,70,100,60,86,40,0,0,0,100,88,56,10,0,0,30,50,50,69,60,0,0,0,30,50,60,0,0,0,0,0,0,0,0,0,0,0,0,10,167,-100,-100,0,14,-1,-2,0,7,1,1,0,18,388
2,70,100,60,86,40,0,0,0,100,88,56,10,0,0,30,50,50,69,60,0,0,0,30,50,60,0,0,0,0,0,0,0,0,0,0,0,0,10,167,-100,-100,0,14,-1,-2,0,7,1,1,0,18,387,4,70,100,60,86,40,0,0,0,100,88,56,10,0,0,30,50,50,0,60,0,0,0,30,50,60,0,0,0,0,0,0,0,0,0,0,0,0,79,167,-100,-100,0,14,-1,-2,0,7,1,1,0,18,387
2,70,100,60,86,40,0,0,0,100,88,56,10,0,0,30,50,50,0,60,0,0,0,30,50,60,0,0,0,0,0,0,0,0,0,0,0,0,79,167,-100,-100,0,14,-1,-2,0,7,1,1,0,18,386,6,70,100,60,86,40,0,0,0,100,88,66,10,0,0,30,50,60,10,70,0,0,0,30,50,70,0,0,0,0,0,0,0,0,0,0,0,0,59,167,-100,-100,0,14,-1,-2,0,7,1,1,0,18,386
2,70,100,60,86,40,0,0,0,100,88,66,10,0,0,30,50,60,10,70,0,0,0,30,50,70,0,0,0,0,0,0,0,0,0,0,0,0,59,167,-100,-100,0,14,-1,-2,0,7,1,1,0,18,385,6,70,100,60,86,40,0,0,0,100,88,76,10,0,0,30,50,70,20,80,0,0,0,30,50,80,0,0,0,0,0,0,0,0,0,0,0,0,39,167,-100,-100,0,14,-1,-2,0,7,1,1,0,18,385
2,70,100,60,86,40,0,0,0,100,88,76,10,0,0,30,50,70,20,80,0,0,0,30,50,80,0,0,0,0,0,0,0,0,0,0,0,0,39,167,-100,-100,0,14,-1,-2,0,7,1,1,0,18,384,6,70,100,60,86,40,0,0,0,100,88,86,10,0,0,30,50,80,30,90,0,0,0,30,50,90,0,0,0,0,0,0,0,0,0,0,0,0,19,167,-100,-100,0,14,-1,-2,0,7,1,1,0,18,384
2,70,100,60,86,40,0,0,0,100,88,86,10,0,0,30,50,80,30,90,0,0,0,30,50,90,0,0,0,0,0,0,0,0,0,0,0,0,19,167,-100,-100,0,14,-1,-2,0,7,1,1,0,18,383,4,70,100,60,86,40,0,0,0,100,88,86,10,0,0,30,50,80,0,90,0,0,0,30,50,90,0,0,0,0,0,0,0,0,0,0,0,0,49,167,-100,-100,0,14,-1,-2,0,7,1,1,0,18,383
2,70,100,60,86,40,0,0,0,100,88,86,10,0,0,30,50,80,0,90,0,0,0,30,50,90,0,0,0,0,0,0,0,0,0,0,0,0,49,167,-100,-100,0,14,-1,-2,0,7,1,1,0,18,382,6,70,100,60,86,40,0,0,0,100,88,96,10,0,0,30,50,90,10,100,0,0,0,30,50,100,0,0,0,0,0,0,0,0,0,0,0,0,29,167,-100,-100,0,14,-1,-2,0,7,1,1,0,18,382
2,70,100,60,86,40,0,0,0,100,88,96,10,0,0,30,50,90,10,100,0,0,0,30,50,100,0,0,0,0,0,0,0,0,0,0,0,0,29,167,-100,-100,0,14,-1,-2,0,7,1,1,0,18,381,4,70,100,60,86,40,0,0,0,100,88,96,10,0,0,30,50,90,0,100,0,0,0,30,50,100,0,0,0,0,0,0,0,0,0,0,0,0,39,167,-100,-100,0,14,-1,-2,0,7,1,1,0,18,381
2,70,100,60,86,40,0,0,0,100,88,96,10,0,0,30,50,90,0,100,0,0,0,30,50,100,0,0,0,0,0,0,0,0,0,0,0,0,39,167,-100,-100,0,14,-1,-2,0,7,1,1,0,18,380,6,70,100,60,86,40,0,0,0,100,88,100,10,0,0,30,50,100,10,100,0,0,0,30,50,100,0,0,0,0,0,0,0,0,0,0,0,0,19,167,-100,-100,0,14,-1,-2,0,7,1,1,0,18,380
2,70,100,60,86,40,0,0,0,100,88,100,10,0,0,30,50,100,10,100,0,0,0,30,50,100,0,0,0,0,0,0,0,0,0,0,0,0,19,167,-100,-100,0,14,-1,-2,0,7,1,1,0,18,379,4,70,100,60,86,40,0,0,0,100,88,100,10,0,0,30,50,100,0,100,0,0,0,30,50,100,0,0,0,0,0,0,0,0,0,0,0,0,29,167,-100,-100,0,14,-1,-2,0,7,1,1,0,18,379
2,70,100,60,86,40,0,0,0,100,88,100,10,0,0,30,50,100,0,100,0,0,0,30,50,100,0,0,0,0,0,0,0,0,0,0,0,0,29,167,-100,-100,0,14,-1,-2,0,7,1,1,0,18,378,6,70,100,60,86,40,0,0,0,100,88,100,10,0,0,30,50,100,10,100,0,0,0,30,50,100,0,0,0,0,0,0,0,0,0,0,0,0,9,167,-100,-100,0,14,-1,-2,0,7,1,1,0,18,378
2,70,100,60,86,40,0,0,0,100,88,100,10,0,0,30,50,100,10,100,0,0,0,30,50,100,0,0,0,0,0,0,0,0,0,0,0,0,9,167,-100,-100,0,14,-1,-2,0,7,1,1,0,18,377,4,70,100,60,86,40,0,0,0,100,88,100,10,0,0,30,50,100,0,100,0,0,0,30,50,100,0,0,0,0,0,0,0,0,0,0,0,0,19,167,-100,-100,0,14,-1,-2,0,7,1,1,0,18,377
2,70,100,60,86,40,0,0,0,100,88,100,10,0,0,30,50,100,0,100,0,0,0,30,50,100,0,0,0,0,0,0,0,0,0,0,0,0,19,167,-100,-100,0,14,-1,-2,0,7,1,1,0,18,376,5,70,100,60,86,40,0,0,0,100,88,100,10,0,0,30,50,100,0,100,0,0,0,30,50,100,0,0,0,0,0,0,0,0,0,0,0,0,10,176,-100,-100,0,14,-1,-2,0,7,1,1,0,18,376
2,70,100,60,86,40,0,0,0,100,88,100,10,0,0,30,50,100,0,100,0,0,0,30,50,100,0,0,0,0,0,0,0,0,0,0,0,0,10,176,-100,-100,0,14,-1,-2,0,7,1,1,0,18,375,5,70,100,60,86,40,0,0,0,100,88,100,10,0,0,30,50,100,0,100,0,0,0,30,50,100,0,0,0,0,0,0,0,0,0,0,0,0,5,181,-100,-100,0,14,-1,-2,0,7,1,1,0,18,375
2,70,100,60,86,40,0,0,0,100,88,100,10,0,0,30,50,100,0,100,0,0,0,30,50,100,0,0,0,0,0,0,0,0,0,0,0,0,5,181,-100,-100,0,14,-1,-2,0,7,1,1,0,18,374,5,70,100,60,86,40,0,0,0,100,88,100,10,0,0,30,50,100,0,100,0,0,0,30,50,100,0,0,0,0,0,0,0,0,0,0,0,0,3,183,-100,-100,0,14,-1,-2,0,7,1,1,0,18,374
2,70,100,60,86,40,0,0,0,100,88,100,10,0,0,30,50,100,0,100,0,0,0,30,50,100,0,0,0,0,0,0,0,0,0,0,0,0,3,183,-100,-100,0,14,-1,-2,0,7,1,1,0,18,373,5,70,100,60,86,40,0,0,0,100,88,100,10,0,0,30,50,100,0,100,0,0,0,30,50,100,0,0,0,0,0,0,0,0,0,0,0,0,2,184,-100,-100,0,14,-1,-2,0,7,1,1,0,18,373
2,70,100,60,86,40,0,0,0,100,88,100,10,0,0,30,50,100,0,100,0,0,0,30,50,100,0,0,0,0,0,0,0,0,0,0,0,0,2,184,-100,-100,0,14,-1,-2,0,7,1,1,0,18,372,3,10,70,100,60,86,40,0,0,0,100,88,100,10,0,0,30,50,100,0,100,0,0,0,30,50,100,0,0,0,0,0,0,0,0,0,0,0,1,184,-100,-100,0,14,0,-2,0,7,2,1,0,18,372
2,10,70,100,60,86,40,0,0,0,100,88,100,10,0,0,30,50,100,0,100,0,0,0,30,50,100,0,0,0,0,0,0,0,0,0,0,0,1,184,-100,-100,0,14,0,-2,0,7,2,1,0,18,371,4,10,70,100,60,86,40,0,0,0,100,88,100,10,0,0,30,50,1,0,100,0,0,0,30,50,100,0,0,0,0,0,0,0,0,0,0,0,100,184,-100,-100,0,14,0,-2,0,7,2,1,0,18,371
2,10,70,100,60,86,40,0,0,0,100,88,100,10,0,0,30,50,1,0,100,0,0,0,30,50,100,0,0,0,0,0,0,0,0,0,0,0,100,184,-100,-100,0,14,0,-2,0,7,2,1,0,18,370,6,10,70,100,60,86,40,0,0,0,100,98,100,10,0,0,30,60,11,10,100,0,0,0,30,60,100,0,0,0,0,0,0,0,0,0,0,0,80,184,-100,-100,0,14,0,-2,0,7,2,1,0,18,370
2,10,70,100,60,86,40,0,0,0,100,98,100,10,0,0,30,60,11,10,100,0,0,0,30,60,100,0,0,0,0,0,0,0,0,0,0,0,80,184,-100,-100,0,14,0,-2,0,7,2,1,0,18,369,6,10,70,100,60,86,40,0,0,0,100,100,100,10,0,0,30,70,21,20,100,0,0,0,30,70,100,0,0,0,0,0,0,0,0,0,0,0,60,184,-100,-100,0,14,0,-2,0,7,2,1,0,18,369
2,10,70,100,60,86,40,0,0,0,100,100,100,10,0,0,30,70,21,20,100,0,0,0,30,70,100,0,0,0,0,0,0,0,0,0,0,0,60,184,-100,-100,0,14,0,-2,0,7,2,1,0,18,368,6,10,70,100,60,86,40,0,0,0,100,100,100,10,0,0,30,80,31,30,100,0,0,0,30,80,100,0,0,0,0,0,0,0,0,0,0,0,40,184,-100,-100,0,14,0,-2,0,7,2,1,0,18,368
2,10,70,100,60,86,40,0,0,0,100,100,100,10,0,0,30,80,31,30,100,0,0,0,30,80,100,0,0,0,0,0,0,0,0,0,0,0,40,184,-100,-100,0,14,0,-2,0,7,2,1,0,18,367,4,10,70,100,60,86,40,0,0,0,100,100,100,10,0,0,30,80,0,30,100,0,0,0,30,80,100,0,0,0,0,0,0,0,0,0,0,0,71,184,-100,-100,0,14,0,-2,0,7,2,1,0,18,367
2,10,70,100,60,86,40,0,0,0,100,100,100,10,0,0,30,80,0,30,100,0,0,0,30,80,100,0,0,0,0,0,0,0,0,0,0,0,71,184,-100,-100,0,14,0,-2,0,7,2,1,0,18,366,6,10,70,100,60,86,40,0,0,0,100,100,100,10,0,0,30,90,10,40,100,0,0,0,30,90,100,0,0,0,0,0,0,0,0,0,0,0,51,184,-100,-100,0,14,0,-2,0,7,2,1,0,18,366
2,10,70,100,60,86,40,0,0,0,100,100,100,10,0,0,30,90,10,40,100,0,0,0,30,90,100,0,0,0,0,0,0,0,0,0,0,0,51,184,-100,-100,0,14,0,-2,0,7,2,1,0,18,365,3,20,10,70,100,60,86,40,0,0,0,100,100,100,10,0,0,30,90,10,40,100,0,0,0,30,90,100,0,0,0,0,0,0,0,0,0,0,50,184,-3,-1,0,14,1,-2,0,7,3,1,0,18,365
2,20,10,70,100,60,86,40,0,0,0,100,100,100,10,0,0,30,90,10,40,100,0,0,0,30,90,100,0,0,0,0,0,0,0,0,0,0,50,184,-3,-1,0,14,1,-2,0,7,3,1,0,18,364,4,20,10,70,100,60,86,40,0,0,0,100,100,100,10,0,0,30,40,10,40,100,0,0,0,30,90,100,0,0,0,0,0,0,0,0,0,0,100,184,-3,-1,0,14,1,-2,0,7,3,1,0,18,364
2,20,10,70,100,60,86,40,0,0,0,100,100,100,10,0,0,30,40,10,40,100,0,0,0,30,90,100,0,0,0,0,0,0,0,0,0,0,100,184,-3,-1,0,14,1,-2,0,7,3,1,0,18,363,6,20,10,70,100,60,86,40,0,0,0,100,100,100,10,0,0,40,50,20,40,100,0,0,0,40,90,100,0,0,0,0,0,0,0,0,0,0,80,184,-3,-1,0,14,1,-2,0,7,3,1,0,18,363
2,20,10,70,100,60,86,40,0,0,0,100,100,100,10,0,0,40,50,20,40,100,0,0,0,40,90,100,0,0,0,0,0,0,0,0,0,0,80,184,-3,-1,0,14,1,-2,0,7,3,1,0,18,362,6,20,10,70,100,60,86,40,0,0,0,100,100,100,10,0,0,50,60,30,40,100,0,0,0,50,90,100,0,0,0,0,0,0,0,0,0,0,60,184,-3,-1,0,14,1,-2,0,7,3,1,0,18,362
2,20,10,70,100,60,86,40,0,0,0,100,100,100,10,0,0,50,60,30,40,100,0,0,0,50,90,100,0,0,0,0,0,0,0,0,0,0,60,184,-3,-1,0,14,1,-2,0,7,3,1,0,18,361,6,20,10,70,100,60,86,40,0,0,0,100,100,100,10,0,0,60,70,40,40,100,0,0,0,60,90,100,0,0,0,0,0,0,0,0,0,0,40,184,-3,-1,0,14,1,-2,0,7,3,1,0,18,361
2,20,10,70,100,60,86,40,0,0,0,100,100,100,10,0,0,60,70,40,40,100,0,0,0,60,90,100,0,0,0,0,0,0,0,0,0,0,40,184,-3,-1,0,14,1,-2,0,7,3,1,0,18,360,6,20,10,70,100,60,86,40,0,0,0,100,100,100,10,0,0,70,80,50,40,100,0,0,0,70,90,100,0,0,0,0,0,0,0,0,0,0,20,184,-3,-1,0,14,1,-2,0,7,3,1,0,18,360
2,20,10,70,100,60,86,40,0,0,0,100,100,100,10,0,0,70,80,50,40,100,0,0,0,70,90,100,0,0,0,0,0,0,0,0,0,0,20,184,-3,-1,0,14,1,-2,0,7,3,1,0,18,359,4,20,10,70,100,60,86,40,0,0,0,100,100,100,10,0,0,70,0,50,40,100,0,0,0,70,90,100,0,0,0,0,0,0,0,0,0,0,100,184,-3,-1,0,14,1,-2,0,7,3,1,0,18,359
2,20,10,70,100,60,86,40,0,0,0,100,100,100,10,0,0,70,0,50,40,100,0,0,0,70,90,100,0,0,0,0,0,0,0,0,0,0,100,184,-3,-1,0,14,1,-2,0,7,3,1,0,18,358,6,20,10,70,100,60,86,40,0,0,0,100,100,100,10,0,0,80,10,60,40,100,0,0,0,80,90,100,0,0,0,0,0,0,0,0,0,0,80,184,-3,-1,0,14,1,-2,0,7,3,1,0,18,358
2,20,10,70,100,60,86,40,0,0,0,100,100,100,10,0,0,80,10,60,40,100,0,0,0,80,90,100,0,0,0,0,0,0,0,0,0,0,80,184,-3,-1,0,14,1,-2,0,7,3,1,0,18,357,6,20,10,70,100,60,86,40,0,0,0,100,100,100,10,0,0,90,20,70,40,100,0,0,0,90,90,100,0,0,0,0,0,0,0,0,0,0,60,184,-3,-1,0,14,1,-2,0,7,3,1,0,18,357
2,20,10,70,100,60,86,40,0,0,0,100,100,100,10,0,0,90,20,70,40,100,0,0,0,90,90,100,0,0,0,0,0,0,0,0,0,0,60,184,-3,-1,0,14,1,-2,0,7,3,1,0,18,356,6,20,10,70,100,60,86,40,0,0,0,100,100,100,10,0,0,100,30,80,40,100,0,0,0,100,90,100,0,0,0,0,0,0,0,0,0,0,40,184,-3,-1,0,14,1,-2,0,7,3,1,0,18,356
2,20,10,70,100,60,86,40,0,0,0,100,100,100,10,0,0,100,30,80,40,100,0,0,0,100,90,100,0,0,0,0,0,0,0,0,0,0,40,184,-3,-1,0,14,1,-2,0,7,3,1,0,18,355,4,20,10,70,100,60,86,40,0,0,0,100,100,100,10,0,0,100,0,80,40,100,0,0,0,100,90,100,0,0,0,0,0,0,0,0,0,0,70,184,-3,-1,0,14,1,-2,0,7,3,1,0,18,355
2,20,10,70,100,60,86,40,0,0,0,100,100,100,10,0,0,100,0,80,40,100,0,0,0,100,90,100,0,0,0,0,0,0,0,0,0,0,70,184,-3,-1,0,14,1,-2,0,7,3,1,0,18,354,6,20,10,70,100,60,86,40,0,0,0,100,100,100,10,0,0,100,10,90,40,100,0,0,0,100,90,100,0,0,0,0,0,0,0,0,0,0,50,184,-3,-1,0,14,1,-2,0,7,3,1,0,18,354
2,20,10,70,100,60,86,40,0,0,0,100,100,100,10,0,0,100,10,90,40,100,0,0,0,100,90,100,0,0,0,0,0,0,0,0,0,0,50,184,-3,-1,0,14,1,-2,0,7,3,1,0,18,353,4,20,10,70,100,60,86,40,0,0,0,100,100,100,10,0,0,100,0,90,40,100,0,0,0,100,90,100,0,0,0,0,0,0,0,0,0,0,60,184,-3,-1,0,14,1,-2,0,7,3,1,0,18,353
2,20,10,70,100,60,86,40,0,0,0,100,100,100,10,0,0,100,0,90,40,100,0,0,0,100,90,100,0,0,0,0,0,0,0,0,0,0,60,184,-3,-1,0,14,1,-2,0,7,3,1,0,18,352,6,20,10,70,100,60,86,40,0,0,0,100,100,100,10,0,0,100,10,100,40,100,0,0,0,100,90,100,0,0,0,0,0,0,0,0,0,0,40,184,-3,-1,0,14,1,-2,0,7,3,1,0,18,352
2,20,10,70,100,60,86,40,0,0,0,100,100,100,10,0,0,100,10,100,40,100,0,0,0,100,90,100,0,0,0,0,0,0,0,0,0,0,40,184,-3,-1,0,14,1,-2,0,7,3,1,0,18,351,2,10,70,100,60,86,40,0,0,0,100,100,100,10,0,0,100,10,100,40,100,0,0,0,100,90,100,0,0,0,0,0,0,0,0,0,0,0,39,184,-100,-100,0,14,0,-2,0,7,2,1,0,18,351
2,10,70,100,60,86,40,0,0,0,100,100,100,10,0,0,100,10,100,40,100,0,0,0,100,90,100,0,0,0,0,0,0,0,0,0,0,0,39,184,-100,-100,0,14,0,-2,0,7,2,1,0,18,350,4,10,70,100,60,86,40,0,0,0,100,100,100,10,0,0,100,10,39,40,100,0,0,0,100,90,100,0,0,0,0,0,0,0,0,0,0,0,100,184,-100,-100,0,14,0,-2,0,7,2,1,0,18,350
2,10,70,100,60,86,40,0,0,0,100,100,100,10,0,0,100,10,39,40,100,0,0,0,100,90,100,0,0,0,0,0,0,0,0,0,0,0,100,184,-100,-100,0,14,0,-2,0,7,2,1,0,18,349,1,50,30,70,100,0,40,0,10,70,100,60,86,40,0,0,0,100,100,100,10,0,0,100,10,39,40,100,0,0,0,100,90,100,0,0,0,0,99,184,-100,-100,0,14,0,-1,0,7,2,2,0,18,349
2,50,30,70,100,0,40,0,10,70,100,60,86,40,0,0,0,100,100,100,10,0,0,100,10,39,40,100,0,0,0,100,90,100,0,0,0,0,99,184,-100,-100,0,14,0,-1,0,7,2,2,0,18,348,4,50,30,70,100,0,40,0,10,70,100,60,86,40,0,0,0,100,99,100,10,0,0,100,10,39,40,100,0,0,0,100,90,100,0,0,0,0,100,184,-100,-100,0,14,0,-1,0,7,2,2,0,18,348
2,50,30,70,100,0,40,0,10,70,100,60,86,40,0,0,0,100,99,100,10,0,0,100,10,39,40,100,0,0,0,100,90,100,0,0,0,0,100,184,-100,-100,0,14,0,-1,0,7,2,2,0,18,347,0,10,70,100,60,86,40,0,0,0,100,99,100,10,0,0,100,10,39,40,100,0,0,0,100,90,100,0,0,0,0,0,0,0,0,0,0,0,99,184,-100,-100,0,14,0,-2,0,7,2,1,0,18,347
2,10,70,100,60,86,40,0,0,0,100,99,100,10,0,0,100,10,39,40,100,0,0,0,100,90,100,0,0,0,0,0,0,0,0,0,0,0,99,184,-100,-100,0,14,0,-2,0,7,2,1,0,18,346,6,10,70,100,60,86,40,0,0,0,100,100,100,10,0,0,100,20,49,50,100,0,0,0,100,100,100,0,0,0,0,0,0,0,0,0,0,0,79,184,-100,-100,0,14,0,-2,0,7,2,1,0,18,346
2,10,70,100,60,86,40,0,0,0,100,100,100,10,0,0,100,20,49,50,100,0,0,0,100,100,100,0,0,0,0,0,0,0,0,0,0,0,79,184,-100,-100,0,14,0,-2,0,7,2,1,0,18,345,6,10,70,100,60,86,40,0,0,0,100,100,100,10,0,0,100,30,59,60,100,0,0,0,100,100,100,0,0,0,0,0,0,0,0,0,0,0,59,184,-100,-100,0,14,0,-2,0,7,2,1,0,18,345
2,10,70,100,60,86,40,0,0,0,100,100,100,10,0,0,100,30,59,60,100,0,0,0,100,100,100,0,0,0,0,0,0,0,0,0,0,0,59,184,-100,-100,0,14,0,-2,0,7,2,1,0,18,344,4,10,70,100,60,86,40,0,0,0,100,100,100,10,0,0,100,30,18,60,100,0,0,0,100,100,100,0,0,0,0,0,0,0,0,0,0,0,100,184,-100,-100,0,14,0,-2,0,7,2,1,0,18,344
2,10,70,100,60,86,40,0,0,0,100,100,100,10,0,0,100,30,18,60,100,0,0,0,100,100,100,0,0,0,0,0,0,0,0,0,0,0,100,184,-100,-100,0,14,0,-2,0,7,2,1,0,18,343,6,10,70,100,60,86,40,0,0,0,100,100,100,10,0,0,100,40,28,70,100,0,0,0,100,100,100,0,0,0,0,0,0,0,0,0,0,0,80,184,-100,-100,0,14,0,-2,0,7,2,1,0,18,343
2,10,70,100,60,86,40,0,0,0,100,100,100,10,0,0,100,40,28,70,100,0,0,0,100,100,100,0,0,0,0,0,0,0,0,0,0,0,80,184,-100,-100,0,14,0,-2,0,7,2,1,0,18,342,2,70,100,60,86,40,0,0,0,100,100,100,10,0,0,100,40,28,70,100,0,0,0,100,100,100,0,0,0,0,0,0,0,0,0,0,0,0,79,184,-100,-100,0,14,-1,-2,0,7,1,1,0,18,342
2,70,100,60,86,40,0,0,0,100,100,100,10,0,0,100,40,28,70,100,0,0,0,100,100,100,0,0,0,0,0,0,0,0,0,0,0,0,79,184,-100,-100,0,14,-1,-2,0,7,1,1,0,18,341,6,70,100,60,86,40,0,0,0,100,100,100,10,0,0,100,40,38,80,100,0,0,0,100,100,100,0,0,0,0,0,0,0,0,0,0,0,0,59,184,-100,-100,0,14,-1,-2,0,7,1,1,0,18,341
2,70,100,60,86,40,0,0,0,100,100,100,10,0,0,100,40,38,80,100,0,0,0,100,100,100,0,0,0,0,0,0,0,0,0,0,0,0,59,184,-100,-100,0,14,-1,-2,0,7,1,1,0,18,340,4,70,100,60,86,40,0,0,0,100,100,100,10,0,0,100,40,38,39,100,0,0,0,100,100,100,0,0,0,0,0,0,0,0,0,0,0,0,100,184,-100,-100,0,14,-1,-2,0,7,1,1,0,18,340
2,70,100,60,86,40,0,0,0,100,100,100,10,0,0,100,40,38,39,100,0,0,0,100,100,100,0,0,0,0,0,0,0,0,0,0,0,0,100,184,-100,-100,0,14,-1,-2,0,7,1,1,0,18,339,0,0,100,100,100,10,0,0,100,40,38,39,100,0,0,0,100,100,100,0,0,0,0,0,0,0,0,0,0,0,0,0,0,0,0,0,0,0,99,184,-100,-100,0,14,-100,-100,0,7,1,0,0,18,339
2,0,100,100,100,10,0,0,100,40,38,39,100,0,0,0,100,100,100,0,0,0,0,0,0,0,0,0,0,0,0,0,0,0,0,0,0,0,99,184,-100,-100,0,14,-100,-100,0,7,1,0,0,18,338,4,0,100,100,100,10,0,0,100,40,38,39,100,0,0,0,100,100,99,0,0,0,0,0,0,0,0,0,0,0,0,0,0,0,0,0,0,0,100,184,-100,-100,0,14,-100,-100,0,7,1,0,0,18,338
2,0,100,100,100,10,0,0,100,40,38,39,100,0,0,0,100,100,99,0,0,0,0,0,0,0,0,0,0,0,0,0,0,0,0,0,0,0,100,184,-100,-100,0,14,-100,-100,0,7,1,0,0,18,337,2,100,100,100,10,0,0,0,40,38,39,100,0,0,0,100,100,99,0,0,0,0,0,0,0,0,0,0,0,0,0,0,0,0,0,0,0,0,99,184,-100,-100,0,14,-100,-100,0,7,0,0,0,18,337
2,100,100,100,10,0,0,0,40,38,39,100,0,0,0,100,100,99,0,0,0,0,0,0,0,0,0,0,0,0,0,0,0,0,0,0,0,0,99,184,-100,-100,0,14,-100,-100,0,7,0,0,0,18,336,6,100,100,100,10,0,0,0,40,38,39,100,0,0,0,100,100,100,10,10,0,0,0,0,0,10,0,0,0,0,0,0,0,0,0,0,0,0,79,184,-100,-100,0,14,-100,-100,0,7,0,0,0,18,336
2,100,100,100,10,0,0,0,40,38,39,100,0,0,0,100,100,100,10,10,0,0,0,0,0,10,0,0,0,0,0,0,0,0,0,0,0,0,79,184,-100,-100,0,14,-100,-100,0,7,0,0,0,18,335,4,100,100,100,10,0,0,0,40,38,39,100,0,0,0,100,100,100,0,10,0,0,0,0,0,10,0,0,0,0,0,0,0,0,0,0,0,0,89,184,-100,-100,0,14,-100,-100,0,7,0,0,0,18,335
2,100,100,100,10,0,0,0,40,38,39,100,0,0,0,100,100,100,0,10,0,0,0,0,0,10,0,0,0,0,0,0,0,0,0,0,0,0,89,184,-100,-100,0,14,-100,-100,0,7,0,0,0,18,334,5,100,100,100,10,0,0,0,40,38,39,100,0,0,0,100,100,100,0,10,0,0,0,0,0,10,0,0,0,0,0,0,0,0,0,0,0,0,45,228,-100,-100,0,14,-100,-100,0,7,0,0,0,18,334
2,100,100,100,10,0,0,0,40,38,39,100,0,0,0,100,100,100,0,10,0,0,0,0,0,10,0,0,0,0,0,0,0,0,0,0,0,0,45,228,-100,-100,0,14,-100,-100,0,7,0,0,0,18,333,5,100,100,100,10,0,0,0,40,38,39,100,0,0,0,100,100,100,0,10,0,0,0,0,0,10,0,0,0,0,0,0,0,0,0,0,0,0,23,250,-100,-100,0,14,-100,-100,0,7,0,0,0,18,333
2,100,100,100,10,0,0,0,40,38,39,100,0,0,0,100,100,100,0,10,0,0,0,0,0,10,0,0,0,0,0,0,0,0,0,0,0,0,23,250,-100,-100,0,14,-100,-100,0,7,0,0,0,18,332,5,100,100,100,10,0,0,0,40,38,39,100,0,0,0,100,100,100,0,10,0,0,0,0,0,10,0,0,0,0,0,0,0,0,0,0,0,0,12,261,-100,-100,0,14,-100,-100,0,7,0,0,0,18,332
2,100,100,100,10,0,0,0,40,38,39,100,0,0,0,100,100,100,0,10,0,0,0,0,0,10,0,0,0,0,0,0,0,0,0,0,0,0,12,261,-100,-100,0,14,-100,-100,0,7,0,0,0,18,331,5,100,100,100,10,0,0,0,40,38,39,100,0,0,0,100,100,100,0,10,0,0,0,0,0,10,0,0,0,0,0,0,0,0,0,0,0,0,6,267,-100,-100,0,14,-100,-100,0,7,0,0,0,18,331
2,100,100,100,10,0,0,0,40,38,39,100,0,0,0,100,100,100,0,10,0,0,0,0,0,10,0,0,0,0,0,0,0,0,0,0,0,0,6,267,-100,-100,0,14,-100,-100,0,7,0,0,0,18,330,3,0,100,100,100,10,0,0,100,40,38,39,100,0,0,0,100,100,100,0,10,0,0,0,0,0,10,0,0,0,0,0,0,0,0,0,0,0,5,267,-100,-100,0,14,-100,-100,0,7,1,0,0,18,330
2,0,100,100,100,10,0,0,100,40,38,39,100,0,0,0,100,100,100,0,10,0,0,0,0,0,10,0,0,0,0,0,0,0,0,0,0,0,5,267,-100,-100,0,14,-100,-100,0,7,1,0,0,18,329,4,0,100,100,100,10,0,0,100,40,38,39,100,0,0,0,100,100,5,0,10,0,0,0,0,0,10,0,0,0,0,0,0,0,0,0,0,0,100,267,-100,-100,0,14,-100,-100,0,7,1,0,0,18,329
2,0,100,100,100,10,0,0,100,40,38,39,100,0,0,0,100,100,5,0,10,0,0,0,0,0,10,0,0,0,0,0,0,0,0,0,0,0,100,267,-100,-100,0,14,-100,-100,0,7,1,0,0,18,328,1,70,100,60,86,40,0,0,0,100,100,100,10,0,0,100,40,38,39,100,0,0,0,100,100,5,0,10,0,0,0,0,0,10,0,0,0,0,99,267,-100,-100,0,14,-1,-2,0,7,1,1,0,18,328
2,70,100,60,86,40,0,0,0,100,100,100,10,0,0,100,40,38,39,100,0,0,0,100,100,5,0,10,0,0,0,0,0,10,0,0,0,0,99,267,-100,-100,0,14,-1,-2,0,7,1,1,0,18,327,6,70,100,60,86,40,0,0,0,100,100,100,10,0,0,100,40,48,49,100,0,0,0,100,100,15,0,10,0,0,0,0,0,10,0,0,0,0,79,267,-100,-100,0,14,-1,-2,0,7,1,1,0,18,327
2,70,100,60,86,40,0,0,0,100,100,100,10,0,0,100,40,48,49,100,0,0,0,100,100,15,0,10,0,0,0,0,0,10,0,0,0,0,79,267,-100,-100,0,14,-1,-2,0,7,1,1,0,18,326,6,70,100,60,86,40,0,0,0,100,100,100,10,0,0,100,40,58,59,100,0,0,0,100,100,25,0,10,0,0,0,0,0,10,0,0,0,0,59,267,-100,-100,0,14,-1,-2,0,7,1,1,0,18,326
2,70,100,60,86,40,0,0,0,100,100,100,10,0,0,100,40,58,59,100,0,0,0,100,100,25,0,10,0,0,0,0,0,10,0,0,0,0,59,267,-100,-100,0,14,-1,-2,0,7,1,1,0,18,325,6,70,100,60,86,40,0,0,0,100,100,100,10,0,0,100,40,68,69,100,0,0,0,100,100,35,0,10,0,0,0,0,0,10,0,0,0,0,39,267,-100,-100,0,14,-1,-2,0,7,1,1,0,18,325
2,70,100,60,86,40,0,0,0,100,100,100,10,0,0,100,40,68,69,100,0,0,0,100,100,35,0,10,0,0,0,0,0,10,0,0,0,0,39,267,-100,-100,0,14,-1,-2,0,7,1,1,0,18,324,4,70,100,60,86,40,0,0,0,100,100,100,10,0,0,100,40,68,8,100,0,0,0,100,100,35,0,10,0,0,0,0,0,10,0,0,0,0,100,267,-100,-100,0,14,-1,-2,0,7,1,1,0,18,324
2,70,100,60,86,40,0,0,0,100,100,100,10,0,0,100,40,68,8,100,0,0,0,100,100,35,0,10,0,0,0,0,0,10,0,0,0,0,100,267,-100,-100,0,14,-1,-2,0,7,1,1,0,18,323,2,100,60,86,40,0,0,0,100,100,100,10,0,0,0,40,68,8,100,0,0,0,100,100,35,0,10,0,0,0,0,0,10,0,0,0,0,0,99,267,-100,-100,0,14,-2,-2,0,7,0,1,0,18,323
2,100,60,86,40,0,0,0,100,100,100,10,0,0,0,40,68,8,100,0,0,0,100,100,35,0,10,0,0,0,0,0,10,0,0,0,0,0,99,267,-100,-100,0,14,-2,-2,0,7,0,1,0,18,322,4,100,60,86,40,0,0,0,100,100,100,10,0,0,0,40,68,8,99,0,0,0,100,100,35,0,10,0,0,0,0,0,10,0,0,0,0,0,100,267,-100,-100,0,14,-2,-2,0,7,0,1,0,18,322
2,100,60,86,40,0,0,0,100,100,100,10,0,0,0,40,68,8,99,0,0,0,100,100,35,0,10,0,0,0,0,0,10,0,0,0,0,0,100,267,-100,-100,0,14,-2,-2,0,7,0,1,0,18,321,3,70,100,60,86,40,0,0,0,100,100,100,10,0,0,100,40,68,8,99,0,0,0,100,100,35,0,10,0,0,0,0,0,10,0,0,0,0,99,267,-100,-100,0,14,-1,-2,0,7,1,1,0,18,321
2,70,100,60,86,40,0,0,0,100,100,100,10,0,0,100,40,68,8,99,0,0,0,100,100,35,0,10,0,0,0,0,0,10,0,0,0,0,99,267,-100,-100,0,14,-1,-2,0,7,1,1,0,18,320,6,70,100,60,86,40,0,0,0,100,100,100,10,0,0,100,40,78,18,100,0,0,0,100,100,45,0,10,0,0,0,0,0,10,0,0,0,0,79,267,-100,-100,0,14,-1,-2,0,7,1,1,0,18,320
2,70,100,60,86,40,0,0,0,100,100,100,10,0,0,100,40,78,18,100,0,0,0,100,100,45,0,10,0,0,0,0,0,10,0,0,0,0,79,267,-100,-100,0,14,-1,-2,0,7,1,1,0,18,319,3,10,70,100,60,86,40,0,0,0,100,100,100,10,0,0,100,40,78,18,100,0,0,0,100,100,45,0,10,0,0,0,0,0,10,0,0,0,78,267,-100,-100,0,14,0,-2,0,7,2,1,0,18,319
2,10,70,100,60,86,40,0,0,0,100,100,100,10,0,0,100,40,78,18,100,0,0,0,100,100,45,0,10,0,0,0,0,0,10,0,0,0,78,267,-100,-100,0,14,0,-2,0,7,2,1,0,18,318,3,20,10,70,100,60,86,40,0,0,0,100,100,100,10,0,0,100,40,78,18,100,0,0,0,100,100,45,0,0,0,0,0,0,0,10,0,0,77,267,-3,-1,0,14,1,-2,0,7,3,1,0,18,318
2,20,10,70,100,60,86,40,0,0,0,100,100,100,10,0,0,100,40,78,18,100,0,0,0,100,100,45,0,0,0,0,0,0,0,10,0,0,77,267,-3,-1,0,14,1,-2,0,7,3,1,0,18,317,5,20,10,70,100,60,86,40,0,0,0,100,100,100,10,0,0,100,40,78,18,100,0,0,0,100,100,45,0,0,0,0,0,0,0,10,0,0,39,305,-3,-1,0,14,1,-2,0,7,3,1,0,18,317
2,20,10,70,100,60,86,40,0,0,0,100,100,100,10,0,0,100,40,78,18,100,0,0,0,100,100,45,0,0,0,0,0,0,0,10,0,0,39,305,-3,-1,0,14,1,-2,0,7,3,1,0,18,316,5,20,10,70,100,60,86,40,0,0,0,100,100,100,10,0,0,100,40,78,18,100,0,0,0,100,100,45,0,0,0,0,0,0,0,10,0,0,20,324,-3,-1,0,14,1,-2,0,7,3,1,0,18,316
2,20,10,70,100,60,86,40,0,0,0,100,100,100,10,0,0,100,40,78,18,100,0,0,0,100,100,45,0,0,0,0,0,0,0,10,0,0,20,324,-3,-1,0,14,1,-2,0,7,3,1,0,18,315,5,20,10,70,100,60,86,40,0,0,0,100,100,100,10,0,0,100,40,78,18,100,0,0,0,100,100,45,0,0,0,0,0,0,0,10,0,0,10,334,-3,-1,0,14,1,-2,0,7,3,1,0,18,315
2,20,10,70,100,60,86,40,0,0,0,100,100,100,10,0,0,100,40,78,18,100,0,0,0,100,100,45,0,0,0,0,0,0,0,10,0,0,10,334,-3,-1,0,14,1,-2,0,7,3,1,0,18,314,3,0,20,10,70,100,60,86,0,0,0,0,100,100,100,0,0,0,100,40,78,18,0,0,0,0,100,100,45,0,0,0,0,0,0,0,0,0,9,334,-2,-1,0,14,2,-2,0,7,-100,-100,0,18,314
2,0,20,10,70,100,60,86,0,0,0,0,100,100,100,0,0,0,100,40,78,18,0,0,0,0,100,100,45,0,0,0,0,0,0,0,0,0,9,334,-2,-1,0,14,2,-2,0,7,-100,-100,0,18,313,0,0,0,0,0,100,100,100,0,0,0,100,40,78,18,0,0,0,0,100,100,45,0,0,0,0,0,0,0,0,0,0,0,0,0,0,0,0,8,334,-2,-2,0,14,-100,-100,0,7,-100,-100,0,18,313
2,0,0,0,0,100,100,100,0,0,0,100,40,78,18,0,0,0,0,100,100,45,0,0,0,0,0,0,0,0,0,0,0,0,0,0,0,0,8,334,-2,-2,0,14,-100,-100,0,7,-100,-100,0,18,312,1,0,20,10,70,100,60,86,0,0,0,0,100,100,100,0,0,0,100,40,78,18,0,0,0,0,100,100,45,0,0,0,0,0,0,0,0,0,7,334,-2,-1,0,14,2,-2,0,7,-100,-100,0,18,312
2,0,20,10,70,100,60,86,0,0,0,0,100,100,100,0,0,0,100,40,78,18,0,0,0,0,100,100,45,0,0,0,0,0,0,0,0,0,7,334,-2,-1,0,14,2,-2,0,7,-100,-100,0,18,311,5,0,20,10,70,100,60,86,0,0,0,0,100,100,100,0,0,0,100,40,78,18,0,0,0,0,100,100,45,0,0,0,0,0,0,0,0,0,4,337,-2,-1,0,14,2,-2,0,7,-100,-100,0,18,311
2,0,20,10,70,100,60,86,0,0,0,0,100,100,100,0,0,0,100,40,78,18,0,0,0,0,100,100,45,0,0,0,0,0,0,0,0,0,4,337,-2,-1,0,14,2,-2,0,7,-100,-100,0,18,310,1,20,10,50,30,70,100,0,0,20,10,70,100,60,86,0,0,0,0,100,100,100,0,0,0,100,40,78,18,0,0,0,0,100,100,45,0,0,3,337,-2,0,0,14,2,-1,0,7,-100,-100,0,18,310
2,20,10,50,30,70,100,0,0,20,10,70,100,60,86,0,0,0,0,100,100,100,0,0,0,100,40,78,18,0,0,0,0,100,100,45,0,0,3,337,-2,0,0,14,2,-1,0,7,-100,-100,0,18,309,3,0,20,10,50,30,70,100,0,0,20,10,70,100,60,0,0,0,0,0,100,100,0,0,0,0,100,40,78,0,0,0,0,0,100,100,0,0,2,337,-1,0,0,14,3,-1,0,7,-100,-100,0,18,309
2,0,20,10,50,30,70,100,0,0,20,10,70,100,60,0,0,0,0,0,100,100,0,0,0,0,100,40,78,0,0,0,0,0,100,100,0,0,2,337,-1,0,0,14,3,-1,0,7,-100,-100,0,18,308,3,0,0,20,10,50,30,70,0,0,0,20,10,70,100,0,0,0,0,0,0,100,0,0,0,0,0,100,40,0,0,0,0,0,0,100,0,0,1,337,0,0,0,14,-100,-100,0,7,-100,-100,0,18,308
2,0,0,20,10,50,30,70,0,0,0,20,10,70,100,0,0,0,0,0,0,100,0,0,0,0,0,100,40,0,0,0,0,0,0,100,0,0,1,337,0,0,0,14,-100,-100,0,7,-100,-100,0,18,307,3,0,0,0,20,10,50,30,0,0,0,0,20,10,70,0,0,0,0,0,0,0,0,0,0,0,0,0,100,0,0,0,0,0,0,0,0,0,0,337,1,0,0,14,-100,-100,0,7,-100,-100,0,18,307
