0,0,-100,-100,-100,0,0,-100,-100,-100,0,0,-100,-100,-100,0,0,-100,-100,-100,0,0,-100,-100,-100,0,0,-100,-100,-100,0,0,-100,-100,-100,0,0,-100,-100,-100,0,0,-100,-100,-100,0,0,-100,-100,-100,0,0,-100,-100,-100,0,0,-100,-100,-100,0,0,-100,-100,-100,0,0,-100,-100,-100,0,0,-100,-100,-100,0,0,-100,-100,-100,0,0,-100,-100,-100,0,0,100,0,-100,0,0,-100,-100,-100,0,0,-100,-100,-100,0,0,-100,-100,-100,0,0,-100,-100,-100,0,0,-100,-100,-100,0,0,-100,-100,-100,0,0,-100,-100,-100,0,0,100,0,-100,0,0,-100,-100,-100,0,0,-100,-100,-100,0,0,-100,-100,-100,0,0,-100,-100,-100,0,0,-100,-100,-100,0,0,-100,-100,-100,0,0,-100,-100,-100,0,0,100,0,-100,0,0,-100,-100,-100,0,5,0,-100,-100,-100,0,0,-100,-100,-100,0,0,-100,-100,-100,0,0,-100,-100,-100,0,0,-100,-100,-100,0,0,-100,-100,-100,0,0,-100,-100,-100,0,0,-100,-100,-100,0,0,-100,-100,-100,0,0,-100,-100,-100,0,0,-100,-100,-100,0,0,-100,-100,-100,0,0,-100,-100,-100,0,0,-100,-100,-100,0,0,-100,-100,-100,0,0,-100,-100,-100,0,0,-100,-100,-100,0,0,50,50,-100,0,0,-100,-100,-100,0,0,-100,-100,-100,0,0,-100,-100,-100,0,0,-100,-100,-100,0,0,-100,-100,-100,0,0,-100,-100,-100,0,0,-100,-100,-100,0,0,100,0,-100,0,0,-100,-100,-100,0,0,-100,-100,-100,0,0,-100,-100,-100,0,0,-100,-100,-100,0,0,-100,-100,-100,0,0,-100,-100,-100,0,0,-100,-100,-100,0,0,100,0,-100,0,0,-100,-100,-100,0
1,0,-100,-100,-100,0,0,-100,-100,-100,0,0,-100,-100,-100,0,0,-100,-100,-100,0,0,-100,-100,-100,0,0,-100,-100,-100,0,0,-100,-100,-100,0,0,-100,-100,-100,0,0,-100,-100,-100,0,0,50,50,-100,0,0,-100,-100,-100,0,0,-100,-100,-100,0,0,-100,-100,-100,0,0,-100,-100,-100,0,0,-100,-100,-100,0,0,-100,-100,-100,0,0,-100,-100,-100,0,0,100,0,-100,0,0,-100,-100,-100,0,0,-100,-100,-100,0,0,-100,-100,-100,0,0,-100,-100,-100,0,0,-100,-100,-100,0,0,-100,-100,-100,0,0,-100,-100,-100,0,0,100,0,-100,0,0,-100,-100,-100,0,0,-100,-100,-100,0,0,-100,-100,-100,0,0,-100,-100,-100,0,0,-100,-100,-100,0,0,-100,-100,-100,0,0,-100,-100,-100,0,0,100,0,-100,0,0,-100,-100,-100,0,5,0,-100,-100,-100,0,0,-100,-100,-100,0,0,-100,-100,-100,0,0,-100,-100,-100,0,0,-100,-100,-100,0,0,-100,-100,-100,0,0,-100,-100,-100,0,0,-100,-100,-100,0,0,-100,-100,-100,0,0,50,50,-100,0,0,-100,-100,-100,0,0,-100,-100,-100,0,0,-100,-100,-100,0,0,-100,-100,-100,0,0,-100,-100,-100,0,0,-100,-100,-100,0,0,-100,-100,-100,0,0,50,50,-100,0,0,-100,-100,-100,0,0,-100,-100,-100,0,0,-100,-100,-100,0,0,-100,-100,-100,0,0,-100,-100,-100,0,0,-100,-100,-100,0,0,-100,-100,-100,0,0,100,0,-100,0,0,-100,-100,-100,0,0,-100,-100,-100,0,0,-100,-100,-100,0,0,-100,-100,-100,0,0,-100,-100,-100,0,0,-100,-100,-100,0,0,-100,-100,-100,0,0,100,0,-100,0,0,-100,-100,-100,0
2,0,-100,-100,-100,0,0,50,50,-100,0,0,-100,-100,-100,0,0,-100,-100,-100,0,0,-100,-100,-100,0,0,-100,-100,-100,0,0,-100,-100,-100,0,0,-100,-100,-100,0,0,-100,-100,-100,0,0,50,50,-100,0,0,-100,-100,-100,0,0,-100,-100,-100,0,0,-100,-100,-100,0,0,-100,-100,-100,0,0,-100,-100,-100,0,0,-100,-100,-100,0,0,-100,-100,-100,0,0,100,0,-100,0,0,-100,-100,-100,0,0,-100,-100,-100,0,0,-100,-100,-100,0,0,-100,-100,-100,0,0,-100,-100,-100,0,0,-100,-100,-100,0,0,-100,-100,-100,0,0,100,0,-100,0,0,-100,-100,-100,0,0,-100,-100,-100,0,0,-100,-100,-100,0,0,-100,-100,-100,0,0,-100,-100,-100,0,0,-100,-100,-100,0,0,-100,-100,-100,0,0,-100,-100,-100,0,0,-100,-100,-100,0,5,0,-100,-100,-100,0,0,50,50,-100,0,0,-100,-100,-100,0,0,-100,-100,-100,0,0,-100,-100,-100,0,0,-100,-100,-100,0,0,-100,-100,-100,0,0,-100,-100,-100,0,0,-100,-100,-100,0,0,50,50,-100,0,0,-100,-100,-100,0,0,-100,-100,-100,0,0,-100,-100,-100,0,0,-100,-100,-100,0,0,-100,-100,-100,0,0,-100,-100,-100,0,0,-100,-100,-100,0,0,50,50,-100,0,0,-100,-100,-100,0,0,-100,-100,-100,0,0,-100,-100,-100,0,0,-100,-100,-100,0,0,-100,-100,-100,0,0,-100,-100,-100,0,0,-100,-100,-100,0,0,100,0,-100,0,0,-100,-100,-100,0,0,-100,-100,-100,0,0,-100,-100,-100,0,0,-100,-100,-100,0,0,-100,-100,-100,0,0,-100,-100,-100,0,0,-100,-100,-100,0,0,-100,-100,-100,0,0,-100,-100,-100,0
3,0,-100,-100,-100,0,0,50,50,-100,0,0,-100,-100,-100,0,0,-100,-100,-100,0,0,-100,-100,-100,0,0,-100,-100,-100,0,0,-100,-100,-100,0,0,-100,-100,-100,0,0,-100,-100,-100,0,0,50,50,-100,0,0,-100,-100,-100,0,0,-100,-100,-100,0,0,-100,-100,-100,0,0,-100,-100,-100,0,0,-100,-100,-100,0,0,-100,-100,-100,0,0,-100,-100,-100,0,0,100,0,-100,0,0,-100,-100,-100,0,0,-100,-100,-100,0,0,-100,-100,-100,0,0,-100,-100,-100,0,0,-100,-100,-100,0,0,-100,-100,-100,0,0,-100,-100,-100,0,0,-100,-100,-100,0,0,-100,-100,-100,0,0,-100,-100,-100,0,0,-100,-100,-100,0,0,-100,-100,-100,0,0,-100,-100,-100,0,0,-100,-100,-100,0,0,-100,-100,-100,0,0,-100,-100,-100,0,0,-100,-100,-100,0,5,0,-100,-100,-100,0,0,50,50,-100,0,0,-100,-100,-100,0,0,-100,-100,-100,0,0,-100,-100,-100,0,0,-100,-100,-100,0,0,-100,-100,-100,0,0,-100,-100,-100,0,0,-100,-100,-100,0,0,50,50,-100,0,0,-100,-100,-100,0,0,-100,-100,-100,0,0,-100,-100,-100,0,0,-100,-100,-100,0,0,-100,-100,-100,0,0,-100,-100,-100,0,0,-100,-100,-100,0,0,50,50,-100,0,0,-100,-100,-100,0,0,-100,-100,-100,0,0,-100,-100,-100,0,0,-100,-100,-100,0,0,-100,-100,-100,0,0,-100,-100,-100,0,0,-100,-100,-100,0,0,-100,-100,-100,0,0,-100,-100,-100,0,0,-100,-100,-100,0,0,-100,-100,-100,0,0,-100,-100,-100,0,0,-100,-100,-100,0,0,-100,-100,-100,0,0,-100,-100,-100,0,0,-100,-100,-100,0,0,-100,-100,-100,0
0,0,-100,-100,-100,0,0,-100,-100,-100,0,0,-100,-100,-100,0,0,-100,-100,-100,0,0,-100,-100,-100,0,0,-100,-100,-100,0,0,-100,-100,-100,0,0,-100,-100,-100,0,0,-100,-100,-100,0,0,-100,-100,-100,0,0,-100,-100,-100,0,0,-100,-100,-100,0,0,-100,-100,-100,0,0,-100,-100,-100,0,0,-100,-100,-100,0,0,-100,-100,-100,0,0,-100,-100,-100,0,0,50,50,-100,0,0,-100,-100,-100,0,0,-100,-100,-100,0,0,-100,-100,-100,0,0,-100,-100,-100,0,0,-100,-100,-100,0,0,-100,-100,-100,0,0,-100,-100,-100,0,0,50,50,-100,0,0,-100,-100,-100,0,0,-100,-100,-100,0,0,-100,-100,-100,0,0,-100,-100,-100,0,0,-100,-100,-100,0,0,-100,-100,-100,0,0,-100,-100,-100,0,0,50,50,-100,0,0,-100,-100,-100,0,5,0,-100,-100,-100,0,0,-100,-100,-100,0,0,-100,-100,-100,0,0,-100,-100,-100,0,0,-100,-100,-100,0,0,-100,-100,-100,0,0,-100,-100,-100,0,0,-100,-100,-100,0,0,-100,-100,-100,0,0,-100,-100,-100,0,0,-100,-100,-100,0,0,-100,-100,-100,0,0,-100,-100,-100,0,0,-100,-100,-100,0,0,-100,-100,-100,0,0,-100,-100,-100,0,0,-100,-100,-100,0,0,25,75,-100,0,0,-100,-100,-100,0,0,-100,-100,-100,0,0,-100,-100,-100,0,0,-100,-100,-100,0,0,-100,-100,-100,0,0,-100,-100,-100,0,0,-100,-100,-100,0,0,50,50,-100,0,0,-100,-100,-100,0,0,-100,-100,-100,0,0,-100,-100,-100,0,0,-100,-100,-100,0,0,-100,-100,-100,0,0,-100,-100,-100,0,0,-100,-100,-100,0,0,50,50,-100,0,0,-100,-100,-100,0
1,0,-100,-100,-100,0,0,-100,-100,-100,0,0,-100,-100,-100,0,0,-100,-100,-100,0,0,-100,-100,-100,0,0,-100,-100,-100,0,0,-100,-100,-100,0,0,-100,-100,-100,0,0,-100,-100,-100,0,0,25,75,-100,0,0,-100,-100,-100,0,0,-100,-100,-100,0,0,-100,-100,-100,0,0,-100,-100,-100,0,0,-100,-100,-100,0,0,-100,-100,-100,0,0,-100,-100,-100,0,0,50,50,-100,0,0,-100,-100,-100,0,0,-100,-100,-100,0,0,-100,-100,-100,0,0,-100,-100,-100,0,0,-100,-100,-100,0,0,-100,-100,-100,0,0,-100,-100,-100,0,0,50,50,-100,0,0,-100,-100,-100,0,0,-100,-100,-100,0,0,-100,-100,-100,0,0,-100,-100,-100,0,0,-100,-100,-100,0,0,-100,-100,-100,0,0,-100,-100,-100,0,0,50,50,-100,0,0,-100,-100,-100,0,3,0,-100,-100,-100,0,0,-100,-100,-100,0,0,-100,-100,-100,0,0,-100,-100,-100,0,0,-100,-100,-100,0,0,-100,-100,-100,0,0,-100,-100,-100,0,0,-100,-100,-100,0,0,-100,-100,-100,0,0,-100,-100,-100,0,0,25,75,-100,0,0,-100,-100,-100,0,0,-100,-100,-100,0,0,-100,-100,-100,0,0,-100,-100,-100,0,0,-100,-100,-100,0,0,-100,-100,-100,0,0,49,50,-100,0,0,-100,-100,-100,0,0,-100,-100,-100,0,0,-100,-100,-100,0,0,-100,-100,-100,0,0,-100,-100,-100,0,0,-100,-100,-100,0,0,-100,-100,-100,0,0,-100,-100,-100,0,0,50,50,-100,0,0,-100,-100,-100,0,0,-100,-100,-100,0,0,-100,-100,-100,0,0,-100,-100,-100,0,0,-100,-100,-100,0,0,-100,-100,-100,0,0,-100,-100,-100,0,0,50,50,-100,0
2,0,-100,-100,-100,0,0,25,75,-100,0,0,-100,-100,-100,0,0,-100,-100,-100,0,0,-100,-100,-100,0,0,-100,-100,-100,0,0,-100,-100,-100,0,0,-100,-100,-100,0,0,49,50,-100,0,0,-100,-100,-100,0,0,-100,-100,-100,0,0,-100,-100,-100,0,0,-100,-100,-100,0,0,-100,-100,-100,0,0,-100,-100,-100,0,0,-100,-100,-100,0,0,-100,-100,-100,0,0,50,50,-100,0,0,-100,-100,-100,0,0,-100,-100,-100,0,0,-100,-100,-100,0,0,-100,-100,-100,0,0,-100,-100,-100,0,0,-100,-100,-100,0,0,-100,-100,-100,0,0,50,50,-100,0,0,-100,-100,-100,0,0,-100,-100,-100,0,0,-100,-100,-100,0,0,-100,-100,-100,0,0,-100,-100,-100,0,0,-100,-100,-100,0,0,-100,-100,-100,0,0,-100,-100,-100,0,0,-100,-100,-100,0,5,0,-100,-100,-100,0,0,25,75,-100,0,0,-100,-100,-100,0,0,-100,-100,-100,0,0,-100,-100,-100,0,0,-100,-100,-100,0,0,-100,-100,-100,0,0,-100,-100,-100,0,0,49,50,-100,0,0,-100,-100,-100,0,0,-100,-100,-100,0,0,-100,-100,-100,0,0,-100,-100,-100,0,0,-100,-100,-100,0,0,-100,-100,-100,0,0,-100,-100,-100,0,0,-100,-100,-100,0,0,25,75,-100,0,0,-100,-100,-100,0,0,-100,-100,-100,0,0,-100,-100,-100,0,0,-100,-100,-100,0,0,-100,-100,-100,0,0,-100,-100,-100,0,0,-100,-100,-100,0,0,50,50,-100,0,0,-100,-100,-100,0,0,-100,-100,-100,0,0,-100,-100,-100,0,0,-100,-100,-100,0,0,-100,-100,-100,0,0,-100,-100,-100,0,0,-100,-100,-100,0,0,-100,-100,-100,0,0,-100,-100,-100,0
3,0,49,50,-100,0,0,-100,-100,-100,0,0,-100,-100,-100,0,0,-100,-100,-100,0,0,-100,-100,-100,0,0,-100,-100,-100,0,0,-100,-100,-100,0,0,-100,-100,-100,0,0,-100,-100,-100,0,0,25,75,-100,0,0,-100,-100,-100,0,0,-100,-100,-100,0,0,-100,-100,-100,0,0,-100,-100,-100,0,0,-100,-100,-100,0,0,-100,-100,-100,0,0,-100,-100,-100,0,0,50,50,-100,0,0,-100,-100,-100,0,0,-100,-100,-100,0,0,-100,-100,-100,0,0,-100,-100,-100,0,0,-100,-100,-100,0,0,-100,-100,-100,0,0,-100,-100,-100,0,0,-100,-100,-100,0,0,-100,-100,-100,0,0,-100,-100,-100,0,0,-100,-100,-100,0,0,-100,-100,-100,0,0,-100,-100,-100,0,0,-100,-100,-100,0,0,-100,-100,-100,0,0,-100,-100,-100,0,0,-100,-100,-100,0,5,0,49,50,-100,0,0,-100,-100,-100,0,0,-100,-100,-100,0,0,-100,-100,-100,0,0,-100,-100,-100,0,0,-100,-100,-100,0,0,-100,-100,-100,0,0,-100,-100,-100,0,0,-100,-100,-100,0,0,25,75,-100,0,0,-100,-100,-100,0,0,-100,-100,-100,0,0,-100,-100,-100,0,0,-100,-100,-100,0,0,-100,-100,-100,0,0,-100,-100,-100,0,0,-100,-100,-100,0,0,25,75,-100,0,0,-100,-100,-100,0,0,-100,-100,-100,0,0,-100,-100,-100,0,0,-100,-100,-100,0,0,-100,-100,-100,0,0,-100,-100,-100,0,0,-100,-100,-100,0,0,-100,-100,-100,0,0,-100,-100,-100,0,0,-100,-100,-100,0,0,-100,-100,-100,0,0,-100,-100,-100,0,0,-100,-100,-100,0,0,-100,-100,-100,0,0,-100,-100,-100,0,0,-100,-100,-100,0,0,-100,-100,-100,0
0,0,-100,-100,-100,0,0,-100,-100,-100,0,0,-100,-100,-100,0,0,-100,-100,-100,0,0,-100,-100,-100,0,0,-100,-100,-100,0,0,-100,-100,-100,0,0,-100,-100,-100,0,0,-100,-100,-100,0,0,-100,-100,-100,0,0,-100,-100,-100,0,0,-100,-100,-100,0,0,-100,-100,-100,0,0,-100,-100,-100,0,0,-100,-100,-100,0,0,-100,-100,-100,0,0,-100,-100,-100,0,0,25,75,-100,0,0,-100,-100,-100,0,0,-100,-100,-100,0,0,-100,-100,-100,0,0,-100,-100,-100,0,0,-100,-100,-100,0,0,-100,-100,-100,0,0,49,50,-100,0,0,-100,-100,-100,0,0,-100,-100,-100,0,0,-100,-100,-100,0,0,-100,-100,-100,0,0,-100,-100,-100,0,0,-100,-100,-100,0,0,-100,-100,-100,0,0,-100,-100,-100,0,0,25,75,-100,0,0,-100,-100,-100,0,5,0,-100,-100,-100,0,0,-100,-100,-100,0,0,-100,-100,-100,0,0,-100,-100,-100,0,0,-100,-100,-100,0,0,-100,-100,-100,0,0,-100,-100,-100,0,0,-100,-100,-100,0,0,-100,-100,-100,0,0,-100,-100,-100,0,0,-100,-100,-100,0,0,-100,-100,-100,0,0,-100,-100,-100,0,0,-100,-100,-100,0,0,-100,-100,-100,0,0,-100,-100,-100,0,0,-100,-100,-100,0,0,13,87,-100,0,0,-100,-100,-100,0,0,-100,-100,-100,0,0,-100,-100,-100,0,0,-100,-100,-100,0,0,-100,-100,-100,0,0,-100,-100,-100,0,0,49,50,-100,0,0,-100,-100,-100,0,0,-100,-100,-100,0,0,-100,-100,-100,0,0,-100,-100,-100,0,0,-100,-100,-100,0,0,-100,-100,-100,0,0,-100,-100,-100,0,0,-100,-100,-100,0,0,25,75,-100,0,0,-100,-100,-100,0
1,0,-100,-100,-100,0,0,-100,-100,-100,0,0,-100,-100,-100,0,0,-100,-100,-100,0,0,-100,-100,-100,0,0,-100,-100,-100,0,0,-100,-100,-100,0,0,-100,-100,-100,0,0,-100,-100,-100,0,0,-100,-100,-100,0,0,13,87,-100,0,0,-100,-100,-100,0,0,-100,-100,-100,0,0,-100,-100,-100,0,0,-100,-100,-100,0,0,-100,-100,-100,0,0,-100,-100,-100,0,0,49,50,-100,0,0,-100,-100,-100,0,0,-100,-100,-100,0,0,-100,-100,-100,0,0,-100,-100,-100,0,0,-100,-100,-100,0,0,-100,-100,-100,0,0,-100,-100,-100,0,0,-100,-100,-100,0,0,25,75,-100,0,0,-100,-100,-100,0,0,-100,-100,-100,0,0,-100,-100,-100,0,0,-100,-100,-100,0,0,-100,-100,-100,0,0,-100,-100,-100,0,0,-100,-100,-100,0,0,25,75,-100,0,5,0,-100,-100,-100,0,0,-100,-100,-100,0,0,-100,-100,-100,0,0,-100,-100,-100,0,0,-100,-100,-100,0,0,-100,-100,-100,0,0,-100,-100,-100,0,0,-100,-100,-100,0,0,-100,-100,-100,0,0,-100,-100,-100,0,0,13,87,-100,0,0,-100,-100,-100,0,0,-100,-100,-100,0,0,-100,-100,-100,0,0,-100,-100,-100,0,0,-100,-100,-100,0,0,-100,-100,-100,0,0,25,74,-100,0,0,-100,-100,-100,0,0,-100,-100,-100,0,0,-100,-100,-100,0,0,-100,-100,-100,0,0,-100,-100,-100,0,0,-100,-100,-100,0,0,-100,-100,-100,0,0,-100,-100,-100,0,0,25,75,-100,0,0,-100,-100,-100,0,0,-100,-100,-100,0,0,-100,-100,-100,0,0,-100,-100,-100,0,0,-100,-100,-100,0,0,-100,-100,-100,0,0,-100,-100,-100,0,0,25,75,-100,0
2,0,-100,-100,-100,0,0,13,87,-100,0,0,-100,-100,-100,0,0,-100,-100,-100,0,0,-100,-100,-100,0,0,-100,-100,-100,0,0,-100,-100,-100,0,0,-100,-100,-100,0,0,25,74,-100,0,0,-100,-100,-100,0,0,-100,-100,-100,0,0,-100,-100,-100,0,0,-100,-100,-100,0,0,-100,-100,-100,0,0,-100,-100,-100,0,0,-100,-100,-100,0,0,-100,-100,-100,0,0,25,75,-100,0,0,-100,-100,-100,0,0,-100,-100,-100,0,0,-100,-100,-100,0,0,-100,-100,-100,0,0,-100,-100,-100,0,0,-100,-100,-100,0,0,-100,-100,-100,0,0,25,75,-100,0,0,-100,-100,-100,0,0,-100,-100,-100,0,0,-100,-100,-100,0,0,-100,-100,-100,0,0,-100,-100,-100,0,0,-100,-100,-100,0,0,-100,-100,-100,0,0,-100,-100,-100,0,0,-100,-100,-100,0,5,0,-100,-100,-100,0,0,13,87,-100,0,0,-100,-100,-100,0,0,-100,-100,-100,0,0,-100,-100,-100,0,0,-100,-100,-100,0,0,-100,-100,-100,0,0,-100,-100,-100,0,0,25,74,-100,0,0,-100,-100,-100,0,0,-100,-100,-100,0,0,-100,-100,-100,0,0,-100,-100,-100,0,0,-100,-100,-100,0,0,-100,-100,-100,0,0,-100,-100,-100,0,0,-100,-100,-100,0,0,13,87,-100,0,0,-100,-100,-100,0,0,-100,-100,-100,0,0,-100,-100,-100,0,0,-100,-100,-100,0,0,-100,-100,-100,0,0,-100,-100,-100,0,0,-100,-100,-100,0,0,25,75,-100,0,0,-100,-100,-100,0,0,-100,-100,-100,0,0,-100,-100,-100,0,0,-100,-100,-100,0,0,-100,-100,-100,0,0,-100,-100,-100,0,0,-100,-100,-100,0,0,-100,-100,-100,0,0,-100,-100,-100,0
3,0,25,74,-100,0,0,-100,-100,-100,0,0,-100,-100,-100,0,0,-100,-100,-100,0,0,-100,-100,-100,0,0,-100,-100,-100,0,0,-100,-100,-100,0,0,-100,-100,-100,0,0,-100,-100,-100,0,0,13,87,-100,0,0,-100,-100,-100,0,0,-100,-100,-100,0,0,-100,-100,-100,0,0,-100,-100,-100,0,0,-100,-100,-100,0,0,-100,-100,-100,0,0,-100,-100,-100,0,0,25,75,-100,0,0,-100,-100,-100,0,0,-100,-100,-100,0,0,-100,-100,-100,0,0,-100,-100,-100,0,0,-100,-100,-100,0,0,-100,-100,-100,0,0,-100,-100,-100,0,0,-100,-100,-100,0,0,-100,-100,-100,0,0,-100,-100,-100,0,0,-100,-100,-100,0,0,-100,-100,-100,0,0,-100,-100,-100,0,0,-100,-100,-100,0,0,-100,-100,-100,0,0,-100,-100,-100,0,0,-100,-100,-100,0,5,0,25,74,-100,0,0,-100,-100,-100,0,0,-100,-100,-100,0,0,-100,-100,-100,0,0,-100,-100,-100,0,0,-100,-100,-100,0,0,-100,-100,-100,0,0,-100,-100,-100,0,0,-100,-100,-100,0,0,13,87,-100,0,0,-100,-100,-100,0,0,-100,-100,-100,0,0,-100,-100,-100,0,0,-100,-100,-100,0,0,-100,-100,-100,0,0,-100,-100,-100,0,0,-100,-100,-100,0,0,13,87,-100,0,0,-100,-100,-100,0,0,-100,-100,-100,0,0,-100,-100,-100,0,0,-100,-100,-100,0,0,-100,-100,-100,0,0,-100,-100,-100,0,0,-100,-100,-100,0,0,-100,-100,-100,0,0,-100,-100,-100,0,0,-100,-100,-100,0,0,-100,-100,-100,0,0,-100,-100,-100,0,0,-100,-100,-100,0,0,-100,-100,-100,0,0,-100,-100,-100,0,0,-100,-100,-100,0,0,-100,-100,-100,0
0,0,-100,-100,-100,0,0,-100,-100,-100,0,0,-100,-100,-100,0,0,-100,-100,-100,0,0,-100,-100,-100,0,0,-100,-100,-100,0,0,-100,-100,-100,0,0,-100,-100,-100,0,0,-100,-100,-100,0,0,-100,-100,-100,0,0,-100,-100,-100,0,0,-100,-100,-100,0,0,-100,-100,-100,0,0,-100,-100,-100,0,0,-100,-100,-100,0,0,-100,-100,-100,0,0,-100,-100,-100,0,0,13,87,-100,0,0,-100,-100,-100,0,0,-100,-100,-100,0,0,-100,-100,-100,0,0,-100,-100,-100,0,0,-100,-100,-100,0,0,-100,-100,-100,0,0,25,74,-100,0,0,-100,-100,-100,0,0,-100,-100,-100,0,0,-100,-100,-100,0,0,-100,-100,-100,0,0,-100,-100,-100,0,0,-100,-100,-100,0,0,-100,-100,-100,0,0,-100,-100,-100,0,0,13,87,-100,0,0,-100,-100,-100,0,5,0,-100,-100,-100,0,0,-100,-100,-100,0,0,-100,-100,-100,0,0,-100,-100,-100,0,0,-100,-100,-100,0,0,-100,-100,-100,0,0,-100,-100,-100,0,0,-100,-100,-100,0,0,-100,-100,-100,0,0,-100,-100,-100,0,0,-100,-100,-100,0,0,-100,-100,-100,0,0,-100,-100,-100,0,0,-100,-100,-100,0,0,-100,-100,-100,0,0,-100,-100,-100,0,0,-100,-100,-100,0,0,7,93,-100,0,0,-100,-100,-100,0,0,-100,-100,-100,0,0,-100,-100,-100,0,0,-100,-100,-100,0,0,-100,-100,-100,0,0,-100,-100,-100,0,0,25,74,-100,0,0,-100,-100,-100,0,0,-100,-100,-100,0,0,-100,-100,-100,0,0,-100,-100,-100,0,0,-100,-100,-100,0,0,-100,-100,-100,0,0,-100,-100,-100,0,0,-100,-100,-100,0,0,13,87,-100,0,0,-100,-100,-100,0
1,0,-100,-100,-100,0,0,-100,-100,-100,0,0,-100,-100,-100,0,0,-100,-100,-100,0,0,-100,-100,-100,0,0,-100,-100,-100,0,0,-100,-100,-100,0,0,-100,-100,-100,0,0,-100,-100,-100,0,0,-100,-100,-100,0,0,7,93,-100,0,0,-100,-100,-100,0,0,-100,-100,-100,0,0,-100,-100,-100,0,0,-100,-100,-100,0,0,-100,-100,-100,0,0,-100,-100,-100,0,0,25,74,-100,0,0,-100,-100,-100,0,0,-100,-100,-100,0,0,-100,-100,-100,0,0,-100,-100,-100,0,0,-100,-100,-100,0,0,-100,-100,-100,0,0,-100,-100,-100,0,0,-100,-100,-100,0,0,13,87,-100,0,0,-100,-100,-100,0,0,-100,-100,-100,0,0,-100,-100,-100,0,0,-100,-100,-100,0,0,-100,-100,-100,0,0,-100,-100,-100,0,0,-100,-100,-100,0,0,13,87,-100,0,5,0,-100,-100,-100,0,0,-100,-100,-100,0,0,-100,-100,-100,0,0,-100,-100,-100,0,0,-100,-100,-100,0,0,-100,-100,-100,0,0,-100,-100,-100,0,0,-100,-100,-100,0,0,-100,-100,-100,0,0,-100,-100,-100,0,0,7,93,-100,0,0,-100,-100,-100,0,0,-100,-100,-100,0,0,-100,-100,-100,0,0,-100,-100,-100,0,0,-100,-100,-100,0,0,-100,-100,-100,0,0,13,86,-100,0,0,-100,-100,-100,0,0,-100,-100,-100,0,0,-100,-100,-100,0,0,-100,-100,-100,0,0,-100,-100,-100,0,0,-100,-100,-100,0,0,-100,-100,-100,0,0,-100,-100,-100,0,0,13,87,-100,0,0,-100,-100,-100,0,0,-100,-100,-100,0,0,-100,-100,-100,0,0,-100,-100,-100,0,0,-100,-100,-100,0,0,-100,-100,-100,0,0,-100,-100,-100,0,0,13,87,-100,0
2,0,-100,-100,-100,0,0,7,93,-100,0,0,-100,-100,-100,0,0,-100,-100,-100,0,0,-100,-100,-100,0,0,-100,-100,-100,0,0,-100,-100,-100,0,0,-100,-100,-100,0,0,13,86,-100,0,0,-100,-100,-100,0,0,-100,-100,-100,0,0,-100,-100,-100,0,0,-100,-100,-100,0,0,-100,-100,-100,0,0,-100,-100,-100,0,0,-100,-100,-100,0,0,-100,-100,-100,0,0,13,87,-100,0,0,-100,-100,-100,0,0,-100,-100,-100,0,0,-100,-100,-100,0,0,-100,-100,-100,0,0,-100,-100,-100,0,0,-100,-100,-100,0,0,-100,-100,-100,0,0,13,87,-100,0,0,-100,-100,-100,0,0,-100,-100,-100,0,0,-100,-100,-100,0,0,-100,-100,-100,0,0,-100,-100,-100,0,0,-100,-100,-100,0,0,-100,-100,-100,0,0,-100,-100,-100,0,0,-100,-100,-100,0,5,0,-100,-100,-100,0,0,7,93,-100,0,0,-100,-100,-100,0,0,-100,-100,-100,0,0,-100,-100,-100,0,0,-100,-100,-100,0,0,-100,-100,-100,0,0,-100,-100,-100,0,0,13,86,-100,0,0,-100,-100,-100,0,0,-100,-100,-100,0,0,-100,-100,-100,0,0,-100,-100,-100,0,0,-100,-100,-100,0,0,-100,-100,-100,0,0,-100,-100,-100,0,0,-100,-100,-100,0,0,7,93,-100,0,0,-100,-100,-100,0,0,-100,-100,-100,0,0,-100,-100,-100,0,0,-100,-100,-100,0,0,-100,-100,-100,0,0,-100,-100,-100,0,0,-100,-100,-100,0,0,13,87,-100,0,0,-100,-100,-100,0,0,-100,-100,-100,0,0,-100,-100,-100,0,0,-100,-100,-100,0,0,-100,-100,-100,0,0,-100,-100,-100,0,0,-100,-100,-100,0,0,-100,-100,-100,0,0,-100,-100,-100,0
3,0,13,86,-100,0,0,-100,-100,-100,0,0,-100,-100,-100,0,0,-100,-100,-100,0,0,-100,-100,-100,0,0,-100,-100,-100,0,0,-100,-100,-100,0,0,-100,-100,-100,0,0,-100,-100,-100,0,0,7,93,-100,0,0,-100,-100,-100,0,0,-100,-100,-100,0,0,-100,-100,-100,0,0,-100,-100,-100,0,0,-100,-100,-100,0,0,-100,-100,-100,0,0,-100,-100,-100,0,0,13,87,-100,0,0,-100,-100,-100,0,0,-100,-100,-100,0,0,-100,-100,-100,0,0,-100,-100,-100,0,0,-100,-100,-100,0,0,-100,-100,-100,0,0,-100,-100,-100,0,0,-100,-100,-100,0,0,-100,-100,-100,0,0,-100,-100,-100,0,0,-100,-100,-100,0,0,-100,-100,-100,0,0,-100,-100,-100,0,0,-100,-100,-100,0,0,-100,-100,-100,0,0,-100,-100,-100,0,0,-100,-100,-100,0,5,0,13,86,-100,0,0,-100,-100,-100,0,0,-100,-100,-100,0,0,-100,-100,-100,0,0,-100,-100,-100,0,0,-100,-100,-100,0,0,-100,-100,-100,0,0,-100,-100,-100,0,0,-100,-100,-100,0,0,7,93,-100,0,0,-100,-100,-100,0,0,-100,-100,-100,0,0,-100,-100,-100,0,0,-100,-100,-100,0,0,-100,-100,-100,0,0,-100,-100,-100,0,0,-100,-100,-100,0,0,7,93,-100,0,0,-100,-100,-100,0,0,-100,-100,-100,0,0,-100,-100,-100,0,0,-100,-100,-100,0,0,-100,-100,-100,0,0,-100,-100,-100,0,0,-100,-100,-100,0,0,-100,-100,-100,0,0,-100,-100,-100,0,0,-100,-100,-100,0,0,-100,-100,-100,0,0,-100,-100,-100,0,0,-100,-100,-100,0,0,-100,-100,-100,0,0,-100,-100,-100,0,0,-100,-100,-100,0,0,-100,-100,-100,0
0,0,-100,-100,-100,0,0,-100,-100,-100,0,0,-100,-100,-100,0,0,-100,-100,-100,0,0,-100,-100,-100,0,0,-100,-100,-100,0,0,-100,-100,-100,0,0,-100,-100,-100,0,0,-100,-100,-100,0,0,-100,-100,-100,0,0,-100,-100,-100,0,0,-100,-100,-100,0,0,-100,-100,-100,0,0,-100,-100,-100,0,0,-100,-100,-100,0,0,-100,-100,-100,0,0,-100,-100,-100,0,0,7,93,-100,0,0,-100,-100,-100,0,0,-100,-100,-100,0,0,-100,-100,-100,0,0,-100,-100,-100,0,0,-100,-100,-100,0,0,-100,-100,-100,0,0,13,86,-100,0,0,-100,-100,-100,0,0,-100,-100,-100,0,0,-100,-100,-100,0,0,-100,-100,-100,0,0,-100,-100,-100,0,0,-100,-100,-100,0,0,-100,-100,-100,0,0,-100,-100,-100,0,0,7,93,-100,0,0,-100,-100,-100,0,5,0,-100,-100,-100,0,0,-100,-100,-100,0,0,-100,-100,-100,0,0,-100,-100,-100,0,0,-100,-100,-100,0,0,-100,-100,-100,0,0,-100,-100,-100,0,0,-100,-100,-100,0,0,-100,-100,-100,0,0,-100,-100,-100,0,0,-100,-100,-100,0,0,-100,-100,-100,0,0,-100,-100,-100,0,0,-100,-100,-100,0,0,-100,-100,-100,0,0,-100,-100,-100,0,0,-100,-100,-100,0,0,4,96,-100,0,0,-100,-100,-100,0,0,-100,-100,-100,0,0,-100,-100,-100,0,0,-100,-100,-100,0,0,-100,-100,-100,0,0,-100,-100,-100,0,0,13,86,-100,0,0,-100,-100,-100,0,0,-100,-100,-100,0,0,-100,-100,-100,0,0,-100,-100,-100,0,0,-100,-100,-100,0,0,-100,-100,-100,0,0,-100,-100,-100,0,0,-100,-100,-100,0,0,7,93,-100,0,0,-100,-100,-100,0
1,0,-100,-100,-100,0,0,-100,-100,-100,0,0,-100,-100,-100,0,0,-100,-100,-100,0,0,-100,-100,-100,0,0,-100,-100,-100,0,0,-100,-100,-100,0,0,-100,-100,-100,0,0,-100,-100,-100,0,0,-100,-100,-100,0,0,4,96,-100,0,0,-100,-100,-100,0,0,-100,-100,-100,0,0,-100,-100,-100,0,0,-100,-100,-100,0,0,-100,-100,-100,0,0,-100,-100,-100,0,0,13,86,-100,0,0,-100,-100,-100,0,0,-100,-100,-100,0,0,-100,-100,-100,0,0,-100,-100,-100,0,0,-100,-100,-100,0,0,-100,-100,-100,0,0,-100,-100,-100,0,0,-100,-100,-100,0,0,7,93,-100,0,0,-100,-100,-100,0,0,-100,-100,-100,0,0,-100,-100,-100,0,0,-100,-100,-100,0,0,-100,-100,-100,0,0,-100,-100,-100,0,0,-100,-100,-100,0,0,7,93,-100,0,5,0,-100,-100,-100,0,0,-100,-100,-100,0,0,-100,-100,-100,0,0,-100,-100,-100,0,0,-100,-100,-100,0,0,-100,-100,-100,0,0,-100,-100,-100,0,0,-100,-100,-100,0,0,-100,-100,-100,0,0,-100,-100,-100,0,0,4,96,-100,0,0,-100,-100,-100,0,0,-100,-100,-100,0,0,-100,-100,-100,0,0,-100,-100,-100,0,0,-100,-100,-100,0,0,-100,-100,-100,0,0,7,92,-100,0,0,-100,-100,-100,0,0,-100,-100,-100,0,0,-100,-100,-100,0,0,-100,-100,-100,0,0,-100,-100,-100,0,0,-100,-100,-100,0,0,-100,-100,-100,0,0,-100,-100,-100,0,0,7,93,-100,0,0,-100,-100,-100,0,0,-100,-100,-100,0,0,-100,-100,-100,0,0,-100,-100,-100,0,0,-100,-100,-100,0,0,-100,-100,-100,0,0,-100,-100,-100,0,0,7,93,-100,0
2,0,-100,-100,-100,0,0,4,96,-100,0,0,-100,-100,-100,0,0,-100,-100,-100,0,0,-100,-100,-100,0,0,-100,-100,-100,0,0,-100,-100,-100,0,0,-100,-100,-100,0,0,7,92,-100,0,0,-100,-100,-100,0,0,-100,-100,-100,0,0,-100,-100,-100,0,0,-100,-100,-100,0,0,-100,-100,-100,0,0,-100,-100,-100,0,0,-100,-100,-100,0,0,-100,-100,-100,0,0,7,93,-100,0,0,-100,-100,-100,0,0,-100,-100,-100,0,0,-100,-100,-100,0,0,-100,-100,-100,0,0,-100,-100,-100,0,0,-100,-100,-100,0,0,-100,-100,-100,0,0,7,93,-100,0,0,-100,-100,-100,0,0,-100,-100,-100,0,0,-100,-100,-100,0,0,-100,-100,-100,0,0,-100,-100,-100,0,0,-100,-100,-100,0,0,-100,-100,-100,0,0,-100,-100,-100,0,0,-100,-100,-100,0,5,0,-100,-100,-100,0,0,4,96,-100,0,0,-100,-100,-100,0,0,-100,-100,-100,0,0,-100,-100,-100,0,0,-100,-100,-100,0,0,-100,-100,-100,0,0,-100,-100,-100,0,0,7,92,-100,0,0,-100,-100,-100,0,0,-100,-100,-100,0,0,-100,-100,-100,0,0,-100,-100,-100,0,0,-100,-100,-100,0,0,-100,-100,-100,0,0,-100,-100,-100,0,0,-100,-100,-100,0,0,4,96,-100,0,0,-100,-100,-100,0,0,-100,-100,-100,0,0,-100,-100,-100,0,0,-100,-100,-100,0,0,-100,-100,-100,0,0,-100,-100,-100,0,0,-100,-100,-100,0,0,7,93,-100,0,0,-100,-100,-100,0,0,-100,-100,-100,0,0,-100,-100,-100,0,0,-100,-100,-100,0,0,-100,-100,-100,0,0,-100,-100,-100,0,0,-100,-100,-100,0,0,-100,-100,-100,0,0,-100,-100,-100,0
3,0,7,92,-100,0,0,-100,-100,-100,0,0,-100,-100,-100,0,0,-100,-100,-100,0,0,-100,-100,-100,0,0,-100,-100,-100,0,0,-100,-100,-100,0,0,-100,-100,-100,0,0,-100,-100,-100,0,0,4,96,-100,0,0,-100,-100,-100,0,0,-100,-100,-100,0,0,-100,-100,-100,0,0,-100,-100,-100,0,0,-100,-100,-100,0,0,-100,-100,-100,0,0,-100,-100,-100,0,0,7,93,-100,0,0,-100,-100,-100,0,0,-100,-100,-100,0,0,-100,-100,-100,0,0,-100,-100,-100,0,0,-100,-100,-100,0,0,-100,-100,-100,0,0,-100,-100,-100,0,0,-100,-100,-100,0,0,-100,-100,-100,0,0,-100,-100,-100,0,0,-100,-100,-100,0,0,-100,-100,-100,0,0,-100,-100,-100,0,0,-100,-100,-100,0,0,-100,-100,-100,0,0,-100,-100,-100,0,0,-100,-100,-100,0,5,0,7,92,-100,0,0,-100,-100,-100,0,0,-100,-100,-100,0,0,-100,-100,-100,0,0,-100,-100,-100,0,0,-100,-100,-100,0,0,-100,-100,-100,0,0,-100,-100,-100,0,0,-100,-100,-100,0,0,4,96,-100,0,0,-100,-100,-100,0,0,-100,-100,-100,0,0,-100,-100,-100,0,0,-100,-100,-100,0,0,-100,-100,-100,0,0,-100,-100,-100,0,0,-100,-100,-100,0,0,4,96,-100,0,0,-100,-100,-100,0,0,-100,-100,-100,0,0,-100,-100,-100,0,0,-100,-100,-100,0,0,-100,-100,-100,0,0,-100,-100,-100,0,0,-100,-100,-100,0,0,-100,-100,-100,0,0,-100,-100,-100,0,0,-100,-100,-100,0,0,-100,-100,-100,0,0,-100,-100,-100,0,0,-100,-100,-100,0,0,-100,-100,-100,0,0,-100,-100,-100,0,0,-100,-100,-100,0,0,-100,-100,-100,0
0,0,-100,-100,-100,0,0,-100,-100,-100,0,0,-100,-100,-100,0,0,-100,-100,-100,0,0,-100,-100,-100,0,0,-100,-100,-100,0,0,-100,-100,-100,0,0,-100,-100,-100,0,0,-100,-100,-100,0,0,-100,-100,-100,0,0,-100,-100,-100,0,0,-100,-100,-100,0,0,-100,-100,-100,0,0,-100,-100,-100,0,0,-100,-100,-100,0,0,-100,-100,-100,0,0,-100,-100,-100,0,0,4,96,-100,0,0,-100,-100,-100,0,0,-100,-100,-100,0,0,-100,-100,-100,0,0,-100,-100,-100,0,0,-100,-100,-100,0,0,-100,-100,-100,0,0,7,92,-100,0,0,-100,-100,-100,0,0,-100,-100,-100,0,0,-100,-100,-100,0,0,-100,-100,-100,0,0,-100,-100,-100,0,0,-100,-100,-100,0,0,-100,-100,-100,0,0,-100,-100,-100,0,0,4,96,-100,0,0,-100,-100,-100,0,5,0,-100,-100,-100,0,0,-100,-100,-100,0,0,-100,-100,-100,0,0,-100,-100,-100,0,0,-100,-100,-100,0,0,-100,-100,-100,0,0,-100,-100,-100,0,0,-100,-100,-100,0,0,-100,-100,-100,0,0,-100,-100,-100,0,0,-100,-100,-100,0,0,-100,-100,-100,0,0,-100,-100,-100,0,0,-100,-100,-100,0,0,-100,-100,-100,0,0,-100,-100,-100,0,0,-100,-100,-100,0,0,2,98,-100,0,0,-100,-100,-100,0,0,-100,-100,-100,0,0,-100,-100,-100,0,0,-100,-100,-100,0,0,-100,-100,-100,0,0,-100,-100,-100,0,0,7,92,-100,0,0,-100,-100,-100,0,0,-100,-100,-100,0,0,-100,-100,-100,0,0,-100,-100,-100,0,0,-100,-100,-100,0,0,-100,-100,-100,0,0,-100,-100,-100,0,0,-100,-100,-100,0,0,4,96,-100,0,0,-100,-100,-100,0
1,0,-100,-100,-100,0,0,-100,-100,-100,0,0,-100,-100,-100,0,0,-100,-100,-100,0,0,-100,-100,-100,0,0,-100,-100,-100,0,0,-100,-100,-100,0,0,-100,-100,-100,0,0,-100,-100,-100,0,0,-100,-100,-100,0,0,2,98,-100,0,0,-100,-100,-100,0,0,-100,-100,-100,0,0,-100,-100,-100,0,0,-100,-100,-100,0,0,-100,-100,-100,0,0,-100,-100,-100,0,0,7,92,-100,0,0,-100,-100,-100,0,0,-100,-100,-100,0,0,-100,-100,-100,0,0,-100,-100,-100,0,0,-100,-100,-100,0,0,-100,-100,-100,0,0,-100,-100,-100,0,0,-100,-100,-100,0,0,4,96,-100,0,0,-100,-100,-100,0,0,-100,-100,-100,0,0,-100,-100,-100,0,0,-100,-100,-100,0,0,-100,-100,-100,0,0,-100,-100,-100,0,0,-100,-100,-100,0,0,4,96,-100,0,5,0,-100,-100,-100,0,0,-100,-100,-100,0,0,-100,-100,-100,0,0,-100,-100,-100,0,0,-100,-100,-100,0,0,-100,-100,-100,0,0,-100,-100,-100,0,0,-100,-100,-100,0,0,-100,-100,-100,0,0,-100,-100,-100,0,0,2,98,-100,0,0,-100,-100,-100,0,0,-100,-100,-100,0,0,-100,-100,-100,0,0,-100,-100,-100,0,0,-100,-100,-100,0,0,-100,-100,-100,0,0,4,95,-100,0,0,-100,-100,-100,0,0,-100,-100,-100,0,0,-100,-100,-100,0,0,-100,-100,-100,0,0,-100,-100,-100,0,0,-100,-100,-100,0,0,-100,-100,-100,0,0,-100,-100,-100,0,0,4,96,-100,0,0,-100,-100,-100,0,0,-100,-100,-100,0,0,-100,-100,-100,0,0,-100,-100,-100,0,0,-100,-100,-100,0,0,-100,-100,-100,0,0,-100,-100,-100,0,0,4,96,-100,0
2,0,-100,-100,-100,0,0,2,98,-100,0,0,-100,-100,-100,0,0,-100,-100,-100,0,0,-100,-100,-100,0,0,-100,-100,-100,0,0,-100,-100,-100,0,0,-100,-100,-100,0,0,4,95,-100,0,0,-100,-100,-100,0,0,-100,-100,-100,0,0,-100,-100,-100,0,0,-100,-100,-100,0,0,-100,-100,-100,0,0,-100,-100,-100,0,0,-100,-100,-100,0,0,-100,-100,-100,0,0,4,96,-100,0,0,-100,-100,-100,0,0,-100,-100,-100,0,0,-100,-100,-100,0,0,-100,-100,-100,0,0,-100,-100,-100,0,0,-100,-100,-100,0,0,-100,-100,-100,0,0,4,96,-100,0,0,-100,-100,-100,0,0,-100,-100,-100,0,0,-100,-100,-100,0,0,-100,-100,-100,0,0,-100,-100,-100,0,0,-100,-100,-100,0,0,-100,-100,-100,0,0,-100,-100,-100,0,0,-100,-100,-100,0,5,0,-100,-100,-100,0,0,2,98,-100,0,0,-100,-100,-100,0,0,-100,-100,-100,0,0,-100,-100,-100,0,0,-100,-100,-100,0,0,-100,-100,-100,0,0,-100,-100,-100,0,0,4,95,-100,0,0,-100,-100,-100,0,0,-100,-100,-100,0,0,-100,-100,-100,0,0,-100,-100,-100,0,0,-100,-100,-100,0,0,-100,-100,-100,0,0,-100,-100,-100,0,0,-100,-100,-100,0,0,2,98,-100,0,0,-100,-100,-100,0,0,-100,-100,-100,0,0,-100,-100,-100,0,0,-100,-100,-100,0,0,-100,-100,-100,0,0,-100,-100,-100,0,0,-100,-100,-100,0,0,4,96,-100,0,0,-100,-100,-100,0,0,-100,-100,-100,0,0,-100,-100,-100,0,0,-100,-100,-100,0,0,-100,-100,-100,0,0,-100,-100,-100,0,0,-100,-100,-100,0,0,-100,-100,-100,0,0,-100,-100,-100,0
3,0,4,95,-100,0,0,-100,-100,-100,0,0,-100,-100,-100,0,0,-100,-100,-100,0,0,-100,-100,-100,0,0,-100,-100,-100,0,0,-100,-100,-100,0,0,-100,-100,-100,0,0,-100,-100,-100,0,0,2,98,-100,0,0,-100,-100,-100,0,0,-100,-100,-100,0,0,-100,-100,-100,0,0,-100,-100,-100,0,0,-100,-100,-100,0,0,-100,-100,-100,0,0,-100,-100,-100,0,0,4,96,-100,0,0,-100,-100,-100,0,0,-100,-100,-100,0,0,-100,-100,-100,0,0,-100,-100,-100,0,0,-100,-100,-100,0,0,-100,-100,-100,0,0,-100,-100,-100,0,0,-100,-100,-100,0,0,-100,-100,-100,0,0,-100,-100,-100,0,0,-100,-100,-100,0,0,-100,-100,-100,0,0,-100,-100,-100,0,0,-100,-100,-100,0,0,-100,-100,-100,0,0,-100,-100,-100,0,0,-100,-100,-100,0,5,0,4,95,-100,0,0,-100,-100,-100,0,0,-100,-100,-100,0,0,-100,-100,-100,0,0,-100,-100,-100,0,0,-100,-100,-100,0,0,-100,-100,-100,0,0,-100,-100,-100,0,0,-100,-100,-100,0,0,2,98,-100,0,0,-100,-100,-100,0,0,-100,-100,-100,0,0,-100,-100,-100,0,0,-100,-100,-100,0,0,-100,-100,-100,0,0,-100,-100,-100,0,0,-100,-100,-100,0,0,2,98,-100,0,0,-100,-100,-100,0,0,-100,-100,-100,0,0,-100,-100,-100,0,0,-100,-100,-100,0,0,-100,-100,-100,0,0,-100,-100,-100,0,0,-100,-100,-100,0,0,-100,-100,-100,0,0,-100,-100,-100,0,0,-100,-100,-100,0,0,-100,-100,-100,0,0,-100,-100,-100,0,0,-100,-100,-100,0,0,-100,-100,-100,0,0,-100,-100,-100,0,0,-100,-100,-100,0,0,-100,-100,-100,0
0,0,-100,-100,-100,0,0,-100,-100,-100,0,0,-100,-100,-100,0,0,-100,-100,-100,0,0,-100,-100,-100,0,0,-100,-100,-100,0,0,-100,-100,-100,0,0,-100,-100,-100,0,0,-100,-100,-100,0,0,-100,-100,-100,0,0,-100,-100,-100,0,0,-100,-100,-100,0,0,-100,-100,-100,0,0,-100,-100,-100,0,0,-100,-100,-100,0,0,-100,-100,-100,0,0,-100,-100,-100,0,0,2,98,-100,0,0,-100,-100,-100,0,0,-100,-100,-100,0,0,-100,-100,-100,0,0,-100,-100,-100,0,0,-100,-100,-100,0,0,-100,-100,-100,0,0,4,95,-100,0,0,-100,-100,-100,0,0,-100,-100,-100,0,0,-100,-100,-100,0,0,-100,-100,-100,0,0,-100,-100,-100,0,0,-100,-100,-100,0,0,-100,-100,-100,0,0,-100,-100,-100,0,0,2,98,-100,0,0,-100,-100,-100,0,5,0,-100,-100,-100,0,0,-100,-100,-100,0,0,-100,-100,-100,0,0,-100,-100,-100,0,0,-100,-100,-100,0,0,-100,-100,-100,0,0,-100,-100,-100,0,0,-100,-100,-100,0,0,-100,-100,-100,0,0,-100,-100,-100,0,0,-100,-100,-100,0,0,-100,-100,-100,0,0,-100,-100,-100,0,0,-100,-100,-100,0,0,-100,-100,-100,0,0,-100,-100,-100,0,0,-100,-100,-100,0,0,1,99,-100,0,0,-100,-100,-100,0,0,-100,-100,-100,0,0,-100,-100,-100,0,0,-100,-100,-100,0,0,-100,-100,-100,0,0,-100,-100,-100,0,0,4,95,-100,0,0,-100,-100,-100,0,0,-100,-100,-100,0,0,-100,-100,-100,0,0,-100,-100,-100,0,0,-100,-100,-100,0,0,-100,-100,-100,0,0,-100,-100,-100,0,0,-100,-100,-100,0,0,2,98,-100,0,0,-100,-100,-100,0
1,0,-100,-100,-100,0,0,-100,-100,-100,0,0,-100,-100,-100,0,0,-100,-100,-100,0,0,-100,-100,-100,0,0,-100,-100,-100,0,0,-100,-100,-100,0,0,-100,-100,-100,0,0,-100,-100,-100,0,0,-100,-100,-100,0,0,1,99,-100,0,0,-100,-100,-100,0,0,-100,-100,-100,0,0,-100,-100,-100,0,0,-100,-100,-100,0,0,-100,-100,-100,0,0,-100,-100,-100,0,0,4,95,-100,0,0,-100,-100,-100,0,0,-100,-100,-100,0,0,-100,-100,-100,0,0,-100,-100,-100,0,0,-100,-100,-100,0,0,-100,-100,-100,0,0,-100,-100,-100,0,0,-100,-100,-100,0,0,2,98,-100,0,0,-100,-100,-100,0,0,-100,-100,-100,0,0,-100,-100,-100,0,0,-100,-100,-100,0,0,-100,-100,-100,0,0,-100,-100,-100,0,0,-100,-100,-100,0,0,2,98,-100,0,5,0,-100,-100,-100,0,0,-100,-100,-100,0,0,-100,-100,-100,0,0,-100,-100,-100,0,0,-100,-100,-100,0,0,-100,-100,-100,0,0,-100,-100,-100,0,0,-100,-100,-100,0,0,-100,-100,-100,0,0,-100,-100,-100,0,0,1,99,-100,0,0,-100,-100,-100,0,0,-100,-100,-100,0,0,-100,-100,-100,0,0,-100,-100,-100,0,0,-100,-100,-100,0,0,-100,-100,-100,0,0,2,97,-100,0,0,-100,-100,-100,0,0,-100,-100,-100,0,0,-100,-100,-100,0,0,-100,-100,-100,0,0,-100,-100,-100,0,0,-100,-100,-100,0,0,-100,-100,-100,0,0,-100,-100,-100,0,0,2,98,-100,0,0,-100,-100,-100,0,0,-100,-100,-100,0,0,-100,-100,-100,0,0,-100,-100,-100,0,0,-100,-100,-100,0,0,-100,-100,-100,0,0,-100,-100,-100,0,0,2,98,-100,0
2,0,-100,-100,-100,0,0,1,99,-100,0,0,-100,-100,-100,0,0,-100,-100,-100,0,0,-100,-100,-100,0,0,-100,-100,-100,0,0,-100,-100,-100,0,0,-100,-100,-100,0,0,2,97,-100,0,0,-100,-100,-100,0,0,-100,-100,-100,0,0,-100,-100,-100,0,0,-100,-100,-100,0,0,-100,-100,-100,0,0,-100,-100,-100,0,0,-100,-100,-100,0,0,-100,-100,-100,0,0,2,98,-100,0,0,-100,-100,-100,0,0,-100,-100,-100,0,0,-100,-100,-100,0,0,-100,-100,-100,0,0,-100,-100,-100,0,0,-100,-100,-100,0,0,-100,-100,-100,0,0,2,98,-100,0,0,-100,-100,-100,0,0,-100,-100,-100,0,0,-100,-100,-100,0,0,-100,-100,-100,0,0,-100,-100,-100,0,0,-100,-100,-100,0,0,-100,-100,-100,0,0,-100,-100,-100,0,0,-100,-100,-100,0,5,0,-100,-100,-100,0,0,1,99,-100,0,0,-100,-100,-100,0,0,-100,-100,-100,0,0,-100,-100,-100,0,0,-100,-100,-100,0,0,-100,-100,-100,0,0,-100,-100,-100,0,0,2,97,-100,0,0,-100,-100,-100,0,0,-100,-100,-100,0,0,-100,-100,-100,0,0,-100,-100,-100,0,0,-100,-100,-100,0,0,-100,-100,-100,0,0,-100,-100,-100,0,0,-100,-100,-100,0,0,1,99,-100,0,0,-100,-100,-100,0,0,-100,-100,-100,0,0,-100,-100,-100,0,0,-100,-100,-100,0,0,-100,-100,-100,0,0,-100,-100,-100,0,0,-100,-100,-100,0,0,2,98,-100,0,0,-100,-100,-100,0,0,-100,-100,-100,0,0,-100,-100,-100,0,0,-100,-100,-100,0,0,-100,-100,-100,0,0,-100,-100,-100,0,0,-100,-100,-100,0,0,-100,-100,-100,0,0,-100,-100,-100,0
3,0,2,97,-100,0,0,-100,-100,-100,0,0,-100,-100,-100,0,0,-100,-100,-100,0,0,-100,-100,-100,0,0,-100,-100,-100,0,0,-100,-100,-100,0,0,-100,-100,-100,0,0,-100,-100,-100,0,0,1,99,-100,0,0,-100,-100,-100,0,0,-100,-100,-100,0,0,-100,-100,-100,0,0,-100,-100,-100,0,0,-100,-100,-100,0,0,-100,-100,-100,0,0,-100,-100,-100,0,0,2,98,-100,0,0,-100,-100,-100,0,0,-100,-100,-100,0,0,-100,-100,-100,0,0,-100,-100,-100,0,0,-100,-100,-100,0,0,-100,-100,-100,0,0,-100,-100,-100,0,0,-100,-100,-100,0,0,-100,-100,-100,0,0,-100,-100,-100,0,0,-100,-100,-100,0,0,-100,-100,-100,0,0,-100,-100,-100,0,0,-100,-100,-100,0,0,-100,-100,-100,0,0,-100,-100,-100,0,0,-100,-100,-100,0,5,0,2,97,-100,0,0,-100,-100,-100,0,0,-100,-100,-100,0,0,-100,-100,-100,0,0,-100,-100,-100,0,0,-100,-100,-100,0,0,-100,-100,-100,0,0,-100,-100,-100,0,0,-100,-100,-100,0,0,1,99,-100,0,0,-100,-100,-100,0,0,-100,-100,-100,0,0,-100,-100,-100,0,0,-100,-100,-100,0,0,-100,-100,-100,0,0,-100,-100,-100,0,0,-100,-100,-100,0,0,1,99,-100,0,0,-100,-100,-100,0,0,-100,-100,-100,0,0,-100,-100,-100,0,0,-100,-100,-100,0,0,-100,-100,-100,0,0,-100,-100,-100,0,0,-100,-100,-100,0,0,-100,-100,-100,0,0,-100,-100,-100,0,0,-100,-100,-100,0,0,-100,-100,-100,0,0,-100,-100,-100,0,0,-100,-100,-100,0,0,-100,-100,-100,0,0,-100,-100,-100,0,0,-100,-100,-100,0,0,-100,-100,-100,0
0,0,-100,-100,-100,0,0,-100,-100,-100,0,0,-100,-100,-100,0,0,-100,-100,-100,0,0,-100,-100,-100,0,0,-100,-100,-100,0,0,-100,-100,-100,0,0,-100,-100,-100,0,0,-100,-100,-100,0,0,-100,-100,-100,0,0,-100,-100,-100,0,0,-100,-100,-100,0,0,-100,-100,-100,0,0,-100,-100,-100,0,0,-100,-100,-100,0,0,-100,-100,-100,0,0,-100,-100,-100,0,0,1,99,-100,0,0,-100,-100,-100,0,0,-100,-100,-100,0,0,-100,-100,-100,0,0,-100,-100,-100,0,0,-100,-100,-100,0,0,-100,-100,-100,0,0,2,97,-100,0,0,-100,-100,-100,0,0,-100,-100,-100,0,0,-100,-100,-100,0,0,-100,-100,-100,0,0,-100,-100,-100,0,0,-100,-100,-100,0,0,-100,-100,-100,0,0,-100,-100,-100,0,0,1,99,-100,0,0,-100,-100,-100,0,2,0,-100,-100,-100,0,0,-100,-100,-100,0,0,-100,-100,-100,0,0,-100,-100,-100,0,0,-100,-100,-100,0,0,-100,-100,-100,0,0,-100,-100,-100,0,0,-100,-100,-100,0,0,-100,-100,-100,0,0,-100,-100,-100,0,0,-100,-100,-100,0,0,-100,-100,-100,0,0,-100,-100,-100,0,0,-100,-100,-100,0,0,-100,-100,-100,0,0,-100,-100,-100,0,0,-100,-100,-100,0,0,0,99,-100,0,0,-100,-100,-100,0,0,-100,-100,-100,0,0,-100,-100,-100,0,0,-100,-100,-100,0,0,-100,-100,-100,0,0,2,97,-100,0,0,-100,-100,-100,0,0,-100,-100,-100,0,0,-100,-100,-100,0,0,-100,-100,-100,0,0,-100,-100,-100,0,0,-100,-100,-100,0,0,-100,-100,-100,0,0,-100,-100,-100,0,0,1,99,-100,0,0,-100,-100,-100,0,0,-100,-100,-100,0
1,0,-100,-100,-100,0,0,-100,-100,-100,0,0,-100,-100,-100,0,0,-100,-100,-100,0,0,-100,-100,-100,0,0,-100,-100,-100,0,0,-100,-100,-100,0,0,-100,-100,-100,0,0,-100,-100,-100,0,0,-100,-100,-100,0,0,-100,-100,-100,0,0,0,99,-100,0,0,-100,-100,-100,0,0,-100,-100,-100,0,0,-100,-100,-100,0,0,-100,-100,-100,0,0,-100,-100,-100,0,0,2,97,-100,0,0,-100,-100,-100,0,0,-100,-100,-100,0,0,-100,-100,-100,0,0,-100,-100,-100,0,0,-100,-100,-100,0,0,-100,-100,-100,0,0,-100,-100,-100,0,0,-100,-100,-100,0,0,1,99,-100,0,0,-100,-100,-100,0,0,-100,-100,-100,0,0,-100,-100,-100,0,0,-100,-100,-100,0,0,-100,-100,-100,0,0,-100,-100,-100,0,0,-100,-100,-100,0,0,1,99,-100,0,5,0,-100,-100,-100,0,0,-100,-100,-100,0,0,-100,-100,-100,0,0,-100,-100,-100,0,0,-100,-100,-100,0,0,-100,-100,-100,0,0,-100,-100,-100,0,0,-100,-100,-100,0,0,-100,-100,-100,0,0,-100,-100,-100,0,0,-100,-100,-100,0,0,0,99,-100,0,0,-100,-100,-100,0,0,-100,-100,-100,0,0,-100,-100,-100,0,0,-100,-100,-100,0,0,-100,-100,-100,0,0,1,98,-100,0,0,-100,-100,-100,0,0,-100,-100,-100,0,0,-100,-100,-100,0,0,-100,-100,-100,0,0,-100,-100,-100,0,0,-100,-100,-100,0,0,-100,-100,-100,0,0,-100,-100,-100,0,0,1,99,-100,0,0,-100,-100,-100,0,0,-100,-100,-100,0,0,-100,-100,-100,0,0,-100,-100,-100,0,0,-100,-100,-100,0,0,-100,-100,-100,0,0,-100,-100,-100,0,0,1,99,-100,0
2,0,-100,-100,-100,0,0,-100,-100,-100,0,0,0,99,-100,0,0,-100,-100,-100,0,0,-100,-100,-100,0,0,-100,-100,-100,0,0,-100,-100,-100,0,0,-100,-100,-100,0,0,1,98,-100,0,0,-100,-100,-100,0,0,-100,-100,-100,0,0,-100,-100,-100,0,0,-100,-100,-100,0,0,-100,-100,-100,0,0,-100,-100,-100,0,0,-100,-100,-100,0,0,-100,-100,-100,0,0,1,99,-100,0,0,-100,-100,-100,0,0,-100,-100,-100,0,0,-100,-100,-100,0,0,-100,-100,-100,0,0,-100,-100,-100,0,0,-100,-100,-100,0,0,-100,-100,-100,0,0,1,99,-100,0,0,-100,-100,-100,0,0,-100,-100,-100,0,0,-100,-100,-100,0,0,-100,-100,-100,0,0,-100,-100,-100,0,0,-100,-100,-100,0,0,-100,-100,-100,0,0,-100,-100,-100,0,0,-100,-100,-100,0,0,0,-100,-100,-100,0,0,1,98,-100,0,0,-100,-100,-100,0,0,-100,-100,-100,0,0,-100,-100,-100,0,0,-100,-100,-100,0,0,-100,-100,-100,0,0,-100,-100,-100,0,0,-100,-100,-100,0,0,-100,-100,-100,0,0,-100,-100,-100,0,0,-100,-100,-100,0,0,-100,-100,-100,0,0,-100,-100,-100,0,0,-100,-100,-100,0,0,-100,-100,-100,0,0,-100,-100,-100,0,0,0,99,-100,0,0,1,99,-100,0,0,-100,-100,-100,0,0,-100,-100,-100,0,0,-100,-100,-100,0,0,-100,-100,-100,0,0,-100,-100,-100,0,0,-100,-100,-100,0,0,-100,-100,-100,0,0,-100,-100,-100,0,0,-100,-100,-100,0,0,-100,-100,-100,0,0,-100,-100,-100,0,0,-100,-100,-100,0,0,-100,-100,-100,0,0,-100,-100,-100,0,0,-100,-100,-100,0,0,-100,-100,-100,0
3,0,1,98,-100,0,0,-100,-100,-100,0,0,-100,-100,-100,0,0,-100,-100,-100,0,0,-100,-100,-100,0,0,-100,-100,-100,0,0,-100,-100,-100,0,0,-100,-100,-100,0,0,-100,-100,-100,0,0,-100,-100,-100,0,0,-100,-100,-100,0,0,-100,-100,-100,0,0,-100,-100,-100,0,0,-100,-100,-100,0,0,-100,-100,-100,0,0,-100,-100,-100,0,0,0,99,-100,0,0,1,99,-100,0,0,-100,-100,-100,0,0,-100,-100,-100,0,0,-100,-100,-100,0,0,-100,-100,-100,0,0,-100,-100,-100,0,0,-100,-100,-100,0,0,-100,-100,-100,0,0,-100,-100,-100,0,0,-100,-100,-100,0,0,-100,-100,-100,0,0,-100,-100,-100,0,0,-100,-100,-100,0,0,-100,-100,-100,0,0,-100,-100,-100,0,0,-100,-100,-100,0,0,-100,-100,-100,0,0,-100,-100,-100,0,1,0,-100,-100,-100,0,0,0,99,-100,0,0,-100,-100,-100,0,0,-100,-100,-100,0,0,-100,-100,-100,0,0,-100,-100,-100,0,0,-100,-100,-100,0,0,1,98,-100,0,0,-100,-100,-100,0,0,-100,-100,-100,0,0,-100,-100,-100,0,0,-100,-100,-100,0,0,-100,-100,-100,0,0,-100,-100,-100,0,0,-100,-100,-100,0,0,-100,-100,-100,0,0,-100,-100,-100,0,0,0,99,-100,0,0,-100,-100,-100,0,0,-100,-100,-100,0,0,-100,-100,-100,0,0,-100,-100,-100,0,0,-100,-100,-100,0,0,0,99,-100,0,0,-100,-100,-100,0,0,-100,-100,-100,0,0,-100,-100,-100,0,0,-100,-100,-100,0,0,-100,-100,-100,0,0,-100,-100,-100,0,0,-100,-100,-100,0,0,-100,-100,-100,0,0,-100,-100,-100,0,0,-100,-100,-100,0,0,-100,-100,-100,0
1,0,-100,-100,-100,0,0,-100,-100,-100,0,0,-100,-100,-100,0,0,-100,-100,-100,0,0,-100,-100,-100,0,0,-100,-100,-100,0,0,-100,-100,-100,0,0,-100,-100,-100,0,0,-100,-100,-100,0,0,-100,-100,-100,0,0,-100,-100,-100,0,0,0,99,-100,0,0,-100,-100,-100,0,0,-100,-100,-100,0,0,-100,-100,-100,0,0,-100,-100,-100,0,0,-100,-100,-100,0,0,1,98,-100,0,0,-100,-100,-100,0,0,-100,-100,-100,0,0,-100,-100,-100,0,0,-100,-100,-100,0,0,-100,-100,-100,0,0,-100,-100,-100,0,0,-100,-100,-100,0,0,-100,-100,-100,0,0,-100,-100,-100,0,0,0,99,-100,0,0,-100,-100,-100,0,0,-100,-100,-100,0,0,-100,-100,-100,0,0,-100,-100,-100,0,0,-100,-100,-100,0,0,0,99,-100,0,0,-100,-100,-100,0,2,0,-100,-100,-100,0,0,-100,-100,-100,0,0,-100,-100,-100,0,0,-100,-100,-100,0,0,-100,-100,-100,0,0,-100,-100,-100,0,0,-100,-100,-100,0,0,-100,-100,-100,0,0,-100,-100,-100,0,0,-100,-100,-100,0,0,0,99,-100,0,0,-100,-100,-100,0,0,-100,-100,-100,0,0,-100,-100,-100,0,0,-100,-100,-100,0,0,-100,-100,-100,0,0,-100,-100,-100,0,0,0,98,-100,0,0,-100,-100,-100,0,0,-100,-100,-100,0,0,-100,-100,-100,0,0,-100,-100,-100,0,0,-100,-100,-100,0,0,-100,-100,-100,0,0,-100,-100,-100,0,0,-100,-100,-100,0,0,0,99,-100,0,0,-100,-100,-100,0,0,-100,-100,-100,0,0,-100,-100,-100,0,0,-100,-100,-100,0,0,-100,-100,-100,0,0,0,99,-100,0,0,-100,-100,-100,0,0,-100,-100,-100,0
